selection_rank,sample_id,submission_pseudo_id,prompt_id,parent_group_id,speaker_pseudo_id,prompt_text_hash,original_prompt_text_hash
1,voxforge_ru_mdc_2026_05:submission:3dea5d802a71a74e87e54b66af8a7f935578da4d5d38dc0359d157b5cabfa6e0:prompt:ru_0080,3dea5d802a71a74e87e54b66af8a7f935578da4d5d38dc0359d157b5cabfa6e0,ru_0080,voxforge_ru_mdc_2026_05:contributor:9f685a32987464e00f5faf3324650398d9492b43484a7d2a9a54d2f89056568f,voxforge_ru_mdc_2026_05:contributor:9f685a32987464e00f5faf3324650398d9492b43484a7d2a9a54d2f89056568f,9927b4d18c75e34f81fcee14802dbe116e6612854e9555c06441beaf3dda9034,cc33a05ab85afee18b80b312d10e7bf0c27ba67af9309fd8415f3a3fa3ddd04a
2,voxforge_ru_mdc_2026_05:submission:697a2a42dc31e9e3220f40edaf5d74b04064217e330597d7a74418efe1a49618:prompt:ru_0034,697a2a42dc31e9e3220f40edaf5d74b04064217e330597d7a74418efe1a49618,ru_0034,voxforge_ru_mdc_2026_05:contributor:c40e4c3c9c34d7997660086ee88683b6644a2b55dce471ff6836c79a8f90a658,voxforge_ru_mdc_2026_05:contributor:c40e4c3c9c34d7997660086ee88683b6644a2b55dce471ff6836c79a8f90a658,9f67f74f3952768ae15d904ddb769dfa398f0e1ac789f9b6408b1f4bcda65ddf,5a88c1fcbaad9ae99152edf89319b70e8d8e94dd3e5d1da36b168dee2a5ead2e
3,voxforge_ru_mdc_2026_05:submission:bee37a2f7bcd17283dacea870beb65906c9c4221fa5d96ffb15186567f205565:prompt:ru_0093,bee37a2f7bcd17283dacea870beb65906c9c4221fa5d96ffb15186567f205565,ru_0093,voxforge_ru_mdc_2026_05:contributor:5eb709a5097590f988ff2f4716df24458f938e5f879c73b2e30a62915a190c20,voxforge_ru_mdc_2026_05:contributor:5eb709a5097590f988ff2f4716df24458f938e5f879c73b2e30a62915a190c20,2fb07fa78b8cc40b49e23990400f9613ab10d99f8c864a9c2122d3f31dfdc6b1,89b069ba7e0f8b60a193a94feb302bd71b781e4246789600bb3b5c7fb723da31
4,voxforge_ru_mdc_2026_05:submission:ccce998f6d17ab95eec66216892bf67c21f8e3c0a7739a3e662ef101bd79c7c1:prompt:ru_0084,ccce998f6d17ab95eec66216892bf67c21f8e3c0a7739a3e662ef101bd79c7c1,ru_0084,voxforge_ru_mdc_2026_05:contributor:bf9b7b5ed7551917cb622accc4be4ce1a4c27126ef584d4540c6747236f6eb51,voxforge_ru_mdc_2026_05:contributor:bf9b7b5ed7551917cb622accc4be4ce1a4c27126ef584d4540c6747236f6eb51,27b87e5ff53041cef952435b211bc61ecfd6a5c91e7fb542e4e1bda0196a4f68,467b1859728e5b4cdad90c34c366cfa0797910fd180e7317e3cf64dca6f5223a
5,voxforge_ru_mdc_2026_05:submission:983e33922e65eb41f15de60881bc2c70b9028385238aaf25e742fb0678aef95b:prompt:ru_0095,983e33922e65eb41f15de60881bc2c70b9028385238aaf25e742fb0678aef95b,ru_0095,voxforge_ru_mdc_2026_05:contributor:1f23ebfc763fc015c1f58f16190cecbd65042f6728d99d77069fefa1f0bc9971,voxforge_ru_mdc_2026_05:contributor:1f23ebfc763fc015c1f58f16190cecbd65042f6728d99d77069fefa1f0bc9971,ad9886d653ff552c0c88cd48f4b3b65d03650f845a21b346dc7a07953a3dd4be,01c826ce87ea7afe9c3b5b6fa9409ce11a42bd5ce9aa734853b52d393b2f09d7
6,voxforge_ru_mdc_2026_05:submission:1ed09619f6f1c2296941a0dc09cd947b14ee3c19afc1963230feee0f0eac93d1:prompt:ru_0071,1ed09619f6f1c2296941a0dc09cd947b14ee3c19afc1963230feee0f0eac93d1,ru_0071,voxforge_ru_mdc_2026_05:contributor:f85236faa23cc9aa649bea0e4e5a8924d7121166a414b15f70339135a4a53eff,voxforge_ru_mdc_2026_05:contributor:f85236faa23cc9aa649bea0e4e5a8924d7121166a414b15f70339135a4a53eff,17b42c6b88dbec6781dfd75a95515ed8b5cc79d84b87c3f8514500ea95485d20,c1c292b0d43a2e1804c01f3d10cb34f295e92d9e95c6be9fd30dcb4696a26b3c
7,voxforge_ru_mdc_2026_05:submission:977e306fb59238a0f47820f5b4bd3779e6b2dbc46c5a163ec6f43cdd58ee8be3:prompt:ru_0099,977e306fb59238a0f47820f5b4bd3779e6b2dbc46c5a163ec6f43cdd58ee8be3,ru_0099,voxforge_ru_mdc_2026_05:contributor:45e05c2c60122e442287a966fbbb87d47e23756a1bc3d7208e9fadb50843b656,voxforge_ru_mdc_2026_05:contributor:45e05c2c60122e442287a966fbbb87d47e23756a1bc3d7208e9fadb50843b656,bfa4ce54fc99232f374cf7059b6005b5ac19d6ab2b4bb7d1145f90d9f6ba45f5,49ebc4ddcd7374c7cfea99dea3df192b3692da0ff0d821856609689407597a04
8,voxforge_ru_mdc_2026_05:submission:f903ce15a1dcd4af93bdabe54931b21a001b822e43b7c20f9ba952d789584419:prompt:ru_0037,f903ce15a1dcd4af93bdabe54931b21a001b822e43b7c20f9ba952d789584419,ru_0037,voxforge_ru_mdc_2026_05:contributor:cd0b9452fc376fc4c35a60087b366f70d883fc901524daf1f122fbd319384f6a,voxforge_ru_mdc_2026_05:contributor:cd0b9452fc376fc4c35a60087b366f70d883fc901524daf1f122fbd319384f6a,03e27fb4aaef118ebde94b602a917c86d9dee8f8f0b33160ea27103fcdc81920,4710d834fdb062da9f72ae43a9b93791943c3742d562450be24accba7b5ba8cf
9,voxforge_ru_mdc_2026_05:submission:e6e10c66628bb6762f15d3ac922946c1e90a37d18098f97ec983ff0f50e3528c:prompt:ru_0081,e6e10c66628bb6762f15d3ac922946c1e90a37d18098f97ec983ff0f50e3528c,ru_0081,voxforge_ru_mdc_2026_05:contributor:bcbf62502fe43e3a92223e585233e78499cf97be9ae5ac60f89d5303fc6d865c,voxforge_ru_mdc_2026_05:contributor:bcbf62502fe43e3a92223e585233e78499cf97be9ae5ac60f89d5303fc6d865c,05a4c32e8a6833c589dddb3eb627e0ec22a5419bb12e7ebf8efbc24a86c6a75e,d19f24957b7efff5357b02059c3d9b735e12b2ff3854240ab7ca87e01cb841ff
10,voxforge_ru_mdc_2026_05:submission:9705af63fea9b20ccfcd5da9108543b8313891c4a425afef3d53c392c462ba65:prompt:ru_0005,9705af63fea9b20ccfcd5da9108543b8313891c4a425afef3d53c392c462ba65,ru_0005,voxforge_ru_mdc_2026_05:contributor:12c612b542a26dc88ffe9d84c2b44b8224fb4238985baea834393d47c21678f6,voxforge_ru_mdc_2026_05:contributor:12c612b542a26dc88ffe9d84c2b44b8224fb4238985baea834393d47c21678f6,f8799fd853a9313a976569882abab1a17617918d46fb9cd8a0850e28118957d4,17f35ec8f354bcaf90f8cdc3be1f283c892bf6b9307c72eb53d8bb7b1f3c8ef6
11,voxforge_ru_mdc_2026_05:submission:066f99c098a54953c6a0ca77d3b543eeea55c7c853d87be24dc0f7bcc43baf7b:prompt:ru_0086,066f99c098a54953c6a0ca77d3b543eeea55c7c853d87be24dc0f7bcc43baf7b,ru_0086,voxforge_ru_mdc_2026_05:contributor:b67564aa0d1938cff993159637242f91ca9fa4395aede9b8c0b6b9d5cea2ed6d,voxforge_ru_mdc_2026_05:contributor:b67564aa0d1938cff993159637242f91ca9fa4395aede9b8c0b6b9d5cea2ed6d,8f4e0f69ac1adab6327cfe9e59bf3e75a5b69a37dc84149fefa1d20aacabbbde,a9ccf50a0d74ac455edcb1c9b8f276da074ecdcd4c37cc15d7c038c37337d02c
12,voxforge_ru_mdc_2026_05:submission:3d6e01a3b13a724afc0aad6c82f0f232fa411b63b69055bf9dc10f6671c74ecb:prompt:ru_0049,3d6e01a3b13a724afc0aad6c82f0f232fa411b63b69055bf9dc10f6671c74ecb,ru_0049,voxforge_ru_mdc_2026_05:contributor:fb98137767c16fb1f63c7ba16a1f331651a05a0c71b48110adf7009760381989,voxforge_ru_mdc_2026_05:contributor:fb98137767c16fb1f63c7ba16a1f331651a05a0c71b48110adf7009760381989,71ded13536a7ebbff6a1f4617c9c6c1ccf554e0d3023295efe865975957dfd94,c6b1b80e770baad98b7c944b75520ad029731387f165aada94c60a238dfccd2b
13,voxforge_ru_mdc_2026_05:submission:b82e5249fa4420e81262871a57a3f3a8604732505ae6afd130f915addef724fb:prompt:ru_0073,b82e5249fa4420e81262871a57a3f3a8604732505ae6afd130f915addef724fb,ru_0073,voxforge_ru_mdc_2026_05:contributor:90e61fd0c8a40f52cba6a0a010314537c8b59f25d9356ebd838cf49be5f3168f,voxforge_ru_mdc_2026_05:contributor:90e61fd0c8a40f52cba6a0a010314537c8b59f25d9356ebd838cf49be5f3168f,9a173921f0cdb179f2abd90d8c7a2477c3b9e30b1176fb5dfe3aa4b4c3709941,b3323c7f74e908335490d09693cc449808d5d2ac02c45e711d7c475dcabc5375
14,voxforge_ru_mdc_2026_05:submission:1c315bf80b6633b861867afc10efa09cb7b74596752d5a3cd7535120d0c5bc2a:prompt:ru_0088,1c315bf80b6633b861867afc10efa09cb7b74596752d5a3cd7535120d0c5bc2a,ru_0088,voxforge_ru_mdc_2026_05:contributor:2f183a4e64493af3f377f745eda502363cd3e7ef6e4d266d444758de0a85fcc8,voxforge_ru_mdc_2026_05:contributor:2f183a4e64493af3f377f745eda502363cd3e7ef6e4d266d444758de0a85fcc8,8a0cf255b24de364f14537864bc5ab8ee094668c74dbb2c9c279b7a574973f97,fc4c241b92bfc546fa46fc7896abab9c3fe2af58c1d39d48fd971e3ef280edf0
15,voxforge_ru_mdc_2026_05:submission:a671e0dc06311ad38fe7274641a2a9d9a777383bf2cc0a9250bd4b8dd3209ffc:prompt:ru_0015,a671e0dc06311ad38fe7274641a2a9d9a777383bf2cc0a9250bd4b8dd3209ffc,ru_0015,voxforge_ru_mdc_2026_05:contributor:db41dc744e8c6f034f23ffe35f1e1964ea2ab1f6447a546af523b22a8135a256,voxforge_ru_mdc_2026_05:contributor:db41dc744e8c6f034f23ffe35f1e1964ea2ab1f6447a546af523b22a8135a256,6cbf385566deef9216dba8d96b52613d7dc3cbe52ad79631237c672891525f83,86930e68e97a102c77aeac0bba741017df456a4674b3b4edd1f5ed267a7fec70
16,voxforge_ru_mdc_2026_05:submission:5ed207d608a642598315573c3f7af61d746bedbc4785e651843a30b167ede30a:prompt:ru_0014,5ed207d608a642598315573c3f7af61d746bedbc4785e651843a30b167ede30a,ru_0014,voxforge_ru_mdc_2026_05:contributor:b1be8d50607e71f9031e132bc20ca77d8b877f0ad48f7d48f0c8397775dcfb0e,voxforge_ru_mdc_2026_05:contributor:b1be8d50607e71f9031e132bc20ca77d8b877f0ad48f7d48f0c8397775dcfb0e,7d4e89671802658713e39df7281f4bb22291d2f707447701bf4c10b2ff6754df,9ffc759771370d858d66cc72bc89989270186f86dd6bb3588aa0378071cba5b7
17,voxforge_ru_mdc_2026_05:submission:bd92625ec07cb9bcc3a6c85578847172ac436e4dc35ac7b5c4ab21e5ef30d81f:prompt:ru_0009,bd92625ec07cb9bcc3a6c85578847172ac436e4dc35ac7b5c4ab21e5ef30d81f,ru_0009,voxforge_ru_mdc_2026_05:contributor:585beda9f4f7c87d1d9bde53c917a3e6b5830ff5dd4ee4c1d742fbcaccefbee7,voxforge_ru_mdc_2026_05:contributor:585beda9f4f7c87d1d9bde53c917a3e6b5830ff5dd4ee4c1d742fbcaccefbee7,75a97bdbd3ebf02b18ddff117ae954b7ef11da546aa9ce854b5f59c98e1c2d2c,383752a5b735e4bcd8741c70631d6f1a52137757e7e1c5ae0ec624f8d5e2b2c2
18,voxforge_ru_mdc_2026_05:submission:d67e038bb43351ed21e1d2ab200b4003a902e8a54ae585d887a279e91dadfc00:prompt:ru_0077,d67e038bb43351ed21e1d2ab200b4003a902e8a54ae585d887a279e91dadfc00,ru_0077,voxforge_ru_mdc_2026_05:contributor:dbdb75b3928a3d54943ace96c6b47f63dc4bc0ba1ff137c29561ab46acc18be8,voxforge_ru_mdc_2026_05:contributor:dbdb75b3928a3d54943ace96c6b47f63dc4bc0ba1ff137c29561ab46acc18be8,a31d839d7908e49b34ea47243410d8fbc5f8b1552fa6bb0d32a748617e8c5ac5,48751b6b57e2b159416205c7603c6a3ad71daa83ffeaf1a8acee2f5381494dbe
19,voxforge_ru_mdc_2026_05:submission:996af8e6a706cdd4dface56d1512584ee4b0831d4a354d1a445d0df5b1880c2b:prompt:ru_0100,996af8e6a706cdd4dface56d1512584ee4b0831d4a354d1a445d0df5b1880c2b,ru_0100,voxforge_ru_mdc_2026_05:contributor:8206e6a20b246afc8d205b11634fc4ac8a737394b436164adc25cb7361d9fee7,voxforge_ru_mdc_2026_05:contributor:8206e6a20b246afc8d205b11634fc4ac8a737394b436164adc25cb7361d9fee7,9224f19e638722550a950fa63b66a5fcb20c11d6c6d50897bdac3f493ef421a9,9caafc3cf4c92c1435e311b028e314e92e678282667923f2056600bb954b3963
20,voxforge_ru_mdc_2026_05:submission:5995db2998443156a3c27a0f0a022e3f3a25c8835724534d6627ed951a2768f4:prompt:ru_0044,5995db2998443156a3c27a0f0a022e3f3a25c8835724534d6627ed951a2768f4,ru_0044,voxforge_ru_mdc_2026_05:contributor:15a0bd627a092e5a427224ec82d844f97e1a20f5afd23f5ded82dc7c633577d1,voxforge_ru_mdc_2026_05:contributor:15a0bd627a092e5a427224ec82d844f97e1a20f5afd23f5ded82dc7c633577d1,793a393e7cb9ac2885eaf11fac28aece840360415750df5df604a8d287470df0,d95685deeb50419fae135065a34c2413bc6556646776c28acff20785462b5b9e
21,voxforge_ru_mdc_2026_05:submission:4f1cc4bbce168879f2b212495cbe272a97cdc79234e98493f51454fbe8c6f521:prompt:ru_0008,4f1cc4bbce168879f2b212495cbe272a97cdc79234e98493f51454fbe8c6f521,ru_0008,voxforge_ru_mdc_2026_05:contributor:bf407e00cac89c0d5ddfbea8477a15898a6875b38c2e05ac7e98dea37fe515ff,voxforge_ru_mdc_2026_05:contributor:bf407e00cac89c0d5ddfbea8477a15898a6875b38c2e05ac7e98dea37fe515ff,badaef8270a22d017c41d4d66a44e6b18b2d65f8c613d51b93845ffcaedb246b,d51c03867223890c7c4223ef03fa5c8cf82645c4bf7dd9e8f77f88204c6f654b
22,voxforge_ru_mdc_2026_05:submission:da23929a193e177541440310c45721d2b16e728545b85a60cfdd99612181fc57:prompt:ru_0004,da23929a193e177541440310c45721d2b16e728545b85a60cfdd99612181fc57,ru_0004,voxforge_ru_mdc_2026_05:contributor:9023bd0373919db94c5668269f0bbc095a22cac95de13ac093a8b1144b62d457,voxforge_ru_mdc_2026_05:contributor:9023bd0373919db94c5668269f0bbc095a22cac95de13ac093a8b1144b62d457,29d3f0b98584fa601e2a45e4714fe370315148dd2842fb294e5c45f4f16eeff3,81afb91878aec0b0d2c3a5ffd7df38ac4d276d5469bbec5a2ecfa5d624fcebfe
23,voxforge_ru_mdc_2026_05:submission:3c0767a2a9f5de7a830dab25a37f6e61e2a2641b574e5a05aba6f023c1d82e46:prompt:ru_0068,3c0767a2a9f5de7a830dab25a37f6e61e2a2641b574e5a05aba6f023c1d82e46,ru_0068,voxforge_ru_mdc_2026_05:contributor:d322c3a9837fad6b52f61630ebd14ce83966c93c7d8b8248eb7b7b041c1c643f,voxforge_ru_mdc_2026_05:contributor:d322c3a9837fad6b52f61630ebd14ce83966c93c7d8b8248eb7b7b041c1c643f,5212eb0fb22dbd4d23781f2127e25b13fc13e80b121cbb2abe58ff0754f52066,08e572f145d8f4883a5928f8f383d9a199f75f7c5cda46fc5241ce76a4289f1e
24,voxforge_ru_mdc_2026_05:submission:092455e06bb80e4e2d39a4a0b6618392901308523dbbfe3b9b275ad7679c8ad8:prompt:ru_0054,092455e06bb80e4e2d39a4a0b6618392901308523dbbfe3b9b275ad7679c8ad8,ru_0054,voxforge_ru_mdc_2026_05:contributor:5ff63ca0b626d5437d82a17d814917bf9d1c65eb688a26c90e077f47f8bc4378,voxforge_ru_mdc_2026_05:contributor:5ff63ca0b626d5437d82a17d814917bf9d1c65eb688a26c90e077f47f8bc4378,c00912f52abe2516888b66043d4dcc12f4b77010356a3b895aca698dfae61ccd,14468cd1ca946add293d6276159912847cb226d763d6316c4ddc3c5a388de318
25,voxforge_ru_mdc_2026_05:submission:6cfa817d2738f9369b26e9fa2b4d934a762cfff8d49a2b28d53a64252ba5feff:prompt:ru_0070,6cfa817d2738f9369b26e9fa2b4d934a762cfff8d49a2b28d53a64252ba5feff,ru_0070,voxforge_ru_mdc_2026_05:contributor:73ef176d9f12809e64363b2b5f4553abecca7aae157327f190323cfa0e42c815,voxforge_ru_mdc_2026_05:contributor:73ef176d9f12809e64363b2b5f4553abecca7aae157327f190323cfa0e42c815,d6b672f415b9cc11b195a7d417c851f06b0fd412fce28a0584b25110103eacf0,7adb12a6493504ba973bb5b5fb2100fbda9c03bcfdeaff8efc7681fab6e78e57
26,voxforge_ru_mdc_2026_05:submission:04668fd548109be444a219298d90ced078941f1fe19dc7e502a83d239a415ab9:prompt:ru_0078,04668fd548109be444a219298d90ced078941f1fe19dc7e502a83d239a415ab9,ru_0078,voxforge_ru_mdc_2026_05:contributor:1648f9930fa970a774c0a0e159223a1431535cb3043950b77473bf79f5006e67,voxforge_ru_mdc_2026_05:contributor:1648f9930fa970a774c0a0e159223a1431535cb3043950b77473bf79f5006e67,25a2d0b010f7bffaf8484d78ca231194697839667c1098a903bdc6cf3986c837,64c8e94991849335a5daba45db49a9864699f6919cf789af60481aca0efd0515
27,voxforge_ru_mdc_2026_05:submission:0641adc94d9eadc04a4ee384e9e35b083971f6c0394bf27cef38175035ac10fd:prompt:ru_0050,0641adc94d9eadc04a4ee384e9e35b083971f6c0394bf27cef38175035ac10fd,ru_0050,voxforge_ru_mdc_2026_05:contributor:de1068db6674eea033f130a99a8c51d70e40465f9b246e97060b5f7b8ca8511c,voxforge_ru_mdc_2026_05:contributor:de1068db6674eea033f130a99a8c51d70e40465f9b246e97060b5f7b8ca8511c,8c94caf31d1fa9382315e39434ba9e2789d70b071e5bb0dc6030d5115cfa2d70,643eb611d821f94766079a067946ee1ad5f6c2a91401c67198d8c5f3f339da9b
28,voxforge_ru_mdc_2026_05:submission:aaab32ab06543cbc15497224acec404e8c3cb00d26892fa818af48d9f8fffa3e:prompt:ru_0001,aaab32ab06543cbc15497224acec404e8c3cb00d26892fa818af48d9f8fffa3e,ru_0001,voxforge_ru_mdc_2026_05:contributor:85bf714b180f19af68083f5d51677324f74b28c6d82e52cc0c97067f0c5a3ff3,voxforge_ru_mdc_2026_05:contributor:85bf714b180f19af68083f5d51677324f74b28c6d82e52cc0c97067f0c5a3ff3,e7dab8ad7b1ad1813e718b208879e8268ad9376e6f6fddef9d258a5af02107f2,c3f9378e0a6e2709e6f8b1a812eda489fbaf432f7c9cdc734e25d6ac3ab4187c
29,voxforge_ru_mdc_2026_05:submission:1e0f54b66145f997246f82132b2ca6bd03c6732ade6d91d49348499cc80e3509:prompt:ru_0041,1e0f54b66145f997246f82132b2ca6bd03c6732ade6d91d49348499cc80e3509,ru_0041,voxforge_ru_mdc_2026_05:contributor:7732b22ad62103672faad1da5e2c31578cdaaed0ce18af62ad9b5fdcbd0bbf89,voxforge_ru_mdc_2026_05:contributor:7732b22ad62103672faad1da5e2c31578cdaaed0ce18af62ad9b5fdcbd0bbf89,933f70782c8c99fef2dfaa6959e59efd33ea928393e13121cc1936c78d0e3692,4e2b18d73d76566cbbd69bc58837658c798c9b0f1d844b04282aef3c8427fdff
30,voxforge_ru_mdc_2026_05:submission:7f0c7a041eb1fa91d3c772a0eaf9d2b8bf6794c2a8a81682c6d9495b1a967450:prompt:ru_0035,7f0c7a041eb1fa91d3c772a0eaf9d2b8bf6794c2a8a81682c6d9495b1a967450,ru_0035,voxforge_ru_mdc_2026_05:contributor:ce65fa41b16c33ff496425b08616bbcf09b6dfad21f8e0b9dc27327b6db74d1b,voxforge_ru_mdc_2026_05:contributor:ce65fa41b16c33ff496425b08616bbcf09b6dfad21f8e0b9dc27327b6db74d1b,9c60ef21d2ee4e019dc70c2d454b1b0f5d1442956e62b4831ec349abe6814441,d7806fa363b66d2c9eb9308b14776911d5fb8c10df7e0ed9b22c9f35488143cc
31,voxforge_ru_mdc_2026_05:submission:fb55b7a8b2467e5708373038451f2c07155766b9bd699eb0148ff07ad0f29ac5:prompt:ru_0059,fb55b7a8b2467e5708373038451f2c07155766b9bd699eb0148ff07ad0f29ac5,ru_0059,voxforge_ru_mdc_2026_05:contributor:fe77739527abd21adedf03eaf4dcdee2644152e4527e0de238efe86266928f62,voxforge_ru_mdc_2026_05:contributor:fe77739527abd21adedf03eaf4dcdee2644152e4527e0de238efe86266928f62,7fb393ecba16af6004df4a3e5e8a78222f3850c8b54d7e5e8fc92a54771cb43c,88adecb452b60892811ae9175604f26b93f93d03e53765188a78b2387ce55745
32,voxforge_ru_mdc_2026_05:submission:f105857a7b554d7a0d0e8c359d67297e35a6861009653b824ee46b0fe80bdfae:prompt:ru_0030,f105857a7b554d7a0d0e8c359d67297e35a6861009653b824ee46b0fe80bdfae,ru_0030,voxforge_ru_mdc_2026_05:contributor:6b86b273ff34fce19d6b804eff5a3f5747ada4eaa22f1d49c01e52ddb7875b4b,voxforge_ru_mdc_2026_05:contributor:6b86b273ff34fce19d6b804eff5a3f5747ada4eaa22f1d49c01e52ddb7875b4b,7ae0052a1f22bb0946cc1731f369ee4a56c8cf52599f2b158c617fe4e279cc95,1b0c4b0b16a831209a329c5b4c2b95261a9944b0dde9c2d9fa6ab7a13a079cf2
33,voxforge_ru_mdc_2026_05:submission:6669141f052b58d1e759cd0f4685c04ec78079e77a6224181968ba7505deefe0:prompt:ru_0075,6669141f052b58d1e759cd0f4685c04ec78079e77a6224181968ba7505deefe0,ru_0075,voxforge_ru_mdc_2026_05:contributor:51327fd7692cbc4bfb18f3b3c7ea3d62df3547c4786a26d95b01f41b227a43d4,voxforge_ru_mdc_2026_05:contributor:51327fd7692cbc4bfb18f3b3c7ea3d62df3547c4786a26d95b01f41b227a43d4,98a460c44832da8b47da1b280091a98abfd6051cff470b77e4d9003aa579c0ac,fc00ecdc2ace6960d3991b23bc1af8aa71df29258d029b1ec75534c89bdb055a
34,voxforge_ru_mdc_2026_05:submission:f361f6007f4fa97e8fa33488b50787581a6ddf8f85519440902687056f58f693:prompt:ru_0012,f361f6007f4fa97e8fa33488b50787581a6ddf8f85519440902687056f58f693,ru_0012,voxforge_ru_mdc_2026_05:contributor:da31b47d782c21369a0ff71b5c057894c72bf46a7e3a7c0bdf62cf771a68e7d2,voxforge_ru_mdc_2026_05:contributor:da31b47d782c21369a0ff71b5c057894c72bf46a7e3a7c0bdf62cf771a68e7d2,e501926c02370e6202a91c78153cc9e8ce0c6ac7887d04404834a0264f93221d,0c2c2c107aceb34a657607856b13c96e62ea5f681ac615972bd3b07fc073afda
35,voxforge_ru_mdc_2026_05:submission:8ea1545cb39e564bb3ec5eddb1fbb84136c745569065918b32a46dd52a21b07c:prompt:ru_0033,8ea1545cb39e564bb3ec5eddb1fbb84136c745569065918b32a46dd52a21b07c,ru_0033,voxforge_ru_mdc_2026_05:contributor:18ac3e7343f016890c510e93f935261169d9e3f565436429830faf0934f4f8e4,voxforge_ru_mdc_2026_05:contributor:18ac3e7343f016890c510e93f935261169d9e3f565436429830faf0934f4f8e4,cee5a0689f271ea4ac1cf2d8575afaf53f78349df198a662788902b7560ba442,fb2bd7a623db51e40776ac34f477d9d1b4b3bf4c914ec3756a3d03dc63333f99
36,voxforge_ru_mdc_2026_05:submission:8d315396c67dc61a0161f713cb66e4bd7673299ae820b47ced950be9090f7aa5:prompt:ru_0042,8d315396c67dc61a0161f713cb66e4bd7673299ae820b47ced950be9090f7aa5,ru_0042,voxforge_ru_mdc_2026_05:contributor:eeecf85814215b61dd9f7728f2d2011fd2b615b4fdaee0edd207dfefe3612cdf,voxforge_ru_mdc_2026_05:contributor:eeecf85814215b61dd9f7728f2d2011fd2b615b4fdaee0edd207dfefe3612cdf,a3bb152d6847e5ffbcca56059d62004bafe22b46e02f93db6f7a9d9d2db4e788,1bf90098b9351e510199d01320073e1c773d780e15eaba746fd51b94c75a0667
37,voxforge_ru_mdc_2026_05:submission:382e7d56b8567bcc9266ac77d293f61c2963b497d05a62b09bda0192d0ae51c0:prompt:ru_0031,382e7d56b8567bcc9266ac77d293f61c2963b497d05a62b09bda0192d0ae51c0,ru_0031,voxforge_ru_mdc_2026_05:contributor:8e9f72765fc53c54bc6dab5ec116958b9c7a029e9cb3366a8c90ee6e510d6ed7,voxforge_ru_mdc_2026_05:contributor:8e9f72765fc53c54bc6dab5ec116958b9c7a029e9cb3366a8c90ee6e510d6ed7,09f3b1605aa5a29e6ae6f1eb5c38be6c0999d7580a90c30069d88ba1308fafaa,3031721aa1af36b51e0669c11ba70ce57dced976f6604fdb304599aa159f0f77
38,voxforge_ru_mdc_2026_05:submission:7da85847012924ce347c09acf11e9d80b5ab0a4a6b53f65a2782792530c5a9bb:prompt:ru_0060,7da85847012924ce347c09acf11e9d80b5ab0a4a6b53f65a2782792530c5a9bb,ru_0060,voxforge_ru_mdc_2026_05:contributor:4addb0d86cbd710c1b825311d1629d29238a16a06c177c4d8e44f1f685caf86f,voxforge_ru_mdc_2026_05:contributor:4addb0d86cbd710c1b825311d1629d29238a16a06c177c4d8e44f1f685caf86f,ac182ebe981e0bcca10e52fe3206cb47332dd50cb53ad51251c055e8abe58739,0b8c2e6fe535c10cbc69e960e3462a4c6bba07636a9995693b3d5ca37e3775cf
39,voxforge_ru_mdc_2026_05:submission:d5028e15fa24e97a68a6bd40c36d0a24bf9fc3fcebebc022ca0fd4e9ef27e3d1:prompt:ru_0010,d5028e15fa24e97a68a6bd40c36d0a24bf9fc3fcebebc022ca0fd4e9ef27e3d1,ru_0010,voxforge_ru_mdc_2026_05:contributor:b5529fbc65bf00ae4e0c7e5b3ebb8674efd3b6d26311fb89ce027781ee6b7e21,voxforge_ru_mdc_2026_05:contributor:b5529fbc65bf00ae4e0c7e5b3ebb8674efd3b6d26311fb89ce027781ee6b7e21,1d3321395e14f6cf4dd80204e2e80181721f9fb68689edbd4d5f9fcc8cfc3bba,bc9c83448dd9f26f34cb8de4b76f3a6f99d808af7c31d5abae45c358ac7278ac
40,voxforge_ru_mdc_2026_05:submission:425edaf03f3dbe92114eeeadfbbe9357caff8686a46dc6a3b50bf36cf8232bfb:prompt:ru_0045,425edaf03f3dbe92114eeeadfbbe9357caff8686a46dc6a3b50bf36cf8232bfb,ru_0045,voxforge_ru_mdc_2026_05:contributor:b8e2972393027e755a0f42299226d046c1002cc01901880ced15c20952249d51,voxforge_ru_mdc_2026_05:contributor:b8e2972393027e755a0f42299226d046c1002cc01901880ced15c20952249d51,032ca5e9a5158ae437074ad928a40d019e66aa4f04ad21f2a3ef5acd35d1029e,9bfc6fa07922479d6bca068f606a3f9d04391935e3cf7d63c6f80b1f7e8352d8
41,voxforge_ru_mdc_2026_05:submission:fbb515a559bc39c9986ee2df9977154bacafea379b8286cea2f0f0b8375f5571:prompt:ru_0074,fbb515a559bc39c9986ee2df9977154bacafea379b8286cea2f0f0b8375f5571,ru_0074,voxforge_ru_mdc_2026_05:contributor:f5c452f96f0ce100a77a2e055dac0b08b8c48abaea9927cbe05a26afb9cba201,voxforge_ru_mdc_2026_05:contributor:f5c452f96f0ce100a77a2e055dac0b08b8c48abaea9927cbe05a26afb9cba201,e7248db87c91831fcc43bf245ca2f16e591b8e859ed71d95e910a0457e47bacf,d55bde6f5af0e3ff221e51b80ec2fa1bae6e6792ec60afb88f35ae25472b8757
42,voxforge_ru_mdc_2026_05:submission:e5bd1f75fa42b101d54885dced0ae738aa4f7d12b1bdd10f5a2ef0cebcabdae9:prompt:ru_0032,e5bd1f75fa42b101d54885dced0ae738aa4f7d12b1bdd10f5a2ef0cebcabdae9,ru_0032,voxforge_ru_mdc_2026_05:contributor:8159dade37bcbe3e24e12492dfb37b02abe3e1a6b2763339e0f0ab3b4c6f87d2,voxforge_ru_mdc_2026_05:contributor:8159dade37bcbe3e24e12492dfb37b02abe3e1a6b2763339e0f0ab3b4c6f87d2,c7f27a664bf689206a491808c99d548552fc5c0bfe2fabc6971e653728102da3,3a7c176d2b776b686ddeb50f17e292ea6a107d7b9cc4b66a0a36c7e83f8345b6
43,voxforge_ru_mdc_2026_05:submission:0e87fd37e89a7a62ac1624d508b1b68fdc560badcd7a6d6c3f55e1dc78746869:prompt:ru_0061,0e87fd37e89a7a62ac1624d508b1b68fdc560badcd7a6d6c3f55e1dc78746869,ru_0061,voxforge_ru_mdc_2026_05:contributor:6dc575441175efbe8008f86dd9681e844c837e1bda6de44f495d17d87c1cb8f4,voxforge_ru_mdc_2026_05:contributor:6dc575441175efbe8008f86dd9681e844c837e1bda6de44f495d17d87c1cb8f4,51f49e40ff35268f3deaba5947d47f94be79a53f8572fe4b9239fba76960943c,4dccbb2f0e1825c7cd64ea834262d6e0ff2848a39abe5b31baf2b7dc90615d17
44,voxforge_ru_mdc_2026_05:submission:61004bb7a4b2d8c3dfa02057d003f7f225cd1f77eebbfba02ea83f004aebfe7d:prompt:ru_0022,61004bb7a4b2d8c3dfa02057d003f7f225cd1f77eebbfba02ea83f004aebfe7d,ru_0022,voxforge_ru_mdc_2026_05:contributor:55e1fc20a36ee5df82ffd03b58074925ba6eaa37fceb49f7e0eac22c11153630,voxforge_ru_mdc_2026_05:contributor:55e1fc20a36ee5df82ffd03b58074925ba6eaa37fceb49f7e0eac22c11153630,82e193a30845e7f5e6ce30cf7b7d54e3cde9ded4cf5716d45a99e99b9ca94a5c,0382a21373bfb8f582264bd1c8001d1828d80ad9f61b0b06e02edaee1f0bc0bb
45,voxforge_ru_mdc_2026_05:submission:93d5c6dba90626f8ab6eb73f97001c75d03fe66f9ff2b3b23a450791e75739c5:prompt:ru_0089,93d5c6dba90626f8ab6eb73f97001c75d03fe66f9ff2b3b23a450791e75739c5,ru_0089,voxforge_ru_mdc_2026_05:contributor:8e43263f3e05865e8b1988658f3397a3e751ac4dd7fc3b004f88c2557526206d,voxforge_ru_mdc_2026_05:contributor:8e43263f3e05865e8b1988658f3397a3e751ac4dd7fc3b004f88c2557526206d,c529e596c7caf3bbad0994bcfe95f166275241307470699b118d6be6bb634e03,70eec1a409f7ae5da407623fc716995d61121999fb9b13bbf5c3d966bb760bfe
46,voxforge_ru_mdc_2026_05:submission:2b22cabf43392d04fce84800ffdcf0c682faae4ab05cc40e733a046fe6651d20:prompt:ru_0079,2b22cabf43392d04fce84800ffdcf0c682faae4ab05cc40e733a046fe6651d20,ru_0079,voxforge_ru_mdc_2026_05:contributor:40ca72ac5556991b3dc459991b72db6243d4076020657b667b5567383674ed56,voxforge_ru_mdc_2026_05:contributor:40ca72ac5556991b3dc459991b72db6243d4076020657b667b5567383674ed56,b90c10d1a2fb9d483fd33f9a6c2b4b6afc3972f1d335f97c1c9400968317baa7,f0cda49f36c21ceb4c6edee9ddab55b31bc5965553e388dc7b03a59e60d684b4
47,voxforge_ru_mdc_2026_05:submission:86024b91b0f41fe2b0598d130945a674ac5b16af7d23b946bb3d34c73a4d9243:prompt:ru_0067,86024b91b0f41fe2b0598d130945a674ac5b16af7d23b946bb3d34c73a4d9243,ru_0067,voxforge_ru_mdc_2026_05:contributor:8ea7d98fd057ff75530c59cd707ba4c51405db76c09db6c2bd47043c320c05e3,voxforge_ru_mdc_2026_05:contributor:8ea7d98fd057ff75530c59cd707ba4c51405db76c09db6c2bd47043c320c05e3,8f7df5c51ee628af08533c2cca6111c2e4ce6774c999af4c4614920a3e8891d6,782ae9e8a72901427fcf36500c49466d42d499ad8b82cff39689fde5c84e70f4
48,voxforge_ru_mdc_2026_05:submission:135e7397ea9d435f05ad95c38897934aa86e550dccc953d01535500937d58437:prompt:ru_0058,135e7397ea9d435f05ad95c38897934aa86e550dccc953d01535500937d58437,ru_0058,voxforge_ru_mdc_2026_05:contributor:71a3894cb6036aa2db255dea8758ab61da1afdd67fc6193df0de737fb1fed690,voxforge_ru_mdc_2026_05:contributor:71a3894cb6036aa2db255dea8758ab61da1afdd67fc6193df0de737fb1fed690,a47ba0dbf58d105aeb3a119fa43b8db0ad29be247612d7b4faeee5f6c97a78cd,7594a3e00c32fe04381c2909577a44d1869a78b31ce7af442636de18137c1f9c
49,voxforge_ru_mdc_2026_05:submission:4d3e322a6ccc7e447ca8f8e66039473dba4fd1134774669de1157801513ad59e:prompt:ru_0038,4d3e322a6ccc7e447ca8f8e66039473dba4fd1134774669de1157801513ad59e,ru_0038,voxforge_ru_mdc_2026_05:contributor:875f4597925153f875557049caeccad3b63b5251dffc7c9f03ddc01bc3e6a9c0,voxforge_ru_mdc_2026_05:contributor:875f4597925153f875557049caeccad3b63b5251dffc7c9f03ddc01bc3e6a9c0,7d9dcdbb3d568f0fd47492434849cdaafd24bffc10d4ceb0628bc1d65c5e2db8,6bb8c30e4058d5e2db37160ed42bb9ee1492ee2dde1fe21d134db64b393e6cc4
50,voxforge_ru_mdc_2026_05:submission:cbdb0ed0edf32da3bbaa3031d08b2fa8ac45354a1a9b999b1c397ae811c24176:prompt:ru_0002,cbdb0ed0edf32da3bbaa3031d08b2fa8ac45354a1a9b999b1c397ae811c24176,ru_0002,voxforge_ru_mdc_2026_05:contributor:c27787db950a6252294fa6973d0ba7d76bfa401ff9c9e98167db067e4b8af989,voxforge_ru_mdc_2026_05:contributor:c27787db950a6252294fa6973d0ba7d76bfa401ff9c9e98167db067e4b8af989,5813e5d263dc78bd7f6ea27b22877e0aa4551fd50ff4384358b10efdb1e8fbe1,56515fc2f3834c6e1d2edc8705ae059f18d7a74d20283c67423fdb3aa1102bd8
51,voxforge_ru_mdc_2026_05:submission:cc00b633470eb6e0b5808506821b6153e977f38705c22e468903e2032aa2ec0a:prompt:ru_0011,cc00b633470eb6e0b5808506821b6153e977f38705c22e468903e2032aa2ec0a,ru_0011,voxforge_ru_mdc_2026_05:contributor:d5c27db0dada30212f6a858f1264c62268e703e97d4cc5dccebf073eaa6f439d,voxforge_ru_mdc_2026_05:contributor:d5c27db0dada30212f6a858f1264c62268e703e97d4cc5dccebf073eaa6f439d,a136a92fa2c422d8607d769be2e121b0e8e9203e87c59d8a4c5f5e58c755ca0d,2e35dfdc69fa76e68a3153fc334a706b053bcf6e3477e23dfb60b2e0f11f9606
52,voxforge_ru_mdc_2026_05:submission:1c04a50025f3fc6a2db38d86e276564f0fc20aca25505e034902bbefb37e6769:prompt:ru_0018,1c04a50025f3fc6a2db38d86e276564f0fc20aca25505e034902bbefb37e6769,ru_0018,voxforge_ru_mdc_2026_05:contributor:29a669940f66f7d5d5539801dc422018a92d4799060e2c576d9a30887eba605a,voxforge_ru_mdc_2026_05:contributor:29a669940f66f7d5d5539801dc422018a92d4799060e2c576d9a30887eba605a,286614b3819c9eb4188c30460b1c8dc4762b6bda439f7244374251831082144a,442a5edfc42249aef9113f8eba9e0e655b3b6fe05a3b99d3108b3728e38e89d4
53,voxforge_ru_mdc_2026_05:submission:95fda0d488ee6b73835e047cbf6ae82a5fb1e399b1d6231a1ee539df999d3656:prompt:ru_0017,95fda0d488ee6b73835e047cbf6ae82a5fb1e399b1d6231a1ee539df999d3656,ru_0017,voxforge_ru_mdc_2026_05:contributor:ac65857d490f462730c69a829b64fcc1c6119ee83b3ce2497d3bceb6a631c877,voxforge_ru_mdc_2026_05:contributor:ac65857d490f462730c69a829b64fcc1c6119ee83b3ce2497d3bceb6a631c877,6a4e6616041d4bd992e610faa136f8292474a422e53bbb581c18ece388f1507f,6bb67f8ebfd94a4b51a16b4d0fca35c0aeeafb4274e8f3810fbf72cb862894de
54,voxforge_ru_mdc_2026_05:submission:45e4e0c6b8d40d7f40e959b5fe9c07cfc976b674cd395ae2a8bd4415a3c42ab7:prompt:ru_0055,45e4e0c6b8d40d7f40e959b5fe9c07cfc976b674cd395ae2a8bd4415a3c42ab7,ru_0055,voxforge_ru_mdc_2026_05:contributor:5d5a47eb8b9fbeb70d0d9eaadda09cb906c78e0ab9e26b51a47a44610e9d00d8,voxforge_ru_mdc_2026_05:contributor:5d5a47eb8b9fbeb70d0d9eaadda09cb906c78e0ab9e26b51a47a44610e9d00d8,bbbca0513088b2174fb5c5374785740ccc8a98fd72162bc95e993716f8bc272d,8e272459343cd48e91e6367b26700b6b11f23abc9b5b1676521b9d0a9eff7ac9
55,voxforge_ru_mdc_2026_05:submission:13b7e61c44ba8570be71aa0c37beaeea0c6c3c728f66019eb18202f5e871ba9d:prompt:ru_0052,13b7e61c44ba8570be71aa0c37beaeea0c6c3c728f66019eb18202f5e871ba9d,ru_0052,voxforge_ru_mdc_2026_05:contributor:8bddffd40b7806469fc88e2c8bb1cd6990e6761f58f9e42215c4e3085b02bcae,voxforge_ru_mdc_2026_05:contributor:8bddffd40b7806469fc88e2c8bb1cd6990e6761f58f9e42215c4e3085b02bcae,e2259b7007fef6c3106e0bd6395cedd4c1c086912fa7a17f2ce3637ba0744990,cd4241d57426811a5224128b2bf57bd536dc6f1f7f369e59f47f0adef5d7d469
56,voxforge_ru_mdc_2026_05:submission:51ca62b66e7fdf89d9988a6c1967ced34226eefad5388571c589a66c554e01c1:prompt:ru_0069,51ca62b66e7fdf89d9988a6c1967ced34226eefad5388571c589a66c554e01c1,ru_0069,voxforge_ru_mdc_2026_05:contributor:174aa4b96ccf467f1d7224a4f8cbe0b9d33fefa38e05e5c6447f2be46f4c1848,voxforge_ru_mdc_2026_05:contributor:174aa4b96ccf467f1d7224a4f8cbe0b9d33fefa38e05e5c6447f2be46f4c1848,7bd6b96aeaf9a714f282070c39b34f95fa5d527651df86098734d723fa701447,b4b453a2b0f90372d1e225d0ede9f5ff77d184c18577cc689ca0a3e75e888779
57,voxforge_ru_mdc_2026_05:submission:fc19e9df21303cb524c031144dfc352fc9e6a72be3e05d0ef4992781a010cd35:prompt:ru_0065,fc19e9df21303cb524c031144dfc352fc9e6a72be3e05d0ef4992781a010cd35,ru_0065,voxforge_ru_mdc_2026_05:contributor:d4db4fedc180cee4988a543e36cae2771a908a9c9e09d1f9d5dca997aa4a7765,voxforge_ru_mdc_2026_05:contributor:d4db4fedc180cee4988a543e36cae2771a908a9c9e09d1f9d5dca997aa4a7765,7073ee8e9bd41a26ecea54d10d82180ed427f562a33c3f14c71d36801d3ae21a,daedcda7f203cbc2fa9d4848b400d24b690e42745cff6852bd3c1ebe9dad74ff
58,voxforge_ru_mdc_2026_05:submission:32fcaedf59b4ac2c5d3400f4857ecc45f3ba742edea0677301c8b1dc303bc6e3:prompt:ru_0003,32fcaedf59b4ac2c5d3400f4857ecc45f3ba742edea0677301c8b1dc303bc6e3,ru_0003,voxforge_ru_mdc_2026_05:contributor:8c8d4d2362249da59fcd4c864059eac828d53ce1579a7f320c6d819b8133586b,voxforge_ru_mdc_2026_05:contributor:8c8d4d2362249da59fcd4c864059eac828d53ce1579a7f320c6d819b8133586b,c5f55670a9a2005d49008231c56b28d65fb15813530fe4dc549f3af0f535a727,3b172ad6d5acd3c704b8c5788cbc744ac649ab69ed26a594fe4d7d1b52d075f1
59,voxforge_ru_mdc_2026_05:submission:dbd1e03ecfece3bb0cbaa1f4f813698a9504d4dc37133fee42e1855e52095004:prompt:ru_0064,dbd1e03ecfece3bb0cbaa1f4f813698a9504d4dc37133fee42e1855e52095004,ru_0064,voxforge_ru_mdc_2026_05:contributor:8cc2b0ccf32a32d86f3990a3b7e151be4a3b030e53a79aaa96ec43da7d0988ef,voxforge_ru_mdc_2026_05:contributor:8cc2b0ccf32a32d86f3990a3b7e151be4a3b030e53a79aaa96ec43da7d0988ef,9905646c2970641a4ff60b68e6dded1e563ce70c2d6fef09b99e30bb7db8fa30,bb6926ef086a3a3b07326b620d883edbcdd77e7da78747c5c4793555335b392a
60,voxforge_ru_mdc_2026_05:submission:74a8b633f67c41ae13dad910bcadce2c972b009d0b64ab4506a65193e317e181:prompt:ru_0051,74a8b633f67c41ae13dad910bcadce2c972b009d0b64ab4506a65193e317e181,ru_0051,voxforge_ru_mdc_2026_05:contributor:0446c9c98d199835399326cbc86816f91926da78df53c7fa771019f45a3a91c9,voxforge_ru_mdc_2026_05:contributor:0446c9c98d199835399326cbc86816f91926da78df53c7fa771019f45a3a91c9,cc903ab7c86b5c8213bf37d0de4373f2577fb1d119678409b25dc2d984901c0b,37b684282828661c2ac5cf61560330110d0227dab90939cb9ce6119a5edba754
61,voxforge_ru_mdc_2026_05:submission:dffbc38ae85d69ef86b38d91abdfc0f41342740e04056dfd7764f030b753baa9:prompt:ru_0039,dffbc38ae85d69ef86b38d91abdfc0f41342740e04056dfd7764f030b753baa9,ru_0039,voxforge_ru_mdc_2026_05:contributor:4a1d1eb26257a50cb3237d56c8227b4af0ae55aac6b9e75bd76dcb4381b6e14c,voxforge_ru_mdc_2026_05:contributor:4a1d1eb26257a50cb3237d56c8227b4af0ae55aac6b9e75bd76dcb4381b6e14c,e3f838634e87143f549b2154f71221981e44d036ce601a2faf7090e2dcf3b790,b0ec1732b25096fc2262e6f68d2c359970563bf9a2d52fd051fe74b313537fb2
62,voxforge_ru_mdc_2026_05:submission:598818e4909723fdab46e127e879b40c8d0cdad80dace5afd8c412e2d9d4fff8:prompt:ru_0006,598818e4909723fdab46e127e879b40c8d0cdad80dace5afd8c412e2d9d4fff8,ru_0006,voxforge_ru_mdc_2026_05:contributor:1d600d3450ed21563c24a614cba2766dccdae75f095f6095bee5f7a4beaf2744,voxforge_ru_mdc_2026_05:contributor:1d600d3450ed21563c24a614cba2766dccdae75f095f6095bee5f7a4beaf2744,f032ace3e5930871ca9b71ec3f175f23bada28e3dcf41f4414b99b2229d9d380,445000270e0339bc478427899dcf31c4f20d12657a124392d09e5b90ee9a4145
63,voxforge_ru_mdc_2026_05:submission:5952d5fc3b1a37c2e9ca3658856283d07bae4cde72138104623c236562418867:prompt:ru_0066,5952d5fc3b1a37c2e9ca3658856283d07bae4cde72138104623c236562418867,ru_0066,voxforge_ru_mdc_2026_05:contributor:5e2caf3266f4aa4412cc2d4edf1ef0b13dc1885d37d14e36ddbf2674b1a7d59e,voxforge_ru_mdc_2026_05:contributor:5e2caf3266f4aa4412cc2d4edf1ef0b13dc1885d37d14e36ddbf2674b1a7d59e,59f1df8f58f0a704302786b5c02c46a442dedc63d03cec4a28e05cae2416c59a,f6a260b6ce055e7b2a0613660f530bdb43e100fe891cddfc61534e76f072cdf0
64,voxforge_ru_mdc_2026_05:submission:0dfd38faee70aa710384fb4e657c8bb5a13b0916768e687fd84ceef174b19e98:prompt:ru_0025,0dfd38faee70aa710384fb4e657c8bb5a13b0916768e687fd84ceef174b19e98,ru_0025,voxforge_ru_mdc_2026_05:contributor:7f0b629cbb9d794b3daf19fcd686a30a039b47395545394dadc0574744996a87,voxforge_ru_mdc_2026_05:contributor:7f0b629cbb9d794b3daf19fcd686a30a039b47395545394dadc0574744996a87,0e679c0c762905542b7fde0bdabaec6e88dbdc217b78fd6c624866da120db5cf,1e55138ae99ebef54a8f21ba674aa12d5956cbbf5dd5d4e8adf1e26cca2d5e99
65,voxforge_ru_mdc_2026_05:submission:25ab5559d25ed921eabd84becf96204bf01c999d265c5cdc63291353217ea38f:prompt:ru_0040,25ab5559d25ed921eabd84becf96204bf01c999d265c5cdc63291353217ea38f,ru_0040,voxforge_ru_mdc_2026_05:contributor:e653da676c96f73e62cc86dd39a0124b2ff01b72d688ecfadff4d71160cfb72b,voxforge_ru_mdc_2026_05:contributor:e653da676c96f73e62cc86dd39a0124b2ff01b72d688ecfadff4d71160cfb72b,106caab715c1f19d383221b3772066f21c25a10e497b9123e3d41fa40a5e4bc3,8e4c458a42528e9b21ee2d572b188d051f1a28e97e37e3b28955e61c8a798ac7
66,voxforge_ru_mdc_2026_05:submission:18a7745477626450d12d1cfd3f9bea3bc3861821023256e17173b791d28194ba:prompt:ru_0094,18a7745477626450d12d1cfd3f9bea3bc3861821023256e17173b791d28194ba,ru_0094,voxforge_ru_mdc_2026_05:contributor:1323016fdbac211c162204eec17bca9a96144b74730951fa58888dd235a8f0e1,voxforge_ru_mdc_2026_05:contributor:1323016fdbac211c162204eec17bca9a96144b74730951fa58888dd235a8f0e1,0ba49054de08c4e46bd7f89d3c1c9fe40841e3b8c96179d4bd6145e45edffbc2,78df73d7051bf59ba80932e21ca854a10f944a45e37a396edb4f59e4317d75b6
67,voxforge_ru_mdc_2026_05:submission:ca6ea575b8a9f0446893f0b75ed1f1a8811f319c07f8c4ae1f23134b92b5f751:prompt:ru_0043,ca6ea575b8a9f0446893f0b75ed1f1a8811f319c07f8c4ae1f23134b92b5f751,ru_0043,voxforge_ru_mdc_2026_05:contributor:e2197567dfbc646095962e025d29b174f6db00dc693a28c919c85248da252a2c,voxforge_ru_mdc_2026_05:contributor:e2197567dfbc646095962e025d29b174f6db00dc693a28c919c85248da252a2c,02f2a226fffc0a3c60dd02f9f4f1adee5136aa922b4ff65e003b0fd11a2c16bf,1d2925b6efbcf0a3ee0ff55c9bd6157df2164bc15fbe42e9a9651dff011fb2dd
68,voxforge_ru_mdc_2026_05:submission:65f5812127ed8bee6fde38f9349910b455ee4bc9888c359e463c10ec1828c625:prompt:ru_0053,65f5812127ed8bee6fde38f9349910b455ee4bc9888c359e463c10ec1828c625,ru_0053,voxforge_ru_mdc_2026_05:contributor:07958963227ac8708629d2d354a6258e4d12ee7f97bf2d7a4dc2ce909f50d4fa,voxforge_ru_mdc_2026_05:contributor:07958963227ac8708629d2d354a6258e4d12ee7f97bf2d7a4dc2ce909f50d4fa,2dcd7c286a4db8382029dabf15375c1380e6dd9f1ac106877827e456b419a5f2,69e377148c1b1e69136e5eb38006cb2c7a4515fd2ed171bd79a976f6e0a8544c
69,voxforge_ru_mdc_2026_05:submission:3e066316c23a8843d375fa0a0f0985de8eaff7a05cdaa25bad275d8ac0d3b5d6:prompt:ru_0082,3e066316c23a8843d375fa0a0f0985de8eaff7a05cdaa25bad275d8ac0d3b5d6,ru_0082,voxforge_ru_mdc_2026_05:contributor:54a0335a8575db662e9178540ae3df3bd49474f4d2d58323a562ce7b7c037f44,voxforge_ru_mdc_2026_05:contributor:54a0335a8575db662e9178540ae3df3bd49474f4d2d58323a562ce7b7c037f44,015a1134b7366e048694b683ad700ddd0f81c705298569853f35f73121920935,bbbd871d8256e0ea80fdfb3e5b5dd6d42e551d534277c4e3761c7335ff1d6e8f
70,voxforge_ru_mdc_2026_05:submission:5a7a512e6959cba88dbefbaca90339610e38bb1b9acec2043f90ab9cc5b528e5:prompt:ru_0056,5a7a512e6959cba88dbefbaca90339610e38bb1b9acec2043f90ab9cc5b528e5,ru_0056,voxforge_ru_mdc_2026_05:contributor:ddaca8a241af1b78b2a9d7c0343a331d85feb8c83002ec7385ac50a89f59fb28,voxforge_ru_mdc_2026_05:contributor:ddaca8a241af1b78b2a9d7c0343a331d85feb8c83002ec7385ac50a89f59fb28,c96d675335a5b527fbf3a73b6359dfff16f9cb665ce43f6918f01e1b85c615c8,9abe2e7d73a44d348a18f006efde26a6be26a0ac392fe11c46994813e517e953
71,voxforge_ru_mdc_2026_05:submission:37ef15edd421041e5177b924399268969057e8c6b54de65e81b0349581f1c6ae:prompt:ru_0036,37ef15edd421041e5177b924399268969057e8c6b54de65e81b0349581f1c6ae,ru_0036,voxforge_ru_mdc_2026_05:contributor:e57958c9ee9fbf7544c12757fd9c67ca3293aadf9ca1761b73e689d957369246,voxforge_ru_mdc_2026_05:contributor:e57958c9ee9fbf7544c12757fd9c67ca3293aadf9ca1761b73e689d957369246,00c277db7c60609c7fa5930f0b04f9b4383cc75b3668635cf8873d50025da117,0cdd7e63f44b35dd9845cd2656793b9f69a7bdb504abcbf61555f185e145be37
72,voxforge_ru_mdc_2026_05:submission:126ebcff530e12b817d90b80952f8c39b333dbf361600168cf16c25d3e164f97:prompt:ru_0046,126ebcff530e12b817d90b80952f8c39b333dbf361600168cf16c25d3e164f97,ru_0046,voxforge_ru_mdc_2026_05:contributor:a87e9f12a3d1984849e216ca696398cd8e5a72372a1587ce3cb5248cb51d996a,voxforge_ru_mdc_2026_05:contributor:a87e9f12a3d1984849e216ca696398cd8e5a72372a1587ce3cb5248cb51d996a,d907bc6aeb680a814d75e55ca0378b8581d34167213cad72449dd255f2c6ea75,759f9540ca830f38c9dc6346717805c1971b64e70e23d60fc90a2f8a0137a869
73,voxforge_ru_mdc_2026_05:submission:08c33629b59548b9123bbb6e6911d09aed9235ff632f8c1a7c0ab61c18fa1896:prompt:ru_0013,08c33629b59548b9123bbb6e6911d09aed9235ff632f8c1a7c0ab61c18fa1896,ru_0013,voxforge_ru_mdc_2026_05:contributor:760d9d3ab5177f95313d05d84089ea4a0888f519dfd17509ca8a6bb6fc7b9370,voxforge_ru_mdc_2026_05:contributor:760d9d3ab5177f95313d05d84089ea4a0888f519dfd17509ca8a6bb6fc7b9370,66dd409823dc9dcfb242cb52369ec1e38d5960d0d427ef204c5ed11cf9bddabf,3619d63b23ea850ef64cf7cde27ab2eb5e54f73db0050bdfff5902ac05757c91
74,voxforge_ru_mdc_2026_05:submission:0b136ed481faac46f4ada62ea2b9dff965c4edd9be4a4268751a21f865fb7116:prompt:ru_0087,0b136ed481faac46f4ada62ea2b9dff965c4edd9be4a4268751a21f865fb7116,ru_0087,voxforge_ru_mdc_2026_05:contributor:351d08e9f3693083ea6a9702b3c15216f80ed958b0bb80026fa2bdcd18487cd3,voxforge_ru_mdc_2026_05:contributor:351d08e9f3693083ea6a9702b3c15216f80ed958b0bb80026fa2bdcd18487cd3,ff5fa09d83d28397669ab1932464a7066485643014a14c3575ef957b496f0bf1,e8dd06380ec32a98baef2a8404cb093b4eb340b8001d72d9d94abbfbf20275b9
75,voxforge_ru_mdc_2026_05:submission:42ca9f1405f9e6947902b821a65288cc2b993de88a5b4354997ea0808de19a03:prompt:ru_0062,42ca9f1405f9e6947902b821a65288cc2b993de88a5b4354997ea0808de19a03,ru_0062,voxforge_ru_mdc_2026_05:contributor:230a75044604f0a83f438646c79c69d260bf40036fe175ef6ba093fac5d2dd07,voxforge_ru_mdc_2026_05:contributor:230a75044604f0a83f438646c79c69d260bf40036fe175ef6ba093fac5d2dd07,9884e454e22a06ce7ce0ccf6e9a316d0987d5fa6b3d03e00089cf8f3fa931d98,ebc66ba11d734512a91a2dfa9f324a6986a2bb8a1962f86adb24435a29a09c0c
76,voxforge_ru_mdc_2026_05:submission:688c0925b1d72175f8a87c2b6fbdd691982870fa77c76164e2baffffd5b567b0:prompt:ru_0076,688c0925b1d72175f8a87c2b6fbdd691982870fa77c76164e2baffffd5b567b0,ru_0076,voxforge_ru_mdc_2026_05:contributor:742b9bb2306eb494bbd3b50593a32cfe621fa9b3228ccfdc119dfd44155b5662,voxforge_ru_mdc_2026_05:contributor:742b9bb2306eb494bbd3b50593a32cfe621fa9b3228ccfdc119dfd44155b5662,5145292f8f43bcc9aa987ce9ac6d5bd5635141363a28208547fc6e98e2f746ef,6e7d6adff1948561b3063ea46984d50bc08694b58886112edaa131e0a0a4877e
77,voxforge_ru_mdc_2026_05:submission:2a7d991d507bdd68a7180caad5a210c406f3c8076327dd01585448966946f9be:prompt:ru_0024,2a7d991d507bdd68a7180caad5a210c406f3c8076327dd01585448966946f9be,ru_0024,voxforge_ru_mdc_2026_05:contributor:80ac4d0dbe94299a7e3809ac0c4778c2177f3780ba64144cdcb99f375d2ee4df,voxforge_ru_mdc_2026_05:contributor:80ac4d0dbe94299a7e3809ac0c4778c2177f3780ba64144cdcb99f375d2ee4df,832fa9cf05a6e5ceee1bc8c94f285a07ee7974406efbcf225ca27965a84e7b93,05077ec82d9622d781af0febf2b8314e467341c71cb8d9dcc713eacd65edeed3
78,voxforge_ru_mdc_2026_05:submission:ba747b2f511007516fdf2aa7c7ce8a0633b254c9570af6cbba6f6dfa2b4793fa:prompt:ru_0063,ba747b2f511007516fdf2aa7c7ce8a0633b254c9570af6cbba6f6dfa2b4793fa,ru_0063,voxforge_ru_mdc_2026_05:contributor:8f2e6631a09b102ef46893c450e73ffcdb043c9e1a2eaa912f379c48c10bc066,voxforge_ru_mdc_2026_05:contributor:8f2e6631a09b102ef46893c450e73ffcdb043c9e1a2eaa912f379c48c10bc066,0c15ca56883ab04e02dcf6bd1904342abbf6bb60545248d39bb4d5ad93e8f668,e761a8f9848b4c00c2a9b8bc01991f27dbddbc410e1c8e4c9cbff36c2f568563
79,voxforge_ru_mdc_2026_05:submission:8557c9b7adee7fcfd8ef7d1feae44327316d19ce2e3e31383418dd2ea25d5638:prompt:ru_0085,8557c9b7adee7fcfd8ef7d1feae44327316d19ce2e3e31383418dd2ea25d5638,ru_0085,voxforge_ru_mdc_2026_05:contributor:766a5ad0a3494a7f2089692e368ac32f974ab0995a32ba605c64148de06f6a05,voxforge_ru_mdc_2026_05:contributor:766a5ad0a3494a7f2089692e368ac32f974ab0995a32ba605c64148de06f6a05,3d597365c359fec931bb87e7c6dafec022cbe79a19c5305b1549c2eb88b8a3f6,50e8f795d0b611eef47c5bbad8422f68c05b7ecb2e71bba3b69bc2882ba943fc
80,voxforge_ru_mdc_2026_05:submission:48981f0204bf6c2cbbce284f154afb8f04adf51d06a7dc5b6bbabe73667fb59b:prompt:ru_0016,48981f0204bf6c2cbbce284f154afb8f04adf51d06a7dc5b6bbabe73667fb59b,ru_0016,voxforge_ru_mdc_2026_05:contributor:bdea8126c75ef303cddc55c959e4dfc1ad3bec9ad860b6cd0acfbab9ee7a4ed3,voxforge_ru_mdc_2026_05:contributor:bdea8126c75ef303cddc55c959e4dfc1ad3bec9ad860b6cd0acfbab9ee7a4ed3,f2c3126412f64494c9edf7e3128d71c0cd4e225ec005f3fad3b76756e561bd47,95cc7a50dbd989dbe80ff3a6b06d38eedd1c87fd4bfcb7652a910e3e8bf01d71
81,voxforge_ru_mdc_2026_05:submission:a697e467026d3c2ffe4fbbffde26fc07f65238378122ac299eb02331dc9e50e1:prompt:ru_0027,a697e467026d3c2ffe4fbbffde26fc07f65238378122ac299eb02331dc9e50e1,ru_0027,voxforge_ru_mdc_2026_05:contributor:b59394cd2039ad18d9b47434498eaa794ce80b29b0e86f16018b2b1aaf94de0c,voxforge_ru_mdc_2026_05:contributor:b59394cd2039ad18d9b47434498eaa794ce80b29b0e86f16018b2b1aaf94de0c,da308253aab90d5d753f1beacee0625a501ccae6a70e10fee426a2e475866a14,a43a4f7cf18cce35dc177ce5841cf6bf87194a9ecaa52e8bdd12082b4de569ed
