archive_name,expected_size_bytes,sha256,pinned_revision,source_url
"ruasd-000000.tar","999813120","956efb0e1281ada0dcee6f2ed9498c454552be88b3e9784e52e70c3ef4dfcd67","fcbc87c57b54ef4f58e1135e2813f6f000c2b739","https://huggingface.co/datasets/lab260/RuASD/tree/fcbc87c57b54ef4f58e1135e2813f6f000c2b739"
"ruasd-000001.tar","1000581120","aef31acd23be37b8c61023894d533524a2bdc2c47ddf39045c7cbcacd3d2b9bf","fcbc87c57b54ef4f58e1135e2813f6f000c2b739","https://huggingface.co/datasets/lab260/RuASD/tree/fcbc87c57b54ef4f58e1135e2813f6f000c2b739"
"ruasd-000002.tar","1000837120","ed561d195cf746a99581ffdd87acf84cf5daf82967dc52e59b72d2c36652fe20","fcbc87c57b54ef4f58e1135e2813f6f000c2b739","https://huggingface.co/datasets/lab260/RuASD/tree/fcbc87c57b54ef4f58e1135e2813f6f000c2b739"
"ruasd-000003.tar","1000744960","372fa2ce646a4fac9fa0df256ca085b25404860495b8d8eaa0b2082a702d34cc","fcbc87c57b54ef4f58e1135e2813f6f000c2b739","https://huggingface.co/datasets/lab260/RuASD/tree/fcbc87c57b54ef4f58e1135e2813f6f000c2b739"
"ruasd-000004.tar","1001093120","2a775a848ca58e559eb7089cfb6e2e2d8d10ad0034e890d5b6f75bdc32adc8e8","fcbc87c57b54ef4f58e1135e2813f6f000c2b739","https://huggingface.co/datasets/lab260/RuASD/tree/fcbc87c57b54ef4f58e1135e2813f6f000c2b739"
"ruasd-000005.tar","999792640","779f49bec2e7d6ed43114d1300358eca38fcb2e48bd7a8a12d3edbdb502552de","fcbc87c57b54ef4f58e1135e2813f6f000c2b739","https://huggingface.co/datasets/lab260/RuASD/tree/fcbc87c57b54ef4f58e1135e2813f6f000c2b739"
"ruasd-000006.tar","1000161280","77812e42bde3a94b3394f1115a5df3064b097a5da0f2e0ccf0a9bc7039f84dc0","fcbc87c57b54ef4f58e1135e2813f6f000c2b739","https://huggingface.co/datasets/lab260/RuASD/tree/fcbc87c57b54ef4f58e1135e2813f6f000c2b739"
"ruasd-000007.tar","1000110080","788d3d68e08ffe3c39680bb0f596601608971a684c514ed72e49f29d2ace7096","fcbc87c57b54ef4f58e1135e2813f6f000c2b739","https://huggingface.co/datasets/lab260/RuASD/tree/fcbc87c57b54ef4f58e1135e2813f6f000c2b739"
"ruasd-000008.tar","1000335360","b7d4aa474ca52f9ac90c0a76627fd49c89870e0e4f06e0dbe746604c3bc70174","fcbc87c57b54ef4f58e1135e2813f6f000c2b739","https://huggingface.co/datasets/lab260/RuASD/tree/fcbc87c57b54ef4f58e1135e2813f6f000c2b739"
"ruasd-000009.tar","1000284160","f44f5113a80bfa83d9f3c2dd896413fcf0c0cb830ed511e04a32a49416cb4bfe","fcbc87c57b54ef4f58e1135e2813f6f000c2b739","https://huggingface.co/datasets/lab260/RuASD/tree/fcbc87c57b54ef4f58e1135e2813f6f000c2b739"
"ruasd-000010.tar","1000243200","c01bc7709013b42e4502334f36c6ee245be6b1eaabcd63f22cb61cf95a9b4820","fcbc87c57b54ef4f58e1135e2813f6f000c2b739","https://huggingface.co/datasets/lab260/RuASD/tree/fcbc87c57b54ef4f58e1135e2813f6f000c2b739"
"ruasd-000011.tar","1003376640","353bc11e5f15628d1112e1c8d7d3570571383b871d4dcf57e62986f713dc1d7c","fcbc87c57b54ef4f58e1135e2813f6f000c2b739","https://huggingface.co/datasets/lab260/RuASD/tree/fcbc87c57b54ef4f58e1135e2813f6f000c2b739"
"ruasd-000012.tar","1003581440","4138c0deb406df3d68f266c6164f0e29d2f60ae922a25dcc7131e4cb39920335","fcbc87c57b54ef4f58e1135e2813f6f000c2b739","https://huggingface.co/datasets/lab260/RuASD/tree/fcbc87c57b54ef4f58e1135e2813f6f000c2b739"
"ruasd-000013.tar","1003304960","2b4498fb624c19a0bffd87e92cdecc1efb7d43d858d403db3d119b00dde24a27","fcbc87c57b54ef4f58e1135e2813f6f000c2b739","https://huggingface.co/datasets/lab260/RuASD/tree/fcbc87c57b54ef4f58e1135e2813f6f000c2b739"
"ruasd-000014.tar","1002813440","60c3b809f0dbf2bc17467fdf6f172dc916c3b53c5481af7e9268375293d3544a","fcbc87c57b54ef4f58e1135e2813f6f000c2b739","https://huggingface.co/datasets/lab260/RuASD/tree/fcbc87c57b54ef4f58e1135e2813f6f000c2b739"
"ruasd-000015.tar","999639040","7c7a5f0251e4c85761fa6955a55eaae7c88a0304aae2d37f3339181d89493dc4","fcbc87c57b54ef4f58e1135e2813f6f000c2b739","https://huggingface.co/datasets/lab260/RuASD/tree/fcbc87c57b54ef4f58e1135e2813f6f000c2b739"
"ruasd-000016.tar","999577600","e057965b8e9f334917643e6dd413f471414e2b12faab4da17607ec436d32db0b","fcbc87c57b54ef4f58e1135e2813f6f000c2b739","https://huggingface.co/datasets/lab260/RuASD/tree/fcbc87c57b54ef4f58e1135e2813f6f000c2b739"
"ruasd-000017.tar","1003632640","9be480d6438d5d20383c84d464fe0f56fdeac42a7a388c8eca526e3a9c5b0730","fcbc87c57b54ef4f58e1135e2813f6f000c2b739","https://huggingface.co/datasets/lab260/RuASD/tree/fcbc87c57b54ef4f58e1135e2813f6f000c2b739"
"ruasd-000018.tar","1004103680","1b3daaf2788ebdacacd3b0db3cd9525117169f857720455d7b3e7ef14d8033f5","fcbc87c57b54ef4f58e1135e2813f6f000c2b739","https://huggingface.co/datasets/lab260/RuASD/tree/fcbc87c57b54ef4f58e1135e2813f6f000c2b739"
"ruasd-000019.tar","1004247040","4d0883d7f74a3ed4d22b81eaf286d675d80b1b736657d4214cac74a7af1b540a","fcbc87c57b54ef4f58e1135e2813f6f000c2b739","https://huggingface.co/datasets/lab260/RuASD/tree/fcbc87c57b54ef4f58e1135e2813f6f000c2b739"
"ruasd-000020.tar","1004564480","e602ef0f15669ea22e44f7eaaec86403b4b0fa220e8454d67277986fbb71d94f","fcbc87c57b54ef4f58e1135e2813f6f000c2b739","https://huggingface.co/datasets/lab260/RuASD/tree/fcbc87c57b54ef4f58e1135e2813f6f000c2b739"
"ruasd-000021.tar","1004605440","c07fe470ff7f2bc79e54e966dfbe37ec74208c76d5fe00f573ad43e8cdc444e0","fcbc87c57b54ef4f58e1135e2813f6f000c2b739","https://huggingface.co/datasets/lab260/RuASD/tree/fcbc87c57b54ef4f58e1135e2813f6f000c2b739"
"ruasd-000022.tar","1003939840","00a2729af2916f709237759b3945833cc50e106d73aaadfccaf56ce69405ef4f","fcbc87c57b54ef4f58e1135e2813f6f000c2b739","https://huggingface.co/datasets/lab260/RuASD/tree/fcbc87c57b54ef4f58e1135e2813f6f000c2b739"
"ruasd-000023.tar","1004359680","92dcd056de1c37c906948464461431572f03bef3f9e0f782cb2db33612dd2a68","fcbc87c57b54ef4f58e1135e2813f6f000c2b739","https://huggingface.co/datasets/lab260/RuASD/tree/fcbc87c57b54ef4f58e1135e2813f6f000c2b739"
"ruasd-000024.tar","1004236800","7d9a6560c2487ec5e494ecc5766dc826861d8410963c69c9035fad857639b886","fcbc87c57b54ef4f58e1135e2813f6f000c2b739","https://huggingface.co/datasets/lab260/RuASD/tree/fcbc87c57b54ef4f58e1135e2813f6f000c2b739"
"ruasd-000025.tar","1004042240","f9b504ae0a23e04ffdb91a7bafb5aa1257adbedabb31ed585a703857527aeda8","fcbc87c57b54ef4f58e1135e2813f6f000c2b739","https://huggingface.co/datasets/lab260/RuASD/tree/fcbc87c57b54ef4f58e1135e2813f6f000c2b739"
"ruasd-000026.tar","1003929600","3b65fd5bfc7ebba7d760c2822a2541ad3fd0013ec50a6bb5287f6db4fc3d0614","fcbc87c57b54ef4f58e1135e2813f6f000c2b739","https://huggingface.co/datasets/lab260/RuASD/tree/fcbc87c57b54ef4f58e1135e2813f6f000c2b739"
"ruasd-000027.tar","1004441600","4152909c96cc374b4fe67a0fad78f36d1b2789df9d5764392b657daa4dc8cc39","fcbc87c57b54ef4f58e1135e2813f6f000c2b739","https://huggingface.co/datasets/lab260/RuASD/tree/fcbc87c57b54ef4f58e1135e2813f6f000c2b739"
"ruasd-000028.tar","1004093440","66ffeecd3ef218d7cc5b3ea3c286dd2beff7efb81bd52148740c22c36f8bec98","fcbc87c57b54ef4f58e1135e2813f6f000c2b739","https://huggingface.co/datasets/lab260/RuASD/tree/fcbc87c57b54ef4f58e1135e2813f6f000c2b739"
"ruasd-000029.tar","1002659840","bd4c92313d321ec5285eeaf04fb5b6212bb476b4c7827b04b7be32d014f3ffb3","fcbc87c57b54ef4f58e1135e2813f6f000c2b739","https://huggingface.co/datasets/lab260/RuASD/tree/fcbc87c57b54ef4f58e1135e2813f6f000c2b739"
"ruasd-000030.tar","1001605120","85298b835dd63321b5b0136574832ae0f9288331cbdd71a6d98cc521841cd41a","fcbc87c57b54ef4f58e1135e2813f6f000c2b739","https://huggingface.co/datasets/lab260/RuASD/tree/fcbc87c57b54ef4f58e1135e2813f6f000c2b739"
"ruasd-000031.tar","1001850880","b99aff3689238c6d72ba45c88cf7d0eda92bdefa9fe0b733292b8bc339386f5e","fcbc87c57b54ef4f58e1135e2813f6f000c2b739","https://huggingface.co/datasets/lab260/RuASD/tree/fcbc87c57b54ef4f58e1135e2813f6f000c2b739"
"ruasd-000032.tar","1001666560","5f68fa35b5bdce4b43fcdf7e5270983f715dbb62cdf3f1c7a3fa74e996aa7491","fcbc87c57b54ef4f58e1135e2813f6f000c2b739","https://huggingface.co/datasets/lab260/RuASD/tree/fcbc87c57b54ef4f58e1135e2813f6f000c2b739"
"ruasd-000033.tar","1004779520","348597d85de8c1281bed88a2c288ef6f4dde2a836d4c482f7b7d3845e33823fe","fcbc87c57b54ef4f58e1135e2813f6f000c2b739","https://huggingface.co/datasets/lab260/RuASD/tree/fcbc87c57b54ef4f58e1135e2813f6f000c2b739"
"ruasd-000034.tar","1005527040","78f2ea0b9ebf7bd61d63bee11cd83408fa31a4e9d7ef15ac4eb9acb1173c01ae","fcbc87c57b54ef4f58e1135e2813f6f000c2b739","https://huggingface.co/datasets/lab260/RuASD/tree/fcbc87c57b54ef4f58e1135e2813f6f000c2b739"
"ruasd-000035.tar","1001492480","4c4361cf2d6237d462684fc02103e4c46d7b23cccbe1dbace76c5b6c63b7bf71","fcbc87c57b54ef4f58e1135e2813f6f000c2b739","https://huggingface.co/datasets/lab260/RuASD/tree/fcbc87c57b54ef4f58e1135e2813f6f000c2b739"
"ruasd-000036.tar","999895040","4f712c1acf26ec28bbe514038d01bd3188077ca903aafe1ce579002f263c896e","fcbc87c57b54ef4f58e1135e2813f6f000c2b739","https://huggingface.co/datasets/lab260/RuASD/tree/fcbc87c57b54ef4f58e1135e2813f6f000c2b739"
"ruasd-000037.tar","1000304640","f14461da1cce0d90da7a34952f795de631d22db2a2fa3a11bbae9b5a7806b25a","fcbc87c57b54ef4f58e1135e2813f6f000c2b739","https://huggingface.co/datasets/lab260/RuASD/tree/fcbc87c57b54ef4f58e1135e2813f6f000c2b739"
"ruasd-000038.tar","999997440","db66ded04e8ba4dae9415546060002fb67f8e5867371a5793e2f1081f0dedf32","fcbc87c57b54ef4f58e1135e2813f6f000c2b739","https://huggingface.co/datasets/lab260/RuASD/tree/fcbc87c57b54ef4f58e1135e2813f6f000c2b739"
"ruasd-000039.tar","1000366080","c88c0ff0fb9e057fd3f90d3069201b69058dbbf0b9080ba85bca0a3ce1fdb73f","fcbc87c57b54ef4f58e1135e2813f6f000c2b739","https://huggingface.co/datasets/lab260/RuASD/tree/fcbc87c57b54ef4f58e1135e2813f6f000c2b739"
"ruasd-000040.tar","1000652800","7d8f8babcc59f2153e2efa1dbe87ee348029a65256b3f0a57150e610c7b7d40a","fcbc87c57b54ef4f58e1135e2813f6f000c2b739","https://huggingface.co/datasets/lab260/RuASD/tree/fcbc87c57b54ef4f58e1135e2813f6f000c2b739"
"ruasd-000041.tar","1000417280","26e675c3da4e3d69f74c3d3427689412d02921ad06d0532ab149fc5502028a65","fcbc87c57b54ef4f58e1135e2813f6f000c2b739","https://huggingface.co/datasets/lab260/RuASD/tree/fcbc87c57b54ef4f58e1135e2813f6f000c2b739"
"ruasd-000042.tar","1000734720","0c52e4f2d91db93426ae96d438f9804d16ff5081bd511cb16e2ce3e365cbe98c","fcbc87c57b54ef4f58e1135e2813f6f000c2b739","https://huggingface.co/datasets/lab260/RuASD/tree/fcbc87c57b54ef4f58e1135e2813f6f000c2b739"
"ruasd-000043.tar","1000437760","2ddc4b9631cb93cc79f672068a8b5cf355c47cdbf69f4796bc7fbb34ed8aee54","fcbc87c57b54ef4f58e1135e2813f6f000c2b739","https://huggingface.co/datasets/lab260/RuASD/tree/fcbc87c57b54ef4f58e1135e2813f6f000c2b739"
"ruasd-000044.tar","1000509440","66bd12ba8624c8207b9e06fc9520be50273ee8878b84347fce86a5079c0a9913","fcbc87c57b54ef4f58e1135e2813f6f000c2b739","https://huggingface.co/datasets/lab260/RuASD/tree/fcbc87c57b54ef4f58e1135e2813f6f000c2b739"
"ruasd-000045.tar","1000325120","f9a53c9309fa73fad9050318d788a7eb88d66f14339b88526be650902d0e85c7","fcbc87c57b54ef4f58e1135e2813f6f000c2b739","https://huggingface.co/datasets/lab260/RuASD/tree/fcbc87c57b54ef4f58e1135e2813f6f000c2b739"
"ruasd-000046.tar","1001441280","a3fdd265bafe8709076076605c524cb4f87d61744f241fbc6007e2b588f67ae5","fcbc87c57b54ef4f58e1135e2813f6f000c2b739","https://huggingface.co/datasets/lab260/RuASD/tree/fcbc87c57b54ef4f58e1135e2813f6f000c2b739"
"ruasd-000047.tar","1000704000","1c06c37f1f012eb4a3b58230ec07eb1269e51550b3d87ea1c3acc831816dad14","fcbc87c57b54ef4f58e1135e2813f6f000c2b739","https://huggingface.co/datasets/lab260/RuASD/tree/fcbc87c57b54ef4f58e1135e2813f6f000c2b739"
"ruasd-000048.tar","1000734720","8cd4e7ed3bb232ac867a553263240f4c4c92d4dfcf3d75b2332b63503b5700b2","fcbc87c57b54ef4f58e1135e2813f6f000c2b739","https://huggingface.co/datasets/lab260/RuASD/tree/fcbc87c57b54ef4f58e1135e2813f6f000c2b739"
"ruasd-000049.tar","1000478720","116b776bf0dc48923d767f981bdf316ad7ffa43e220e1963fb43580987249bdf","fcbc87c57b54ef4f58e1135e2813f6f000c2b739","https://huggingface.co/datasets/lab260/RuASD/tree/fcbc87c57b54ef4f58e1135e2813f6f000c2b739"
"ruasd-000050.tar","1004328960","9d098f38c8f36d6fc138b2ba182e07b9a9424e7d6725b8835ae86f114413e191","fcbc87c57b54ef4f58e1135e2813f6f000c2b739","https://huggingface.co/datasets/lab260/RuASD/tree/fcbc87c57b54ef4f58e1135e2813f6f000c2b739"
"ruasd-000051.tar","1006346240","a21e6fbe80d27375fea07c107813a99b3f6620143decc41080fb18110857dd14","fcbc87c57b54ef4f58e1135e2813f6f000c2b739","https://huggingface.co/datasets/lab260/RuASD/tree/fcbc87c57b54ef4f58e1135e2813f6f000c2b739"
"ruasd-000052.tar","1006336000","c760b903912bf7198e8c26f2db4c7f428749205447b1a953032f13b5efbf4369","fcbc87c57b54ef4f58e1135e2813f6f000c2b739","https://huggingface.co/datasets/lab260/RuASD/tree/fcbc87c57b54ef4f58e1135e2813f6f000c2b739"
"ruasd-000053.tar","1006110720","9e1799fb32ccfc063204d0d720b547640f4312675878650a44322d41d11a537d","fcbc87c57b54ef4f58e1135e2813f6f000c2b739","https://huggingface.co/datasets/lab260/RuASD/tree/fcbc87c57b54ef4f58e1135e2813f6f000c2b739"
"ruasd-000054.tar","1006274560","16b865712e56773ba920fcaef2529c44075748548d180ead0078d325a22bc16a","fcbc87c57b54ef4f58e1135e2813f6f000c2b739","https://huggingface.co/datasets/lab260/RuASD/tree/fcbc87c57b54ef4f58e1135e2813f6f000c2b739"
"ruasd-000055.tar","1006131200","b1067dc46b28b65481a62b8fb8292493bcbdcb0bc5de1e6bbc26d1916277df12","fcbc87c57b54ef4f58e1135e2813f6f000c2b739","https://huggingface.co/datasets/lab260/RuASD/tree/fcbc87c57b54ef4f58e1135e2813f6f000c2b739"
"ruasd-000056.tar","1006366720","670b0b30a0e2607444aef5f50c436783f43c48d450db54bdb028277a1eb8c335","fcbc87c57b54ef4f58e1135e2813f6f000c2b739","https://huggingface.co/datasets/lab260/RuASD/tree/fcbc87c57b54ef4f58e1135e2813f6f000c2b739"
"ruasd-000057.tar","1006356480","c17a91e33aef4808b32cb9174e7d276ddc0f4b25c6f4da32b2f13fa4e0a7b9a3","fcbc87c57b54ef4f58e1135e2813f6f000c2b739","https://huggingface.co/datasets/lab260/RuASD/tree/fcbc87c57b54ef4f58e1135e2813f6f000c2b739"
"ruasd-000058.tar","1006264320","abd8d2a7b8b81e305c7cc2a481fdef26d48e31bad0d440b22ea24842c6ee1c0a","fcbc87c57b54ef4f58e1135e2813f6f000c2b739","https://huggingface.co/datasets/lab260/RuASD/tree/fcbc87c57b54ef4f58e1135e2813f6f000c2b739"
"ruasd-000059.tar","1006325760","0f676fe5cc7422724e00d5d53cb1ac7bb661b54e38128b1546efeb448da9df07","fcbc87c57b54ef4f58e1135e2813f6f000c2b739","https://huggingface.co/datasets/lab260/RuASD/tree/fcbc87c57b54ef4f58e1135e2813f6f000c2b739"
"ruasd-000060.tar","1006192640","1d3c9c6ba9cbc93ab52caf647d5e53b11c473073c90fe385860d7bfa80456e1e","fcbc87c57b54ef4f58e1135e2813f6f000c2b739","https://huggingface.co/datasets/lab260/RuASD/tree/fcbc87c57b54ef4f58e1135e2813f6f000c2b739"
"ruasd-000061.tar","1006039040","6f9ddbe67e646118f24e99539e7989eb0818ccbea3983edfec0910ec211be3b9","fcbc87c57b54ef4f58e1135e2813f6f000c2b739","https://huggingface.co/datasets/lab260/RuASD/tree/fcbc87c57b54ef4f58e1135e2813f6f000c2b739"
"ruasd-000062.tar","1006387200","b97e633372dcbdee4452c8b70a5bb0a761e3e921cfd0411f33a6bf112bce0afe","fcbc87c57b54ef4f58e1135e2813f6f000c2b739","https://huggingface.co/datasets/lab260/RuASD/tree/fcbc87c57b54ef4f58e1135e2813f6f000c2b739"
"ruasd-000063.tar","1006284800","3644ff7e14fd3e88f1f04c233126017f5c3ed1dd42ffa4f1420d4e123057297f","fcbc87c57b54ef4f58e1135e2813f6f000c2b739","https://huggingface.co/datasets/lab260/RuASD/tree/fcbc87c57b54ef4f58e1135e2813f6f000c2b739"
"ruasd-000064.tar","1006192640","122a3267387064bb6a18963c1814113f6acffb5a0fa0e193891f86b9ee07965a","fcbc87c57b54ef4f58e1135e2813f6f000c2b739","https://huggingface.co/datasets/lab260/RuASD/tree/fcbc87c57b54ef4f58e1135e2813f6f000c2b739"
"ruasd-000065.tar","1006254080","90e7f5af2240bf9287424032353003e1ba66cb01c4bf075790384e0373841aaf","fcbc87c57b54ef4f58e1135e2813f6f000c2b739","https://huggingface.co/datasets/lab260/RuASD/tree/fcbc87c57b54ef4f58e1135e2813f6f000c2b739"
"ruasd-000066.tar","1006223360","6d716784260b3b8838f44216055aecd6052804153b4fae744d525c265d3a604e","fcbc87c57b54ef4f58e1135e2813f6f000c2b739","https://huggingface.co/datasets/lab260/RuASD/tree/fcbc87c57b54ef4f58e1135e2813f6f000c2b739"
"ruasd-000067.tar","1006233600","7de227c74974d53767a77b31e4a48364d9e131d43aa9185af3d1fbb7838435a3","fcbc87c57b54ef4f58e1135e2813f6f000c2b739","https://huggingface.co/datasets/lab260/RuASD/tree/fcbc87c57b54ef4f58e1135e2813f6f000c2b739"
"ruasd-000068.tar","1006243840","edd4be79c99aa6685c15aba9a72e1794fb24a846236c5e46a50c190dd9800e5a","fcbc87c57b54ef4f58e1135e2813f6f000c2b739","https://huggingface.co/datasets/lab260/RuASD/tree/fcbc87c57b54ef4f58e1135e2813f6f000c2b739"
"ruasd-000069.tar","1006151680","c1d94d085c598fcc07ff3d88071871aa83d796d9a65ff07f072cd2c2fe2eef71","fcbc87c57b54ef4f58e1135e2813f6f000c2b739","https://huggingface.co/datasets/lab260/RuASD/tree/fcbc87c57b54ef4f58e1135e2813f6f000c2b739"
"ruasd-000070.tar","1005271040","6c274fd6653f105e633c71144859cf3deb4a61ba17836298a2a0c7d1f9e7e83b","fcbc87c57b54ef4f58e1135e2813f6f000c2b739","https://huggingface.co/datasets/lab260/RuASD/tree/fcbc87c57b54ef4f58e1135e2813f6f000c2b739"
"ruasd-000071.tar","1004994560","f460ee4139d7a9cdb173aa50ad6ac0f498185a2909d1bf610e7c0e758028967a","fcbc87c57b54ef4f58e1135e2813f6f000c2b739","https://huggingface.co/datasets/lab260/RuASD/tree/fcbc87c57b54ef4f58e1135e2813f6f000c2b739"
"ruasd-000072.tar","1003069440","3bb49462bf35261fb03cd9cf6b05cb36d116d4e54414c3c1bb1930663c7a9687","fcbc87c57b54ef4f58e1135e2813f6f000c2b739","https://huggingface.co/datasets/lab260/RuASD/tree/fcbc87c57b54ef4f58e1135e2813f6f000c2b739"
"ruasd-000073.tar","1002045440","fcf6e9e6cc7bbd97ba288897816ada82535e3d0de0d221243c68c204d16baec6","fcbc87c57b54ef4f58e1135e2813f6f000c2b739","https://huggingface.co/datasets/lab260/RuASD/tree/fcbc87c57b54ef4f58e1135e2813f6f000c2b739"
"ruasd-000074.tar","1001963520","795fd71bd46a5cd10f7b34c9a9773ad50322cb93584f26bc5e5a89d0524c4cd0","fcbc87c57b54ef4f58e1135e2813f6f000c2b739","https://huggingface.co/datasets/lab260/RuASD/tree/fcbc87c57b54ef4f58e1135e2813f6f000c2b739"
"ruasd-000075.tar","1001902080","9f6b85a8d2f1ba25b13d1f73600a700e09cc5238606638dbe3c1a002206b8c83","fcbc87c57b54ef4f58e1135e2813f6f000c2b739","https://huggingface.co/datasets/lab260/RuASD/tree/fcbc87c57b54ef4f58e1135e2813f6f000c2b739"
"ruasd-000076.tar","1005066240","d39a688d54cdbb176f6b6241cd74616806b0669e61549f254409637f0ea853b7","fcbc87c57b54ef4f58e1135e2813f6f000c2b739","https://huggingface.co/datasets/lab260/RuASD/tree/fcbc87c57b54ef4f58e1135e2813f6f000c2b739"
"ruasd-000077.tar","1005066240","18fabcd277646e7b9ce81d5e19475a4aa77e86f0e5a7131f32fdb3c0bc464253","fcbc87c57b54ef4f58e1135e2813f6f000c2b739","https://huggingface.co/datasets/lab260/RuASD/tree/fcbc87c57b54ef4f58e1135e2813f6f000c2b739"
"ruasd-000078.tar","1004482560","261e7f8a3ace85a921100446a4f7517e9c08795b7efd1d622ceb5a2bb7e07a94","fcbc87c57b54ef4f58e1135e2813f6f000c2b739","https://huggingface.co/datasets/lab260/RuASD/tree/fcbc87c57b54ef4f58e1135e2813f6f000c2b739"
"ruasd-000079.tar","1003847680","4e05e901ebda5d6752f1b5f19c66c17af4c355fcd0d30babd59c0b7dcbad9d59","fcbc87c57b54ef4f58e1135e2813f6f000c2b739","https://huggingface.co/datasets/lab260/RuASD/tree/fcbc87c57b54ef4f58e1135e2813f6f000c2b739"
"ruasd-000080.tar","1002086400","bf5143255b3d18f33bed2e354017253994ceff6d19e99b4a044f468cee11cb72","fcbc87c57b54ef4f58e1135e2813f6f000c2b739","https://huggingface.co/datasets/lab260/RuASD/tree/fcbc87c57b54ef4f58e1135e2813f6f000c2b739"
"ruasd-000081.tar","1000826880","db0d5e4de97fd86114246ceff1dabeeeab95f35911be4abeb84cc0e31379f4d3","fcbc87c57b54ef4f58e1135e2813f6f000c2b739","https://huggingface.co/datasets/lab260/RuASD/tree/fcbc87c57b54ef4f58e1135e2813f6f000c2b739"
"ruasd-000082.tar","1000458240","96739d1608999244f28e86dad674c03faef560ff53be680d8e72318c4852b8c6","fcbc87c57b54ef4f58e1135e2813f6f000c2b739","https://huggingface.co/datasets/lab260/RuASD/tree/fcbc87c57b54ef4f58e1135e2813f6f000c2b739"
"ruasd-000083.tar","999915520","30b6291498331b6fd4e505ccd4b3a9b60a67ffbe9c68507fe9c7a81b2fd7d014","fcbc87c57b54ef4f58e1135e2813f6f000c2b739","https://huggingface.co/datasets/lab260/RuASD/tree/fcbc87c57b54ef4f58e1135e2813f6f000c2b739"
"ruasd-000084.tar","999946240","b378946bde54ac4726fe8309543fbada314af449e962302ceb3c421c0f26aa57","fcbc87c57b54ef4f58e1135e2813f6f000c2b739","https://huggingface.co/datasets/lab260/RuASD/tree/fcbc87c57b54ef4f58e1135e2813f6f000c2b739"
"ruasd-000085.tar","1001082880","ba2d12cc4f0bce06ac62a3e113106178d0b34601be76609090b16bc4ff2c6413","fcbc87c57b54ef4f58e1135e2813f6f000c2b739","https://huggingface.co/datasets/lab260/RuASD/tree/fcbc87c57b54ef4f58e1135e2813f6f000c2b739"
"ruasd-000086.tar","1003089920","c2fd2da138a74447c45f84241502b1c972a45ffb93c3f2e63dd276642cc6c1bf","fcbc87c57b54ef4f58e1135e2813f6f000c2b739","https://huggingface.co/datasets/lab260/RuASD/tree/fcbc87c57b54ef4f58e1135e2813f6f000c2b739"
"ruasd-000087.tar","1003274240","399be20fec505f3b4379b759ef7fb734bfb005287bcec819e3f1cf8aa5be9b5e","fcbc87c57b54ef4f58e1135e2813f6f000c2b739","https://huggingface.co/datasets/lab260/RuASD/tree/fcbc87c57b54ef4f58e1135e2813f6f000c2b739"
"ruasd-000088.tar","1003816960","89841f2817cd50378705c44dea5164605f9edaae490c5ac8d25afed7b38a8ef0","fcbc87c57b54ef4f58e1135e2813f6f000c2b739","https://huggingface.co/datasets/lab260/RuASD/tree/fcbc87c57b54ef4f58e1135e2813f6f000c2b739"
"ruasd-000089.tar","1004175360","0ad67004d7554fbdf70bae978cdb29325ff6da13e6da3dd279e0b4f22a867522","fcbc87c57b54ef4f58e1135e2813f6f000c2b739","https://huggingface.co/datasets/lab260/RuASD/tree/fcbc87c57b54ef4f58e1135e2813f6f000c2b739"
"ruasd-000090.tar","1004216320","5ae8026548e4e19bf4943287f25dce72b1548cb3301541d8063e95cf999aff6b","fcbc87c57b54ef4f58e1135e2813f6f000c2b739","https://huggingface.co/datasets/lab260/RuASD/tree/fcbc87c57b54ef4f58e1135e2813f6f000c2b739"
"ruasd-000091.tar","1004380160","fb67a7db5c3f9e8216dff7a3f5a7fd6d5c7351de7fbad492f96cf308e63cf821","fcbc87c57b54ef4f58e1135e2813f6f000c2b739","https://huggingface.co/datasets/lab260/RuASD/tree/fcbc87c57b54ef4f58e1135e2813f6f000c2b739"
"ruasd-000092.tar","1004318720","ed4158bd225004b5a178ad900ab3ed74cc4da22bba844cf7fcced74ee6d94734","fcbc87c57b54ef4f58e1135e2813f6f000c2b739","https://huggingface.co/datasets/lab260/RuASD/tree/fcbc87c57b54ef4f58e1135e2813f6f000c2b739"
"ruasd-000093.tar","999874560","d595dfde5c683c8cdc4eaec7a576b6e5151c9eede0c56c01bb07254c1ae63b9f","fcbc87c57b54ef4f58e1135e2813f6f000c2b739","https://huggingface.co/datasets/lab260/RuASD/tree/fcbc87c57b54ef4f58e1135e2813f6f000c2b739"
"ruasd-000094.tar","999516160","62c7f9e1dfa481d07b75c8df96145b1b8223b8d03494a6086ea4a877e62a163f","fcbc87c57b54ef4f58e1135e2813f6f000c2b739","https://huggingface.co/datasets/lab260/RuASD/tree/fcbc87c57b54ef4f58e1135e2813f6f000c2b739"
"ruasd-000095.tar","999301120","0947529775c7e791acc5e656331b6bb4a245b30f4855b80904cff5324bf85920","fcbc87c57b54ef4f58e1135e2813f6f000c2b739","https://huggingface.co/datasets/lab260/RuASD/tree/fcbc87c57b54ef4f58e1135e2813f6f000c2b739"
"ruasd-000096.tar","999761920","185b39a5cb006095dff5cedb174a9a64e86c702d06836933a7a37240edb567f2","fcbc87c57b54ef4f58e1135e2813f6f000c2b739","https://huggingface.co/datasets/lab260/RuASD/tree/fcbc87c57b54ef4f58e1135e2813f6f000c2b739"
"ruasd-000097.tar","999075840","638a551a6a5a99261e7ee90d9ce534c0efbb540264db77987fe886b8f4fc62d7","fcbc87c57b54ef4f58e1135e2813f6f000c2b739","https://huggingface.co/datasets/lab260/RuASD/tree/fcbc87c57b54ef4f58e1135e2813f6f000c2b739"
"ruasd-000098.tar","999669760","e91e847f6efbf8c9d43dde5ca1a13597bbdfa3738c8f3c78aeaccbf3e295b432","fcbc87c57b54ef4f58e1135e2813f6f000c2b739","https://huggingface.co/datasets/lab260/RuASD/tree/fcbc87c57b54ef4f58e1135e2813f6f000c2b739"
"ruasd-000099.tar","999659520","322efb9a2c463fa69fd69e6f03a73e0345d30968727dae60a52bc85bf22d564a","fcbc87c57b54ef4f58e1135e2813f6f000c2b739","https://huggingface.co/datasets/lab260/RuASD/tree/fcbc87c57b54ef4f58e1135e2813f6f000c2b739"
"ruasd-000100.tar","999751680","dcc87cd5d31bbb5bf5d517d64a2f6bcefb066a767be46196050bafc3b373fb2d","fcbc87c57b54ef4f58e1135e2813f6f000c2b739","https://huggingface.co/datasets/lab260/RuASD/tree/fcbc87c57b54ef4f58e1135e2813f6f000c2b739"
"ruasd-000101.tar","1000591360","318c880c346477eea6f2cf53d8216c8d0a09347632dbcd4c2f3d5b6228601879","fcbc87c57b54ef4f58e1135e2813f6f000c2b739","https://huggingface.co/datasets/lab260/RuASD/tree/fcbc87c57b54ef4f58e1135e2813f6f000c2b739"
"ruasd-000102.tar","1000171520","6898feae5e9ba5b39343156330615f7aeb9ef11ec80b1a80f6d1c8ce0ffc6754","fcbc87c57b54ef4f58e1135e2813f6f000c2b739","https://huggingface.co/datasets/lab260/RuASD/tree/fcbc87c57b54ef4f58e1135e2813f6f000c2b739"
"ruasd-000103.tar","1001154560","64867a231b27a8be7648604bfb175b54ff8f88eefbaf59d21e531aa82ea43f18","fcbc87c57b54ef4f58e1135e2813f6f000c2b739","https://huggingface.co/datasets/lab260/RuASD/tree/fcbc87c57b54ef4f58e1135e2813f6f000c2b739"
"ruasd-000104.tar","1001246720","94f15242ba5760ea1a6a3173c0a1b9d4e344362dbde3cbb5fa27f0422d4398a0","fcbc87c57b54ef4f58e1135e2813f6f000c2b739","https://huggingface.co/datasets/lab260/RuASD/tree/fcbc87c57b54ef4f58e1135e2813f6f000c2b739"
"ruasd-000105.tar","1003089920","6275757abc16d5067507afc44fe67d7a7e44d58865ba1853ef35cdfe01f53747","fcbc87c57b54ef4f58e1135e2813f6f000c2b739","https://huggingface.co/datasets/lab260/RuASD/tree/fcbc87c57b54ef4f58e1135e2813f6f000c2b739"
"ruasd-000106.tar","1005608960","1940f395b2128cb519eb7b4ef0aaac3d9469b9b4f363b799801ba2c5a571f442","fcbc87c57b54ef4f58e1135e2813f6f000c2b739","https://huggingface.co/datasets/lab260/RuASD/tree/fcbc87c57b54ef4f58e1135e2813f6f000c2b739"
"ruasd-000107.tar","1003919360","4f7bca77d62a7142144738ec9e0cf5ea66b0e6770f9e507d50ce096e7617bdb7","fcbc87c57b54ef4f58e1135e2813f6f000c2b739","https://huggingface.co/datasets/lab260/RuASD/tree/fcbc87c57b54ef4f58e1135e2813f6f000c2b739"
"ruasd-000108.tar","1001953280","6dd8feaecd80427e408b9c2929bb72ef853adf5b1e04d9186a0386e9abd515a5","fcbc87c57b54ef4f58e1135e2813f6f000c2b739","https://huggingface.co/datasets/lab260/RuASD/tree/fcbc87c57b54ef4f58e1135e2813f6f000c2b739"
"ruasd-000109.tar","1001594880","88dd9261cde13e3caf4eb2557c2cedd3d1314be3e34e2316d343442734483227","fcbc87c57b54ef4f58e1135e2813f6f000c2b739","https://huggingface.co/datasets/lab260/RuASD/tree/fcbc87c57b54ef4f58e1135e2813f6f000c2b739"
"ruasd-000110.tar","1001625600","247e5be3dfab727773047d9bd5c66a0e1ae8fc98456fc3ed53ee62e5f84d00b4","fcbc87c57b54ef4f58e1135e2813f6f000c2b739","https://huggingface.co/datasets/lab260/RuASD/tree/fcbc87c57b54ef4f58e1135e2813f6f000c2b739"
"ruasd-000111.tar","1002117120","d1598b669ca83fdcc4c3abe18fa9bce38ce3cb7eec59b8b294c36af9f0450121","fcbc87c57b54ef4f58e1135e2813f6f000c2b739","https://huggingface.co/datasets/lab260/RuASD/tree/fcbc87c57b54ef4f58e1135e2813f6f000c2b739"
"ruasd-000112.tar","1001932800","0ef9f7a8f28df71b8ca7f103b825d84ed17cdb1b7cfc20d6c247dd5f348cf172","fcbc87c57b54ef4f58e1135e2813f6f000c2b739","https://huggingface.co/datasets/lab260/RuASD/tree/fcbc87c57b54ef4f58e1135e2813f6f000c2b739"
"ruasd-000113.tar","1002117120","e9889e70fb6d5cc2a3195466e9b8ee2b5f9ffb731f0bd7b973bea62f78686aed","fcbc87c57b54ef4f58e1135e2813f6f000c2b739","https://huggingface.co/datasets/lab260/RuASD/tree/fcbc87c57b54ef4f58e1135e2813f6f000c2b739"
"ruasd-000114.tar","1002629120","acd0df0b9ba8eb63dbaab97e5742b70d9f4fbd60ef4bb1eb16ee9bf0699ce9f6","fcbc87c57b54ef4f58e1135e2813f6f000c2b739","https://huggingface.co/datasets/lab260/RuASD/tree/fcbc87c57b54ef4f58e1135e2813f6f000c2b739"
"ruasd-000115.tar","1005352960","e828976a83138074c8ebb6a107ae4d72b897708d277c2ef96fb823a10aadd2ec","fcbc87c57b54ef4f58e1135e2813f6f000c2b739","https://huggingface.co/datasets/lab260/RuASD/tree/fcbc87c57b54ef4f58e1135e2813f6f000c2b739"
"ruasd-000116.tar","1005148160","23c9c28f2df06ff6d21ca60b6544c8fca34c08c7924d59b697414a2261c8799b","fcbc87c57b54ef4f58e1135e2813f6f000c2b739","https://huggingface.co/datasets/lab260/RuASD/tree/fcbc87c57b54ef4f58e1135e2813f6f000c2b739"
"ruasd-000117.tar","1006346240","adf9db5b7349301dda009e09fe8ff8c99f2c8b668699396e1dd53ed594dccd2e","fcbc87c57b54ef4f58e1135e2813f6f000c2b739","https://huggingface.co/datasets/lab260/RuASD/tree/fcbc87c57b54ef4f58e1135e2813f6f000c2b739"
"ruasd-000118.tar","1005670400","851382038bd284e611fe6daac735da067f2ad3cf45627861ad244e54f0228a36","fcbc87c57b54ef4f58e1135e2813f6f000c2b739","https://huggingface.co/datasets/lab260/RuASD/tree/fcbc87c57b54ef4f58e1135e2813f6f000c2b739"
"ruasd-000119.tar","1003079680","8ac64d4842e0c48f049e3b51ed0673814f24467bc7c59fd22631ecbb8f4e0c6c","fcbc87c57b54ef4f58e1135e2813f6f000c2b739","https://huggingface.co/datasets/lab260/RuASD/tree/fcbc87c57b54ef4f58e1135e2813f6f000c2b739"
"ruasd-000120.tar","1002516480","ca18ddc2827169034bf50c2bf2bb1f12c2071c8ca57d81819174f3907b1ca0e7","fcbc87c57b54ef4f58e1135e2813f6f000c2b739","https://huggingface.co/datasets/lab260/RuASD/tree/fcbc87c57b54ef4f58e1135e2813f6f000c2b739"
"ruasd-000121.tar","1002608640","1e01d5e96f0a878c301cca5aaa093df1d01f399af002dbc397ad0f0f3346dd54","fcbc87c57b54ef4f58e1135e2813f6f000c2b739","https://huggingface.co/datasets/lab260/RuASD/tree/fcbc87c57b54ef4f58e1135e2813f6f000c2b739"
"ruasd-000122.tar","1006018560","9bb2c4516dd6d086e296cc0a06126cae5d3c1900c47cbf350ee65f08238f73dc","fcbc87c57b54ef4f58e1135e2813f6f000c2b739","https://huggingface.co/datasets/lab260/RuASD/tree/fcbc87c57b54ef4f58e1135e2813f6f000c2b739"
"ruasd-000123.tar","1005639680","abd0bcbde10883f8a15f75dbd4a89479672d6cd42f1b116d55279284c822fae4","fcbc87c57b54ef4f58e1135e2813f6f000c2b739","https://huggingface.co/datasets/lab260/RuASD/tree/fcbc87c57b54ef4f58e1135e2813f6f000c2b739"
"ruasd-000124.tar","1003622400","1176a3b5bc9cdd9d27bbe6ee50dcab9b048e328ff6f2fb03343bf273afd71d83","fcbc87c57b54ef4f58e1135e2813f6f000c2b739","https://huggingface.co/datasets/lab260/RuASD/tree/fcbc87c57b54ef4f58e1135e2813f6f000c2b739"
"ruasd-000125.tar","1003427840","bbf635d3a380f8931e60995568b92b2b752f0fbf1b1d725fd37b0c7d412ff7a0","fcbc87c57b54ef4f58e1135e2813f6f000c2b739","https://huggingface.co/datasets/lab260/RuASD/tree/fcbc87c57b54ef4f58e1135e2813f6f000c2b739"
"ruasd-000126.tar","1002885120","84fc186444bc4efeb2b59021a145b611646a36fb1bbc675f8b25943710ca920b","fcbc87c57b54ef4f58e1135e2813f6f000c2b739","https://huggingface.co/datasets/lab260/RuASD/tree/fcbc87c57b54ef4f58e1135e2813f6f000c2b739"
"ruasd-000127.tar","1001953280","aabb00ad40cf19e9670383154134df63e2b42f0fb694955f470265b06fc8f4ef","fcbc87c57b54ef4f58e1135e2813f6f000c2b739","https://huggingface.co/datasets/lab260/RuASD/tree/fcbc87c57b54ef4f58e1135e2813f6f000c2b739"
"ruasd-000128.tar","1002117120","f9c10d0e501d4101dd97c7203d02182d3e6cbb96abef602171d8332fd606ca1c","fcbc87c57b54ef4f58e1135e2813f6f000c2b739","https://huggingface.co/datasets/lab260/RuASD/tree/fcbc87c57b54ef4f58e1135e2813f6f000c2b739"
"ruasd-000129.tar","1002997760","035fa9283d6db14fb325f9c11f5193be7968a3270006c8ff013778fda39bd42d","fcbc87c57b54ef4f58e1135e2813f6f000c2b739","https://huggingface.co/datasets/lab260/RuASD/tree/fcbc87c57b54ef4f58e1135e2813f6f000c2b739"
"ruasd-000130.tar","1001318400","1e50dc7c954d6df3bff8d8a12e448e64ae23c9b577e6667835547ebb7fdd71a5","fcbc87c57b54ef4f58e1135e2813f6f000c2b739","https://huggingface.co/datasets/lab260/RuASD/tree/fcbc87c57b54ef4f58e1135e2813f6f000c2b739"
"ruasd-000131.tar","1001461760","f836bee02b2f259d3531ec991e553375cce8ecba6fc489e5c6e024cbef8203c3","fcbc87c57b54ef4f58e1135e2813f6f000c2b739","https://huggingface.co/datasets/lab260/RuASD/tree/fcbc87c57b54ef4f58e1135e2813f6f000c2b739"
"ruasd-000132.tar","1001482240","3967b39e1d67b788157cd8debf0889121c8df46d9d4a8bebe2427151d5ee2014","fcbc87c57b54ef4f58e1135e2813f6f000c2b739","https://huggingface.co/datasets/lab260/RuASD/tree/fcbc87c57b54ef4f58e1135e2813f6f000c2b739"
"ruasd-000133.tar","1002434560","2193aac5f2ba108e90008820e03137257454e90b773c579d9148f711cb86fbc6","fcbc87c57b54ef4f58e1135e2813f6f000c2b739","https://huggingface.co/datasets/lab260/RuASD/tree/fcbc87c57b54ef4f58e1135e2813f6f000c2b739"
"ruasd-000134.tar","1001359360","e0071d5d0cfc7d4aefc62f272c73b14daef1d0ab89f6d1648e6386369e803d15","fcbc87c57b54ef4f58e1135e2813f6f000c2b739","https://huggingface.co/datasets/lab260/RuASD/tree/fcbc87c57b54ef4f58e1135e2813f6f000c2b739"
"ruasd-000135.tar","1001574400","76aeb50b545b419bbc8a7c335d8b629d3045bbdffd989348e01a7dbb4423c7d6","fcbc87c57b54ef4f58e1135e2813f6f000c2b739","https://huggingface.co/datasets/lab260/RuASD/tree/fcbc87c57b54ef4f58e1135e2813f6f000c2b739"
"ruasd-000136.tar","1000120320","50b24cddebec14fa7beebc4c5b2df05cece223c81e1da2d69a825fd6f39760da","fcbc87c57b54ef4f58e1135e2813f6f000c2b739","https://huggingface.co/datasets/lab260/RuASD/tree/fcbc87c57b54ef4f58e1135e2813f6f000c2b739"
"ruasd-000137.tar","1000499200","f98800b5e7bd92f1cff0db3cad52a467baca5d2d7b51318bb7d4afd741d1d1e9","fcbc87c57b54ef4f58e1135e2813f6f000c2b739","https://huggingface.co/datasets/lab260/RuASD/tree/fcbc87c57b54ef4f58e1135e2813f6f000c2b739"
"ruasd-000138.tar","1000960000","73c58c81b7439aacf4aa36a873a3146f5921f17976a13f813a777024d7b5a2a5","fcbc87c57b54ef4f58e1135e2813f6f000c2b739","https://huggingface.co/datasets/lab260/RuASD/tree/fcbc87c57b54ef4f58e1135e2813f6f000c2b739"
"ruasd-000139.tar","1000079360","17780b6ce1e8a0c76f1e0626a2c54a77f30803a205c1c2def6fcd09be8b7420b","fcbc87c57b54ef4f58e1135e2813f6f000c2b739","https://huggingface.co/datasets/lab260/RuASD/tree/fcbc87c57b54ef4f58e1135e2813f6f000c2b739"
"ruasd-000140.tar","1001635840","441d9ade3fdbaa520b7f718743be3c96f1f782b0abd282d35c132c87d74b7ef3","fcbc87c57b54ef4f58e1135e2813f6f000c2b739","https://huggingface.co/datasets/lab260/RuASD/tree/fcbc87c57b54ef4f58e1135e2813f6f000c2b739"
"ruasd-000141.tar","1002229760","35ca2304ae9c391e8cc49ce84883185319ec29c3625a4016510d65ece93c9ffc","fcbc87c57b54ef4f58e1135e2813f6f000c2b739","https://huggingface.co/datasets/lab260/RuASD/tree/fcbc87c57b54ef4f58e1135e2813f6f000c2b739"
"ruasd-000142.tar","1002086400","16fb1e29a515ef8586297dfef0d228ee088906748f733f46d587663b2a79c590","fcbc87c57b54ef4f58e1135e2813f6f000c2b739","https://huggingface.co/datasets/lab260/RuASD/tree/fcbc87c57b54ef4f58e1135e2813f6f000c2b739"
"ruasd-000143.tar","1002362880","ad3a588e1835a3693671ec2a502bf1ac40729c92f5c9aea8971d21474330029d","fcbc87c57b54ef4f58e1135e2813f6f000c2b739","https://huggingface.co/datasets/lab260/RuASD/tree/fcbc87c57b54ef4f58e1135e2813f6f000c2b739"
"ruasd-000144.tar","1002885120","269e4ec42f896e271767b088bd728e0f9d9552d6a5881b080e393ffcafc6bfc9","fcbc87c57b54ef4f58e1135e2813f6f000c2b739","https://huggingface.co/datasets/lab260/RuASD/tree/fcbc87c57b54ef4f58e1135e2813f6f000c2b739"
"ruasd-000145.tar","1003438080","72e0cb0de903fe860594baf21b4656b359a3c2234fd586041d6819d543359d84","fcbc87c57b54ef4f58e1135e2813f6f000c2b739","https://huggingface.co/datasets/lab260/RuASD/tree/fcbc87c57b54ef4f58e1135e2813f6f000c2b739"
"ruasd-000146.tar","1005731840","ce79c087c3598a7746af5c1d687c7176b635a5e9cfb49e81be9ea44ad0ba3219","fcbc87c57b54ef4f58e1135e2813f6f000c2b739","https://huggingface.co/datasets/lab260/RuASD/tree/fcbc87c57b54ef4f58e1135e2813f6f000c2b739"
"ruasd-000147.tar","1006243840","693108be423c7f1b46fdae5be2d23366871103dbe59080387265ed9fb329928f","fcbc87c57b54ef4f58e1135e2813f6f000c2b739","https://huggingface.co/datasets/lab260/RuASD/tree/fcbc87c57b54ef4f58e1135e2813f6f000c2b739"
"ruasd-000148.tar","1007226880","470ae7a444a5d9f5f3f4a10e07f2bc32e68c48a35a97cfee64089f53fc6d1454","fcbc87c57b54ef4f58e1135e2813f6f000c2b739","https://huggingface.co/datasets/lab260/RuASD/tree/fcbc87c57b54ef4f58e1135e2813f6f000c2b739"
"ruasd-000149.tar","1009285120","6a75da52d25138d04f864cb3f3bcd9fd130d296f687a0d5a0384969723743c9d","fcbc87c57b54ef4f58e1135e2813f6f000c2b739","https://huggingface.co/datasets/lab260/RuASD/tree/fcbc87c57b54ef4f58e1135e2813f6f000c2b739"
"ruasd-000150.tar","1007226880","b43d7af29400fbf8500b85807c90fd034af00a35605e0a02a06166290dc90d1e","fcbc87c57b54ef4f58e1135e2813f6f000c2b739","https://huggingface.co/datasets/lab260/RuASD/tree/fcbc87c57b54ef4f58e1135e2813f6f000c2b739"
"ruasd-000151.tar","1006684160","9dec2ce92b18e17e804913463b3223aff5956e26ede77516a34f78b2e93394fb","fcbc87c57b54ef4f58e1135e2813f6f000c2b739","https://huggingface.co/datasets/lab260/RuASD/tree/fcbc87c57b54ef4f58e1135e2813f6f000c2b739"
"ruasd-000152.tar","1006254080","1fa751f74093e1a9fd66459abd2ed28415ff8ac914fdfd7698b7534fb2ff3923","fcbc87c57b54ef4f58e1135e2813f6f000c2b739","https://huggingface.co/datasets/lab260/RuASD/tree/fcbc87c57b54ef4f58e1135e2813f6f000c2b739"
"ruasd-000153.tar","1008117760","2ae0f95fd55df1432d3acf805aaa18522471bc1b2eb324f06ee4cfe9e3b29169","fcbc87c57b54ef4f58e1135e2813f6f000c2b739","https://huggingface.co/datasets/lab260/RuASD/tree/fcbc87c57b54ef4f58e1135e2813f6f000c2b739"
"ruasd-000154.tar","1002229760","191d0ad37e8337e14bd55aa447faf4007fb72e64ee7ce2977e5a1a662a1df2ac","fcbc87c57b54ef4f58e1135e2813f6f000c2b739","https://huggingface.co/datasets/lab260/RuASD/tree/fcbc87c57b54ef4f58e1135e2813f6f000c2b739"
"ruasd-000155.tar","1002178560","ff871d95ddc64710e664b06544e6cd7fce2835a7c2af481549632627b0079315","fcbc87c57b54ef4f58e1135e2813f6f000c2b739","https://huggingface.co/datasets/lab260/RuASD/tree/fcbc87c57b54ef4f58e1135e2813f6f000c2b739"
"ruasd-000156.tar","1001902080","4b71d116f4fc3c13cce22432b8415987cc561a6bfbed030ab5b0275447610fdd","fcbc87c57b54ef4f58e1135e2813f6f000c2b739","https://huggingface.co/datasets/lab260/RuASD/tree/fcbc87c57b54ef4f58e1135e2813f6f000c2b739"
"ruasd-000157.tar","1002004480","ba813c5c88c259b37ed1ee03929b59f8c2bed2dc006ca1a7979cb4ee9bdd843c","fcbc87c57b54ef4f58e1135e2813f6f000c2b739","https://huggingface.co/datasets/lab260/RuASD/tree/fcbc87c57b54ef4f58e1135e2813f6f000c2b739"
"ruasd-000158.tar","1002455040","5850392dcce4fe71ad15cfd764e87e087ac68d91fd0765c8542c3d19fd6f575c","fcbc87c57b54ef4f58e1135e2813f6f000c2b739","https://huggingface.co/datasets/lab260/RuASD/tree/fcbc87c57b54ef4f58e1135e2813f6f000c2b739"
"ruasd-000159.tar","1002209280","abdfdf43c3038cee279ee143086a479a68c57290a045ddae4789b69a27e841c6","fcbc87c57b54ef4f58e1135e2813f6f000c2b739","https://huggingface.co/datasets/lab260/RuASD/tree/fcbc87c57b54ef4f58e1135e2813f6f000c2b739"
"ruasd-000160.tar","1002711040","36c38ba38e6ad19c42eaf6fd8cdfbb70e35930fd24dd1efadc9216f79e7f778b","fcbc87c57b54ef4f58e1135e2813f6f000c2b739","https://huggingface.co/datasets/lab260/RuASD/tree/fcbc87c57b54ef4f58e1135e2813f6f000c2b739"
"ruasd-000161.tar","1003438080","bbc0fb67164bd90e0e29cc6eca3cbe6a81ac33c057deaf4812c1f31dc89d9ac0","fcbc87c57b54ef4f58e1135e2813f6f000c2b739","https://huggingface.co/datasets/lab260/RuASD/tree/fcbc87c57b54ef4f58e1135e2813f6f000c2b739"
"ruasd-000162.tar","1003243520","56ac007e070305a8d9c26c388da8b73a4e29674d097c90a9a7a96f0af9442543","fcbc87c57b54ef4f58e1135e2813f6f000c2b739","https://huggingface.co/datasets/lab260/RuASD/tree/fcbc87c57b54ef4f58e1135e2813f6f000c2b739"
"ruasd-000163.tar","1002608640","41717dbcbe8eba3f85ca23c5ec3959da1b3cfadb0ff0a58b7a49923577a07cd4","fcbc87c57b54ef4f58e1135e2813f6f000c2b739","https://huggingface.co/datasets/lab260/RuASD/tree/fcbc87c57b54ef4f58e1135e2813f6f000c2b739"
"ruasd-000164.tar","1002024960","d49c285d7314743ab64a8f1a05b35db731aff1a4d7e30301690ce822181d8daa","fcbc87c57b54ef4f58e1135e2813f6f000c2b739","https://huggingface.co/datasets/lab260/RuASD/tree/fcbc87c57b54ef4f58e1135e2813f6f000c2b739"
"ruasd-000165.tar","1002270720","93e16e1266d2f6470aa6d0700dbc0bc5e8c69c70f976ffa88c12dbdcef61d7f4","fcbc87c57b54ef4f58e1135e2813f6f000c2b739","https://huggingface.co/datasets/lab260/RuASD/tree/fcbc87c57b54ef4f58e1135e2813f6f000c2b739"
"ruasd-000166.tar","1002444800","58e8e0c87c4cfbfd8f266f6a848fe17747a7a4139a2599ff7005ae4d7445bf85","fcbc87c57b54ef4f58e1135e2813f6f000c2b739","https://huggingface.co/datasets/lab260/RuASD/tree/fcbc87c57b54ef4f58e1135e2813f6f000c2b739"
"ruasd-000167.tar","1002127360","f81d3c409984d75d0d644953f6f470656f4e438caaaa96b11840d32f5597aef9","fcbc87c57b54ef4f58e1135e2813f6f000c2b739","https://huggingface.co/datasets/lab260/RuASD/tree/fcbc87c57b54ef4f58e1135e2813f6f000c2b739"
"ruasd-000168.tar","1002383360","bc407e8f2d7d548b491ff78cb1507909713a73d8e42c5a994378ab44f2a73440","fcbc87c57b54ef4f58e1135e2813f6f000c2b739","https://huggingface.co/datasets/lab260/RuASD/tree/fcbc87c57b54ef4f58e1135e2813f6f000c2b739"
"ruasd-000169.tar","1002403840","93e13612fc68f205f29ae941daf2948851048b401d54bf2a6521bd10d4a6849c","fcbc87c57b54ef4f58e1135e2813f6f000c2b739","https://huggingface.co/datasets/lab260/RuASD/tree/fcbc87c57b54ef4f58e1135e2813f6f000c2b739"
"ruasd-000170.tar","1002147840","7cc1f08574b6e6528f2368f81ca173a272ad5419319474039658a6cd77a4f738","fcbc87c57b54ef4f58e1135e2813f6f000c2b739","https://huggingface.co/datasets/lab260/RuASD/tree/fcbc87c57b54ef4f58e1135e2813f6f000c2b739"
"ruasd-000171.tar","1002752000","9104b2d747da4881682ddc3da9b6d97b81a639de889225a5385a0787d6d1c0b7","fcbc87c57b54ef4f58e1135e2813f6f000c2b739","https://huggingface.co/datasets/lab260/RuASD/tree/fcbc87c57b54ef4f58e1135e2813f6f000c2b739"
"ruasd-000172.tar","1002229760","0d22dd9a5c0fb2f9735e735d94cc20da0792e2249f2cff446e3862f501d9fb62","fcbc87c57b54ef4f58e1135e2813f6f000c2b739","https://huggingface.co/datasets/lab260/RuASD/tree/fcbc87c57b54ef4f58e1135e2813f6f000c2b739"
"ruasd-000173.tar","1002659840","5ad26cd68c2b9dc7a1870e6633b06942b682c87e58717ac6448f92d8e5eb2b2c","fcbc87c57b54ef4f58e1135e2813f6f000c2b739","https://huggingface.co/datasets/lab260/RuASD/tree/fcbc87c57b54ef4f58e1135e2813f6f000c2b739"
"ruasd-000174.tar","1002403840","5d71325fc6ac5d946e534b5bb2356f126c1664b66dfb2de443ac8beb81048362","fcbc87c57b54ef4f58e1135e2813f6f000c2b739","https://huggingface.co/datasets/lab260/RuASD/tree/fcbc87c57b54ef4f58e1135e2813f6f000c2b739"
"ruasd-000175.tar","1002731520","a4497fa88216c60b3c307c29710c01bad028ea337a0b87928b553b8ce75d14ab","fcbc87c57b54ef4f58e1135e2813f6f000c2b739","https://huggingface.co/datasets/lab260/RuASD/tree/fcbc87c57b54ef4f58e1135e2813f6f000c2b739"
"ruasd-000176.tar","1002383360","8cec5fd358f7e05553ada5ee61a30dceb3650aaf98bd22cb0cef25c1ec3ce58a","fcbc87c57b54ef4f58e1135e2813f6f000c2b739","https://huggingface.co/datasets/lab260/RuASD/tree/fcbc87c57b54ef4f58e1135e2813f6f000c2b739"
"ruasd-000177.tar","1002977280","f39b7a0defa7ea42b385def7bf7f2bfa3695fc72ee6556aa887bc7009f30c089","fcbc87c57b54ef4f58e1135e2813f6f000c2b739","https://huggingface.co/datasets/lab260/RuASD/tree/fcbc87c57b54ef4f58e1135e2813f6f000c2b739"
"ruasd-000178.tar","1002096640","30d7cbe2ddc1e75c5716e2f9c39b90cbcd0907d30ea9a89d47754e92cb0ae02c","fcbc87c57b54ef4f58e1135e2813f6f000c2b739","https://huggingface.co/datasets/lab260/RuASD/tree/fcbc87c57b54ef4f58e1135e2813f6f000c2b739"
"ruasd-000179.tar","1009684480","0310a154e7280e011988eb14913188e6cfe4a4b05101e13141d23ce5c1267281","fcbc87c57b54ef4f58e1135e2813f6f000c2b739","https://huggingface.co/datasets/lab260/RuASD/tree/fcbc87c57b54ef4f58e1135e2813f6f000c2b739"
"ruasd-000180.tar","1017139200","cfe51dd9863a74f168ca9d36a2055dacc5edacdd6e1981502f2e230cebeacc0a","fcbc87c57b54ef4f58e1135e2813f6f000c2b739","https://huggingface.co/datasets/lab260/RuASD/tree/fcbc87c57b54ef4f58e1135e2813f6f000c2b739"
"ruasd-000181.tar","1018337280","925272298cde1330d0b2fac7a50091913d192cfb59e6d8d819a166bbb8149bc6","fcbc87c57b54ef4f58e1135e2813f6f000c2b739","https://huggingface.co/datasets/lab260/RuASD/tree/fcbc87c57b54ef4f58e1135e2813f6f000c2b739"
"ruasd-000182.tar","1018460160","3dfcde6a55c6f3fabdbfcc6888a631cbffdc0ceb09f3405ebd33bc7bd8275f1c","fcbc87c57b54ef4f58e1135e2813f6f000c2b739","https://huggingface.co/datasets/lab260/RuASD/tree/fcbc87c57b54ef4f58e1135e2813f6f000c2b739"
"ruasd-000183.tar","1018552320","deecd4406936042b0ea0fe7e695ba699b87060921f60f4c362d64258f9722adb","fcbc87c57b54ef4f58e1135e2813f6f000c2b739","https://huggingface.co/datasets/lab260/RuASD/tree/fcbc87c57b54ef4f58e1135e2813f6f000c2b739"
"ruasd-000184.tar","1018675200","5d24610cf553a154092d0465d9c04c4f9f285d981ab188799ceaf219d56a394e","fcbc87c57b54ef4f58e1135e2813f6f000c2b739","https://huggingface.co/datasets/lab260/RuASD/tree/fcbc87c57b54ef4f58e1135e2813f6f000c2b739"
"ruasd-000185.tar","1018562560","39b5e3a5975a0d96cd1e387e0a900a84539ca7e26e460f9fe36f1aebeb4d42c3","fcbc87c57b54ef4f58e1135e2813f6f000c2b739","https://huggingface.co/datasets/lab260/RuASD/tree/fcbc87c57b54ef4f58e1135e2813f6f000c2b739"
"ruasd-000186.tar","1015777280","e5a816a1ebc5b25a15826704b69fe7d243b3f7a71a88eed7a6d97ffd6ca71e33","fcbc87c57b54ef4f58e1135e2813f6f000c2b739","https://huggingface.co/datasets/lab260/RuASD/tree/fcbc87c57b54ef4f58e1135e2813f6f000c2b739"
"ruasd-000187.tar","1003857920","164ab1db6a22824c7196662712e0bc13538052c371405e6f4236af6cabfff50f","fcbc87c57b54ef4f58e1135e2813f6f000c2b739","https://huggingface.co/datasets/lab260/RuASD/tree/fcbc87c57b54ef4f58e1135e2813f6f000c2b739"
"ruasd-000188.tar","1013002240","cde825df8d901c8c73ca90f22fac7d64db049997e42edc927ea08414913efbc0","fcbc87c57b54ef4f58e1135e2813f6f000c2b739","https://huggingface.co/datasets/lab260/RuASD/tree/fcbc87c57b54ef4f58e1135e2813f6f000c2b739"
"ruasd-000189.tar","1018234880","0a9e00719232adf3f966f07d677781bc1eae306e905dd90934a4cc8b20820966","fcbc87c57b54ef4f58e1135e2813f6f000c2b739","https://huggingface.co/datasets/lab260/RuASD/tree/fcbc87c57b54ef4f58e1135e2813f6f000c2b739"
"ruasd-000190.tar","1024716800","8e5777f27446c1d4ff816b2d562ff7a5c70480ad0402cce8c255a1a92c1ad486","fcbc87c57b54ef4f58e1135e2813f6f000c2b739","https://huggingface.co/datasets/lab260/RuASD/tree/fcbc87c57b54ef4f58e1135e2813f6f000c2b739"
"ruasd-000191.tar","1020661760","58eb4d0c4190271aa6c3b903e9efe6cd9c9def3ce249ed98dbb15f6c4461e98b","fcbc87c57b54ef4f58e1135e2813f6f000c2b739","https://huggingface.co/datasets/lab260/RuASD/tree/fcbc87c57b54ef4f58e1135e2813f6f000c2b739"
"ruasd-000192.tar","1012695040","be090299cf188ef24e2c3ab25db129845abd8861e641495c5cf4bc2e8c7fab8c","fcbc87c57b54ef4f58e1135e2813f6f000c2b739","https://huggingface.co/datasets/lab260/RuASD/tree/fcbc87c57b54ef4f58e1135e2813f6f000c2b739"
"ruasd-000193.tar","1010073600","8d4feb8055f40c034348a5ea2e605b6a29f60b39e3e8e7a9817b607f6da380ce","fcbc87c57b54ef4f58e1135e2813f6f000c2b739","https://huggingface.co/datasets/lab260/RuASD/tree/fcbc87c57b54ef4f58e1135e2813f6f000c2b739"
"ruasd-000194.tar","1009971200","dbf0a00dd63d0d3d0efedae7c256ae2726a7e0dbf1dbc6902f5a58add2e06e26","fcbc87c57b54ef4f58e1135e2813f6f000c2b739","https://huggingface.co/datasets/lab260/RuASD/tree/fcbc87c57b54ef4f58e1135e2813f6f000c2b739"
"ruasd-000195.tar","1012367360","90ee01df7b52d73cb42bf7f435bdb165fcb2428afd7b24dca3da93aaabab7430","fcbc87c57b54ef4f58e1135e2813f6f000c2b739","https://huggingface.co/datasets/lab260/RuASD/tree/fcbc87c57b54ef4f58e1135e2813f6f000c2b739"
"ruasd-000196.tar","1007974400","ff798e9ab0e3b1023cd77f7a951ffd803db57055be3aab010f37778acfac4b53","fcbc87c57b54ef4f58e1135e2813f6f000c2b739","https://huggingface.co/datasets/lab260/RuASD/tree/fcbc87c57b54ef4f58e1135e2813f6f000c2b739"
"ruasd-000197.tar","1011179520","ed7f8b99da9f9bb8c8ed703af207e057f39916b0a657b4663bfee62da6aebb7e","fcbc87c57b54ef4f58e1135e2813f6f000c2b739","https://huggingface.co/datasets/lab260/RuASD/tree/fcbc87c57b54ef4f58e1135e2813f6f000c2b739"
"ruasd-000198.tar","1012060160","10cd018b013dffbfbf13699c3ac45b5bc3f4585c49cd1d4a760ae5872a651cbf","fcbc87c57b54ef4f58e1135e2813f6f000c2b739","https://huggingface.co/datasets/lab260/RuASD/tree/fcbc87c57b54ef4f58e1135e2813f6f000c2b739"
"ruasd-000199.tar","1008209920","eb8ab138256586398f49d04f03d1835fa127d74e9141eb1b7d048146063dca14","fcbc87c57b54ef4f58e1135e2813f6f000c2b739","https://huggingface.co/datasets/lab260/RuASD/tree/fcbc87c57b54ef4f58e1135e2813f6f000c2b739"
"ruasd-000200.tar","1012602880","fcea1c5789fb32fb1d40f4ff56eb9035c261a4b6503297fd2830784d4e892600","fcbc87c57b54ef4f58e1135e2813f6f000c2b739","https://huggingface.co/datasets/lab260/RuASD/tree/fcbc87c57b54ef4f58e1135e2813f6f000c2b739"
"ruasd-000201.tar","1010216960","a98bd840e6d31df7c85f5a2d2370988073c38626a4157738affdddc5f4385cf2","fcbc87c57b54ef4f58e1135e2813f6f000c2b739","https://huggingface.co/datasets/lab260/RuASD/tree/fcbc87c57b54ef4f58e1135e2813f6f000c2b739"
"ruasd-000202.tar","1009203200","b2eb8bd7f0803f530a8b7ad8ee5023bfd196678974cc07f5f8ebd2078e7bf430","fcbc87c57b54ef4f58e1135e2813f6f000c2b739","https://huggingface.co/datasets/lab260/RuASD/tree/fcbc87c57b54ef4f58e1135e2813f6f000c2b739"
"ruasd-000203.tar","1012428800","5bf816553939db6f13036601b6f17ebe6e971468fd1c5fe2dc21d54d9cecad1e","fcbc87c57b54ef4f58e1135e2813f6f000c2b739","https://huggingface.co/datasets/lab260/RuASD/tree/fcbc87c57b54ef4f58e1135e2813f6f000c2b739"
"ruasd-000204.tar","1007697920","c2bc8435ce45425083e56344c8685c094ad6a979faa407cb676c720028a3079d","fcbc87c57b54ef4f58e1135e2813f6f000c2b739","https://huggingface.co/datasets/lab260/RuASD/tree/fcbc87c57b54ef4f58e1135e2813f6f000c2b739"
"ruasd-000205.tar","1011732480","ef311611db5cdb76a3e655a44b5e52cab38084afb3a1eb2a806850d92ebefa79","fcbc87c57b54ef4f58e1135e2813f6f000c2b739","https://huggingface.co/datasets/lab260/RuASD/tree/fcbc87c57b54ef4f58e1135e2813f6f000c2b739"
"ruasd-000206.tar","1011834880","1e9e0eeaf66a22b23ba3afbabf7ba0f40cc02b71350aa5d3682e1031a51e5565","fcbc87c57b54ef4f58e1135e2813f6f000c2b739","https://huggingface.co/datasets/lab260/RuASD/tree/fcbc87c57b54ef4f58e1135e2813f6f000c2b739"
"ruasd-000207.tar","1007247360","150c31f83afb68f51e4d45c61f1d2e43c79dcf0e48d271d8e6e21a742836272f","fcbc87c57b54ef4f58e1135e2813f6f000c2b739","https://huggingface.co/datasets/lab260/RuASD/tree/fcbc87c57b54ef4f58e1135e2813f6f000c2b739"
"ruasd-000208.tar","1012203520","391e3299313845f084e28c41966046413673ff51d0b7036aec1d8551f1d9282a","fcbc87c57b54ef4f58e1135e2813f6f000c2b739","https://huggingface.co/datasets/lab260/RuASD/tree/fcbc87c57b54ef4f58e1135e2813f6f000c2b739"
"ruasd-000209.tar","1009510400","67e0b1b86e01f5453f784fec637061e386a3ff5fea20b928eb694735d474a23c","fcbc87c57b54ef4f58e1135e2813f6f000c2b739","https://huggingface.co/datasets/lab260/RuASD/tree/fcbc87c57b54ef4f58e1135e2813f6f000c2b739"
"ruasd-000210.tar","1009664000","759391baa3fe18571c2d21ff6e0a9e6913755df515d9c68354dd635651cc3afe","fcbc87c57b54ef4f58e1135e2813f6f000c2b739","https://huggingface.co/datasets/lab260/RuASD/tree/fcbc87c57b54ef4f58e1135e2813f6f000c2b739"
"ruasd-000211.tar","1012203520","9d04cd1b9227f8e8e055c998095cffc4927a8968ce718b5ef261c4bfec434581","fcbc87c57b54ef4f58e1135e2813f6f000c2b739","https://huggingface.co/datasets/lab260/RuASD/tree/fcbc87c57b54ef4f58e1135e2813f6f000c2b739"
"ruasd-000212.tar","1007360000","2b8c824a349036f19968a7355bff76a19cd16140d9801ae4340e56c7d4586980","fcbc87c57b54ef4f58e1135e2813f6f000c2b739","https://huggingface.co/datasets/lab260/RuASD/tree/fcbc87c57b54ef4f58e1135e2813f6f000c2b739"
"ruasd-000213.tar","1011947520","c304395eaaff1f05c59c5245068668291bc04b8db1f68c33e81ad847b76bfc19","fcbc87c57b54ef4f58e1135e2813f6f000c2b739","https://huggingface.co/datasets/lab260/RuASD/tree/fcbc87c57b54ef4f58e1135e2813f6f000c2b739"
"ruasd-000214.tar","1011271680","db96750cfcd8c9885b0897a25895f05db8f426b45b14b01d646eabaa9d5293af","fcbc87c57b54ef4f58e1135e2813f6f000c2b739","https://huggingface.co/datasets/lab260/RuASD/tree/fcbc87c57b54ef4f58e1135e2813f6f000c2b739"
"ruasd-000215.tar","1007585280","86d3c4720030cedcf66edd236ec63017ca7b90d94cdac319258e197050148077","fcbc87c57b54ef4f58e1135e2813f6f000c2b739","https://huggingface.co/datasets/lab260/RuASD/tree/fcbc87c57b54ef4f58e1135e2813f6f000c2b739"
"ruasd-000216.tar","1012275200","31f2deb0337f75a8271481f2a50503102dc6f37a52231d5664aa8b6f59933028","fcbc87c57b54ef4f58e1135e2813f6f000c2b739","https://huggingface.co/datasets/lab260/RuASD/tree/fcbc87c57b54ef4f58e1135e2813f6f000c2b739"
"ruasd-000217.tar","1008865280","7680426903be29eab8ad1c2134352c4e86b732c1ca5e80db017abca8ac7fe18a","fcbc87c57b54ef4f58e1135e2813f6f000c2b739","https://huggingface.co/datasets/lab260/RuASD/tree/fcbc87c57b54ef4f58e1135e2813f6f000c2b739"
"ruasd-000218.tar","1010206720","c7fceedc9422a0452d1eaef114c1a7d556616df440d15c37b763ef52f61348e5","fcbc87c57b54ef4f58e1135e2813f6f000c2b739","https://huggingface.co/datasets/lab260/RuASD/tree/fcbc87c57b54ef4f58e1135e2813f6f000c2b739"
"ruasd-000219.tar","1012633600","f3c4d9b0a787e98f57e60d4c189a798ba404bad77dff29317414f60599af82c1","fcbc87c57b54ef4f58e1135e2813f6f000c2b739","https://huggingface.co/datasets/lab260/RuASD/tree/fcbc87c57b54ef4f58e1135e2813f6f000c2b739"
"ruasd-000220.tar","1006684160","1fa41acfdf85dec078658c16835171969db89f280473840e6269dbceab7f72b6","fcbc87c57b54ef4f58e1135e2813f6f000c2b739","https://huggingface.co/datasets/lab260/RuASD/tree/fcbc87c57b54ef4f58e1135e2813f6f000c2b739"
"ruasd-000221.tar","1012183040","06a3526d02521006f4e89c5d1258e436f33fea1c008d539aa5d117b5a0bf5d3d","fcbc87c57b54ef4f58e1135e2813f6f000c2b739","https://huggingface.co/datasets/lab260/RuASD/tree/fcbc87c57b54ef4f58e1135e2813f6f000c2b739"
"ruasd-000222.tar","1010728960","fe5bfa58b7a57b443748cb9ca71a1fe330941ef00f60a78cb764aa0eaff1e7ba","fcbc87c57b54ef4f58e1135e2813f6f000c2b739","https://huggingface.co/datasets/lab260/RuASD/tree/fcbc87c57b54ef4f58e1135e2813f6f000c2b739"
"ruasd-000223.tar","1008465920","4951f4e8ee7141950a29beafbc6d5b1170f8091e30dce532c62dca950eb03117","fcbc87c57b54ef4f58e1135e2813f6f000c2b739","https://huggingface.co/datasets/lab260/RuASD/tree/fcbc87c57b54ef4f58e1135e2813f6f000c2b739"
"ruasd-000224.tar","1012224000","bf6a6842384816723a44916198a69f39e6e9af5ab89578365540b843b658989e","fcbc87c57b54ef4f58e1135e2813f6f000c2b739","https://huggingface.co/datasets/lab260/RuASD/tree/fcbc87c57b54ef4f58e1135e2813f6f000c2b739"
"ruasd-000225.tar","1008742400","11adaf8d24c2107598b8fe3f59868193a4f7818151ab6d453e05e189b3e8bb4b","fcbc87c57b54ef4f58e1135e2813f6f000c2b739","https://huggingface.co/datasets/lab260/RuASD/tree/fcbc87c57b54ef4f58e1135e2813f6f000c2b739"
"ruasd-000226.tar","1010626560","dbd3b9cacf97da724fa5955f6506be243c2b13297d2e1446f37ef54845ae6edd","fcbc87c57b54ef4f58e1135e2813f6f000c2b739","https://huggingface.co/datasets/lab260/RuASD/tree/fcbc87c57b54ef4f58e1135e2813f6f000c2b739"
"ruasd-000227.tar","1012336640","c1f166ed82633844ee35c355b601345ca7ab54922805351a3b53f8d74e3c45f2","fcbc87c57b54ef4f58e1135e2813f6f000c2b739","https://huggingface.co/datasets/lab260/RuASD/tree/fcbc87c57b54ef4f58e1135e2813f6f000c2b739"
"ruasd-000228.tar","1006735360","e668c8f7ba5d6c0aaa5b33ebdcde0c3c6ef0ef7956107d8aac932096afeafee5","fcbc87c57b54ef4f58e1135e2813f6f000c2b739","https://huggingface.co/datasets/lab260/RuASD/tree/fcbc87c57b54ef4f58e1135e2813f6f000c2b739"
"ruasd-000229.tar","1012183040","bc02d7782352ab48fd1f10569266c00093924ad7db77b4b7152e01bfe75ded68","fcbc87c57b54ef4f58e1135e2813f6f000c2b739","https://huggingface.co/datasets/lab260/RuASD/tree/fcbc87c57b54ef4f58e1135e2813f6f000c2b739"
"ruasd-000230.tar","1010493440","309e79ecb10cc2137b36fd12b21b58facbefce8bd84d680010a14208f697faa9","fcbc87c57b54ef4f58e1135e2813f6f000c2b739","https://huggingface.co/datasets/lab260/RuASD/tree/fcbc87c57b54ef4f58e1135e2813f6f000c2b739"
"ruasd-000231.tar","1009049600","1219344187c2bd81185e4d5bf9d86dee071a67c44d053bd41336be16d46d22d1","fcbc87c57b54ef4f58e1135e2813f6f000c2b739","https://huggingface.co/datasets/lab260/RuASD/tree/fcbc87c57b54ef4f58e1135e2813f6f000c2b739"
"ruasd-000232.tar","1012203520","0ba879f17fae7cab1547ce5f1e4f4d04aa1fc021a11a7a2311d86aa335f098cd","fcbc87c57b54ef4f58e1135e2813f6f000c2b739","https://huggingface.co/datasets/lab260/RuASD/tree/fcbc87c57b54ef4f58e1135e2813f6f000c2b739"
"ruasd-000233.tar","1007431680","e3904e065a900415a8976230e5020481c1aa5349dcb992c39bc790c15fdbc3b3","fcbc87c57b54ef4f58e1135e2813f6f000c2b739","https://huggingface.co/datasets/lab260/RuASD/tree/fcbc87c57b54ef4f58e1135e2813f6f000c2b739"
"ruasd-000234.tar","1010954240","03ebc29b33f90ee24a8704b7dd6f7bfc3905dd13ae44caf390bb796eb7ff7707","fcbc87c57b54ef4f58e1135e2813f6f000c2b739","https://huggingface.co/datasets/lab260/RuASD/tree/fcbc87c57b54ef4f58e1135e2813f6f000c2b739"
"ruasd-000235.tar","1010749440","70cc2068acb231fda94b47ffc6a75bb00c866b5ed6787636d9f1489066425a68","fcbc87c57b54ef4f58e1135e2813f6f000c2b739","https://huggingface.co/datasets/lab260/RuASD/tree/fcbc87c57b54ef4f58e1135e2813f6f000c2b739"
"ruasd-000236.tar","1007493120","204484f6a58362135e33fef8bb1fdb9ba5bc397368af184dc3a9596724c1dabd","fcbc87c57b54ef4f58e1135e2813f6f000c2b739","https://huggingface.co/datasets/lab260/RuASD/tree/fcbc87c57b54ef4f58e1135e2813f6f000c2b739"
"ruasd-000237.tar","1011988480","c380ae076dfacc1a989d3bb8c1d759927f9539a74446c64377c17363c0c73df5","fcbc87c57b54ef4f58e1135e2813f6f000c2b739","https://huggingface.co/datasets/lab260/RuASD/tree/fcbc87c57b54ef4f58e1135e2813f6f000c2b739"
"ruasd-000238.tar","1008588800","4585d7131e8c435e5099cfddb76972a49f58604d42dc8ebe18489035b043effd","fcbc87c57b54ef4f58e1135e2813f6f000c2b739","https://huggingface.co/datasets/lab260/RuASD/tree/fcbc87c57b54ef4f58e1135e2813f6f000c2b739"
"ruasd-000239.tar","1009858560","aac9efd1774c5b169808662d269bb79be399f040c2df709002ec088a0bbbdf25","fcbc87c57b54ef4f58e1135e2813f6f000c2b739","https://huggingface.co/datasets/lab260/RuASD/tree/fcbc87c57b54ef4f58e1135e2813f6f000c2b739"
"ruasd-000240.tar","1011589120","0b820f86445db5f68d89016b5717b6e4555dade73b4e631a7d2cd34f2e78d2f2","fcbc87c57b54ef4f58e1135e2813f6f000c2b739","https://huggingface.co/datasets/lab260/RuASD/tree/fcbc87c57b54ef4f58e1135e2813f6f000c2b739"
"ruasd-000241.tar","1006479360","1bf2558b3545c670e66367845b7f2337bcf8e2935500faf88123fd5a3416ffee","fcbc87c57b54ef4f58e1135e2813f6f000c2b739","https://huggingface.co/datasets/lab260/RuASD/tree/fcbc87c57b54ef4f58e1135e2813f6f000c2b739"
"ruasd-000242.tar","1012039680","7b7ce468a3d345f718b95c8431cd3e0ee6f47734976239aab8bf653f7d38cc0c","fcbc87c57b54ef4f58e1135e2813f6f000c2b739","https://huggingface.co/datasets/lab260/RuASD/tree/fcbc87c57b54ef4f58e1135e2813f6f000c2b739"
"ruasd-000243.tar","1009356800","ce4213a9408c562ff09d889a0e29d2f2f2d746b4b59f1798ade551aa8687d964","fcbc87c57b54ef4f58e1135e2813f6f000c2b739","https://huggingface.co/datasets/lab260/RuASD/tree/fcbc87c57b54ef4f58e1135e2813f6f000c2b739"
"ruasd-000244.tar","1009756160","5ef11ad2f6b87b30c391d18e73dbac9041c3a01019f3dd25fb1631f04d7c03c0","fcbc87c57b54ef4f58e1135e2813f6f000c2b739","https://huggingface.co/datasets/lab260/RuASD/tree/fcbc87c57b54ef4f58e1135e2813f6f000c2b739"
"ruasd-000245.tar","1011947520","15791eef1f8de49b278b25c897fdd00c425d5ff7b8591e914408d1cdc8537087","fcbc87c57b54ef4f58e1135e2813f6f000c2b739","https://huggingface.co/datasets/lab260/RuASD/tree/fcbc87c57b54ef4f58e1135e2813f6f000c2b739"
"ruasd-000246.tar","1007472640","72020dce57f29f7820e8a370497ee6b3907824d2273c1333e280630d5e61662c","fcbc87c57b54ef4f58e1135e2813f6f000c2b739","https://huggingface.co/datasets/lab260/RuASD/tree/fcbc87c57b54ef4f58e1135e2813f6f000c2b739"
"ruasd-000247.tar","1012060160","f4b14c341207e13847fb74c9fbb91f2e60000188559f2c429107639d6b805a8f","fcbc87c57b54ef4f58e1135e2813f6f000c2b739","https://huggingface.co/datasets/lab260/RuASD/tree/fcbc87c57b54ef4f58e1135e2813f6f000c2b739"
"ruasd-000248.tar","1011322880","2c4f582ab2224fd5ae16dc549d9ed5689ecf9bf0fa166aa4460b5f2a487f9be3","fcbc87c57b54ef4f58e1135e2813f6f000c2b739","https://huggingface.co/datasets/lab260/RuASD/tree/fcbc87c57b54ef4f58e1135e2813f6f000c2b739"
"ruasd-000249.tar","137461760","c571d377a6c007842299af52de09453158cfedaa0a270933d22aff5220cea8b9","fcbc87c57b54ef4f58e1135e2813f6f000c2b739","https://huggingface.co/datasets/lab260/RuASD/tree/fcbc87c57b54ef4f58e1135e2813f6f000c2b739"
