protocol_id,text_hash,label,sample_id,relative_path,audio_sha256,input_transcript
common-voice-ru-v24-silero-v5-5-eugene-pre-qa-acoustic-gate-v1,05ba954f2ec2d4005b9de4bea7aca19daa695bf1177f484d00708ae32a8e233f,bonafide,common_voice_ru_v24:common_voice_ru_20388721,processed/b1/b1fda6d5bf6f21558c8812bfe6ea541b7f972903b5854f72efec29a16e00391a.wav,8a18c4c8c5161029dfe4ebb8b8af21f4a9f65afad6ba364bb87e04d441f8cd6f,Соединенные Штаты с нетерпением ждут их скорейшего осуществления.
common-voice-ru-v24-silero-v5-5-eugene-pre-qa-acoustic-gate-v1,05ba954f2ec2d4005b9de4bea7aca19daa695bf1177f484d00708ae32a8e233f,spoof,silero_v5_5_ru_eugene_v1:3dc50acc48aaa48c,processed/fe/fe338718cbc81a8594b9b00eda4547f5694861e468cfbfdabd8c0bb01abbada4.wav,518c33ee22a66944a198f4235d8825cdcd4348e206e5731ff5e6d9eae02ad1d6,Соединенные Штаты с нетерпением ждут их скорейшего осуществления.
common-voice-ru-v24-silero-v5-5-eugene-pre-qa-acoustic-gate-v1,0670aff216165eb4166a1612e19e69bace851ab8acbdf8d195a9657cf49dad20,bonafide,common_voice_ru_v24:common_voice_ru_24599764,processed/36/366916742e5ab73702c1a968b6fb0fe20caf4d71ce8923a46897007b2854f2fc.wav,eab913d86a6d170bd5ebcfb914b32c34fde564107f1c2bb6823eb5bb5608c240,"Конечно, будучи неофициальным, он будет наличествовать только на английском языке."
common-voice-ru-v24-silero-v5-5-eugene-pre-qa-acoustic-gate-v1,0670aff216165eb4166a1612e19e69bace851ab8acbdf8d195a9657cf49dad20,spoof,silero_v5_5_ru_eugene_v1:e1a016ab5acea953,processed/d7/d7bab52c03b7271f41f2cb48d64abffa544e8fe00e0f821af26f6464dcae92a3.wav,66258d03641b9cae6b26d406e0964548fe9c445fe2a0dd1698cee5a5bd9889c1,"Конечно, будучи неофициальным, он будет наличествовать только на английском языке."
common-voice-ru-v24-silero-v5-5-eugene-pre-qa-acoustic-gate-v1,0803fe1f49cc9bae6873c37747bdf17fd5922e6ace734eacdd9487933dcf982b,bonafide,common_voice_ru_v24:common_voice_ru_41961959,processed/fa/fa02b8e6ed48c9781c71058199c1bcc780964b0048d834231a36c0074b464a19.wav,8e0634b8369f345edfaea2e831652b6fea4176a14f7e76c851f9f89d440bfc93,"Абак позволяет выполнять базовые арифметические операции, такие как сложение, вычитание, умножение и деление."
common-voice-ru-v24-silero-v5-5-eugene-pre-qa-acoustic-gate-v1,0803fe1f49cc9bae6873c37747bdf17fd5922e6ace734eacdd9487933dcf982b,spoof,silero_v5_5_ru_eugene_v1:3667a277c2b2df25,processed/93/937b240f622fae762be9e3562613b37b84f97642703616c974f37a1d3a19b0ec.wav,3bad6892d5c20132d9538b4c07ced93b3e12ba3eb3d084db2f31159814b9b963,"Абак позволяет выполнять базовые арифметические операции, такие как сложение, вычитание, умножение и деление."
common-voice-ru-v24-silero-v5-5-eugene-pre-qa-acoustic-gate-v1,17808c42e7306c9566474bcdf60c4b73d913fcbd39aa152fbcaddbb3f6a9b413,bonafide,common_voice_ru_v24:common_voice_ru_31506078,processed/ea/eac5e258c077f92c103a254ef01380726dd007626239427f822a1b5f453a99d4.wav,e22f19098df32fcc07485015f906082936c9eeef6d930f884561a89e12f588ab,Мучительное состояние Вронского после последней сцены.
common-voice-ru-v24-silero-v5-5-eugene-pre-qa-acoustic-gate-v1,17808c42e7306c9566474bcdf60c4b73d913fcbd39aa152fbcaddbb3f6a9b413,spoof,silero_v5_5_ru_eugene_v1:7e20e077680999bb,processed/e3/e3536ff00a9239f140d6c0d3e89e961edd6eb65d43747b038237d9992936423c.wav,e78afe2300ca681d7f0e5b9f00da4f5244f796ff4d4c29680f691d53e8fa189c,Мучительное состояние Вронского после последней сцены.
common-voice-ru-v24-silero-v5-5-eugene-pre-qa-acoustic-gate-v1,184068519989d6e722a2df30afc9afce453a5b98b3a08a272ecc8cdae9e69fee,bonafide,common_voice_ru_v24:common_voice_ru_26888875,processed/e4/e40b934d119a861dadcbf48a20fb690149c9889d990d9e48768ee4682affd2f8.wav,d84f02b1305e92b3c7c236c2a10c20e177bfcb9522280c106076397854dcdc0c,Затем Комитет представит Ассамблее второй доклад по этим полномочиям.
common-voice-ru-v24-silero-v5-5-eugene-pre-qa-acoustic-gate-v1,184068519989d6e722a2df30afc9afce453a5b98b3a08a272ecc8cdae9e69fee,spoof,silero_v5_5_ru_eugene_v1:bcfcb25a23f76218,processed/30/3032e9cc1e069fb632dcd1f22a5809fcbc608ac92c9a8621ec900b074f75f784.wav,2a9b43d79e88177313a015c69dfd125e7cea726254fdc1cb506b933a13f7dc74,Затем Комитет представит Ассамблее второй доклад по этим полномочиям.
common-voice-ru-v24-silero-v5-5-eugene-pre-qa-acoustic-gate-v1,1bf41d25bb86d7c385d9eaeac65fbad4faace8360745905b1061bad6f7bd5ac8,bonafide,common_voice_ru_v24:common_voice_ru_25542082,processed/2c/2cf74c0186fc35c078a05ccb91e9bc843b2feb05601f8f1423ecc6ab0aa797ea.wav,7c74e7639e59a7f6e848854fac9f209fbc025ac1bd8e7799f01f6aaa13ce2486,"Но на этот раз, к удивлению моему, я застал его в чрезвычайной перемене."
common-voice-ru-v24-silero-v5-5-eugene-pre-qa-acoustic-gate-v1,1bf41d25bb86d7c385d9eaeac65fbad4faace8360745905b1061bad6f7bd5ac8,spoof,silero_v5_5_ru_eugene_v1:a7b5df72960225d2,processed/f0/f036376e3fe5f380af26f1c18884a50726ba37101af5377ea82ffa1f0e187d64.wav,1dd43f15a43c4c7c4c00ef2b3a3faf803109122c4ea78e87db2b040a0acdf8f7,"Но на этот раз, к удивлению моему, я застал его в чрезвычайной перемене."
common-voice-ru-v24-silero-v5-5-eugene-pre-qa-acoustic-gate-v1,289a5878e3bbbb8018e2a8a85bc40a70e6e37cb42f486b45e546fbf9b93a6764,bonafide,common_voice_ru_v24:common_voice_ru_20536932,processed/b7/b7f54592767a7dd689b41611bd27ea835efc2bbb34ecf27f10b0548e77b21239.wav,c7a31ff188cb506f4ccdd3a8b7ad3ebd74cd3adbf80e6aa3ea084f12a696d5d3,Такая ответственность выходит далеко за рамки Конференции по разоружению.
common-voice-ru-v24-silero-v5-5-eugene-pre-qa-acoustic-gate-v1,289a5878e3bbbb8018e2a8a85bc40a70e6e37cb42f486b45e546fbf9b93a6764,spoof,silero_v5_5_ru_eugene_v1:3446477bc43cf913,processed/ea/ea1fbc021e86c94fef9fecc36991fafcbae1c32838dd128a1aa91163a5624c4f.wav,7d1ff4decf2386c995184ae2c0cc5df33bf2d34d4b24dce3c931ad3403dae5a4,Такая ответственность выходит далеко за рамки Конференции по разоружению.
common-voice-ru-v24-silero-v5-5-eugene-pre-qa-acoustic-gate-v1,35d55aa0f07f0ea9df5c15a0eee47b90fc7c59a1715ff843ee3c130c62e36b2d,bonafide,common_voice_ru_v24:common_voice_ru_30542884,processed/eb/eb5625b2f885b445f597b3451216c30c63820045d16f2fc3d459619d93c11d2b.wav,6ec2357af6b8f13b25e6208dd6fff1c12f51cbaf2981c6e797974432934c5211,"Я, говорит, люблю, чтобы от женщины женщиной пахло!"
common-voice-ru-v24-silero-v5-5-eugene-pre-qa-acoustic-gate-v1,35d55aa0f07f0ea9df5c15a0eee47b90fc7c59a1715ff843ee3c130c62e36b2d,spoof,silero_v5_5_ru_eugene_v1:da78992ccc8a130b,processed/93/939cf790f0f6dd6350d17f134792456e269aa56c80829225dd8752320e249f26.wav,ddb1f137a8b572577a29cc24dda5fba88e4311f6f060a64763a59decf849c393,"Я, говорит, люблю, чтобы от женщины женщиной пахло!"
common-voice-ru-v24-silero-v5-5-eugene-pre-qa-acoustic-gate-v1,3833dfcacf3d494d8c8b577fc937ff5edee24d6af1488ce7be7bf6ac6b068cbc,bonafide,common_voice_ru_v24:common_voice_ru_26853053,processed/60/605d5d3c8a058cf877b5ef9b1b4ca6fe59912b4b3d9af61b6428be90721c0c0e.wav,5d019c8ad74c1569e75eaefec6ada11fcf44cf699186cac7a3f19c16b9f1059f,Очень важно ориентировать наши обсуждения на достижение общей цели укрепления этого органа.
common-voice-ru-v24-silero-v5-5-eugene-pre-qa-acoustic-gate-v1,3833dfcacf3d494d8c8b577fc937ff5edee24d6af1488ce7be7bf6ac6b068cbc,spoof,silero_v5_5_ru_eugene_v1:63b197dc5144f75b,processed/1b/1b251a6a5755f22e14975a7013f74a23ce9fca4a22812546612f64cd6fb4bcb0.wav,25ed1022d53532fb8bbbe94127b4438cd0d36e213f1bc75d32807ce87f855c01,Очень важно ориентировать наши обсуждения на достижение общей цели укрепления этого органа.
common-voice-ru-v24-silero-v5-5-eugene-pre-qa-acoustic-gate-v1,3cbc28d97bfe4b725ad51d2f1512712ffd4192d3d07ace59d8fdf03d9343d698,bonafide,common_voice_ru_v24:common_voice_ru_28761513,processed/ec/ec2fb68747e1cd05976c691b361adbcf13f3f01c5229d48888b460bce1d32dcf.wav,abe9b2cd0c6b1e9e0187969a9441b2a76c3e7f1f9a45b91eb5bb8d6a5c608ee1,"Нет, я не вижу, почему это не может быть новая сила, если она...."
common-voice-ru-v24-silero-v5-5-eugene-pre-qa-acoustic-gate-v1,3cbc28d97bfe4b725ad51d2f1512712ffd4192d3d07ace59d8fdf03d9343d698,spoof,silero_v5_5_ru_eugene_v1:c7e6bd489ecb826f,processed/7c/7c5162ea5f57ee5df6523daa49715922492f9d9f23cf79aaeafbaea600e82264.wav,77cbf8b08b5319cad97d7194d46722359b9a3bbd925fefd48ed10855c435692d,"Нет, я не вижу, почему это не может быть новая сила, если она...."
common-voice-ru-v24-silero-v5-5-eugene-pre-qa-acoustic-gate-v1,3edf55c39890d79be8210bcbabf383357fb8a491b98d7b8c9788c2f23925acec,bonafide,common_voice_ru_v24:common_voice_ru_25474679,processed/68/68f67a0edcf68f2562d3efb3453849d3da1b2d9142d18b2bafc7203bea024abe.wav,78c8c1bc045740fc483b7d060c19675ebe9b0ba0366bc3af6ed17ab766dd7258,"Мы считаем, что для достижения нашей цели эти консультации следует активизировать."
common-voice-ru-v24-silero-v5-5-eugene-pre-qa-acoustic-gate-v1,3edf55c39890d79be8210bcbabf383357fb8a491b98d7b8c9788c2f23925acec,spoof,silero_v5_5_ru_eugene_v1:e81d9e3f569e7e33,processed/e5/e5f2a6ce27035dc9fc53d8d97060a3c7fb0ccf7df59a8ad45537ee76981c1737.wav,29baf6f5fc6855331075e8cfa5238a943fe58e2f85cc7d900d8e6cbecb308464,"Мы считаем, что для достижения нашей цели эти консультации следует активизировать."
common-voice-ru-v24-silero-v5-5-eugene-pre-qa-acoustic-gate-v1,407dd4e01aaaafbb3473c37d1d288370828409bcc72e38c3d22eb526ba3fc097,bonafide,common_voice_ru_v24:common_voice_ru_20177512,processed/3c/3c36ef7134e55fa7aa8343b7b5b52cf25cd2e4cbf0c2e3c8ce3ad264913731a3.wav,44b88e4a49546b50bd3b481fa81f7949f719adf6e4d6049dc552580aed203ecd,Региональные усилия необходимы для поддержки глобальных усилий в области ядерного разоружения и нераспространения.
common-voice-ru-v24-silero-v5-5-eugene-pre-qa-acoustic-gate-v1,407dd4e01aaaafbb3473c37d1d288370828409bcc72e38c3d22eb526ba3fc097,spoof,silero_v5_5_ru_eugene_v1:698402a3545f1bf7,processed/c2/c220e9740900451d3714045a3f76cd0fd1a064e71b3835a21884f8ddf58826b1.wav,9c93ded4e10239caa5cbedc1a70e4642f233484691c1bbc468d1c89cf9241cec,Региональные усилия необходимы для поддержки глобальных усилий в области ядерного разоружения и нераспространения.
common-voice-ru-v24-silero-v5-5-eugene-pre-qa-acoustic-gate-v1,416b5a61cca2e6e9122cde276d1d3c974594c3fa78bbd048e0be21cf3a984a01,bonafide,common_voice_ru_v24:common_voice_ru_19517687,processed/07/07801f92d60d36723c8802d3a35b6eb61c05bbe1627770babade28d10e5b1983.wav,5d4a8f04c5d94c7310e12afe69b182757629a0e0c5b1f4b3fff5661ff7ae32db,"Но для того чтобы это произошло, мы действительно должны ухватиться за эту возможность."
common-voice-ru-v24-silero-v5-5-eugene-pre-qa-acoustic-gate-v1,416b5a61cca2e6e9122cde276d1d3c974594c3fa78bbd048e0be21cf3a984a01,spoof,silero_v5_5_ru_eugene_v1:8a5639c93f543527,processed/e6/e6c23f92106978da7f5c54b5447afc0681836d8c19bc70949da16fb221ba6cfd.wav,a455ea7b89024d1d74ee2ce3f2c0c55dab09b234a1350add3d3d729af90c1725,"Но для того чтобы это произошло, мы действительно должны ухватиться за эту возможность."
common-voice-ru-v24-silero-v5-5-eugene-pre-qa-acoustic-gate-v1,44739cd9712f2dac3d071ba6e50a06edd5787cfd9cdec7a40d2f4874033b52eb,bonafide,common_voice_ru_v24:common_voice_ru_18881472,processed/1c/1c22d0b98222737bbafd3dabf713d6fbc464acd60ddd2a0bf3b2d31a15628624.wav,0180c494f86621396aa9bf1623a4dbcaab49f3889de80596611866574ef33f16,"– А, тогда так бы и говорили! – с досадой сказал Квакин."
common-voice-ru-v24-silero-v5-5-eugene-pre-qa-acoustic-gate-v1,44739cd9712f2dac3d071ba6e50a06edd5787cfd9cdec7a40d2f4874033b52eb,spoof,silero_v5_5_ru_eugene_v1:c288eef68f4c3577,processed/42/4218b92bd1c5c8c31f2b939ab5cdf22f45a46d70927e6e4b05899eaf4b097903.wav,8c2dadfc9e54e4f24f00bb3283e32b509bab8ee60d135a5a1a2cd5f212e2b936,"– А, тогда так бы и говорили! – с досадой сказал Квакин."
common-voice-ru-v24-silero-v5-5-eugene-pre-qa-acoustic-gate-v1,4a28128ab1d880f07911e80b1586dd1df7b530e67cee078be533e3b3c82dadd9,bonafide,common_voice_ru_v24:common_voice_ru_28136768,processed/a2/a2523311f9863ad1a029fe69bfa364ce5b6cf8059b96511cc1746145b287199b.wav,dd5d121cf473bc5f87c189c27a8c9d8ed2e4b814af10ae986eaae1815d88310b,Эстония тепло приветствует эту тенденцию к всеобщему присоединению к Римскому статуту.
common-voice-ru-v24-silero-v5-5-eugene-pre-qa-acoustic-gate-v1,4a28128ab1d880f07911e80b1586dd1df7b530e67cee078be533e3b3c82dadd9,spoof,silero_v5_5_ru_eugene_v1:c4f8072b13c9b141,processed/36/361980fd6b84964ab909684ff431d06b99876701f5109a267bdca2e27a5cee1a.wav,738dd05fc518802d703dd454730d7b4ce08068df12e7722000bce6086ce0d249,Эстония тепло приветствует эту тенденцию к всеобщему присоединению к Римскому статуту.
common-voice-ru-v24-silero-v5-5-eugene-pre-qa-acoustic-gate-v1,522e71a1e0fbee350a11318e9bb7e6102592c9d25fa1cc73528047f36621e2d8,bonafide,common_voice_ru_v24:common_voice_ru_25794243,processed/31/31520c870568f23153fa4f673a4b2319346496ac0dde6e72c4af317a983c7e44.wav,7e79fefcf981259b37481b2f3715cb12bd087e55786cfc348d5535ea7df3d9ae,"Эти позитивные подвижки, безусловно, требуют дополнительной поддержки."
common-voice-ru-v24-silero-v5-5-eugene-pre-qa-acoustic-gate-v1,522e71a1e0fbee350a11318e9bb7e6102592c9d25fa1cc73528047f36621e2d8,spoof,silero_v5_5_ru_eugene_v1:1246c10680fce441,processed/d8/d8cced32f307973cb82aed834383bce61fa0e6a4eca8119806df339d10c02542.wav,eba8b75be230b029ae2b76344101a5b547e9e7d9d63aca8becffe109d0c213f9,"Эти позитивные подвижки, безусловно, требуют дополнительной поддержки."
common-voice-ru-v24-silero-v5-5-eugene-pre-qa-acoustic-gate-v1,534741172c75b544b2a3d06dfe60787b46ae0240ae5ecdb98441183d691464a9,bonafide,common_voice_ru_v24:common_voice_ru_20866362,processed/a1/a11aff11a3db7ccc1864f2bb1d909f70aacb99f9656edc16e9a541aff8183cec.wav,6fe5d05863fff2a2e2fff29a847f1148f5ecb1e963454d06ae738a7c23eaf55f,Но ответ Николая Ставрогина был еще изумительнее.
common-voice-ru-v24-silero-v5-5-eugene-pre-qa-acoustic-gate-v1,534741172c75b544b2a3d06dfe60787b46ae0240ae5ecdb98441183d691464a9,spoof,silero_v5_5_ru_eugene_v1:39ebab19134e2011,processed/07/07c737343e4e9a5ff34093334f20a2f600c641783d6f44089728b3b85faad9c6.wav,1457f869e74dea30699c31c6f037930c58deea64d8c42c03063e70590c103aff,Но ответ Николая Ставрогина был еще изумительнее.
common-voice-ru-v24-silero-v5-5-eugene-pre-qa-acoustic-gate-v1,56513006e01aae81815792f5502556e72035d0c554d356a428f4e715e309e593,bonafide,common_voice_ru_v24:common_voice_ru_35215534,processed/f6/f67721856edb60462bac999b15a56e6ea76e8151f2280d345a4bd69f56bb8bd7.wav,08af6b4039c25887216df37c75a8d6b9a6c3d395cc19a20b87b64c274bb02f88,"страдал при Понтии Пилате, был распят, умер и погребён, сошел в ад"
common-voice-ru-v24-silero-v5-5-eugene-pre-qa-acoustic-gate-v1,56513006e01aae81815792f5502556e72035d0c554d356a428f4e715e309e593,spoof,silero_v5_5_ru_eugene_v1:30f03f290025e3db,processed/f9/f9bedd6c88d8c8ab203d5bbf381ea569d6f73c02641098f426a19f4197bcd4cf.wav,2a6f43fd334ff05d4aee3303ed1376aea787f922fa42f5dc7df8b72c8b6abf07,"страдал при Понтии Пилате, был распят, умер и погребён, сошел в ад"
common-voice-ru-v24-silero-v5-5-eugene-pre-qa-acoustic-gate-v1,57ad9925cb35cf48a22be53df6c540da58d29348e775426c6dfaec1bbc58cca0,bonafide,common_voice_ru_v24:common_voice_ru_20787969,processed/56/561b6d1e53ce9e687bbf6196e6b7bc03945da57da75e08c302936e977fa43660.wav,0d9593da2b17568c04ccad3ac2218560104e4a3bbefcdb003f36175480c15d99,Я хочу поблагодарить всех вас за присутствие и закрыть заседание.
common-voice-ru-v24-silero-v5-5-eugene-pre-qa-acoustic-gate-v1,57ad9925cb35cf48a22be53df6c540da58d29348e775426c6dfaec1bbc58cca0,spoof,silero_v5_5_ru_eugene_v1:e248a2b76b580812,processed/db/db9d14e0ade02e718c067df62ccff45d94ef85bddccbdda8b28396d8071c9276.wav,29efe9b9072b0bb30acb7723f69a033b2e223b34da6fc661ece180cc42873722,Я хочу поблагодарить всех вас за присутствие и закрыть заседание.
common-voice-ru-v24-silero-v5-5-eugene-pre-qa-acoustic-gate-v1,637f62c90f1f4f029dc9ace4210ec74b09364ddb47019067c5eb325d0ef6641a,bonafide,common_voice_ru_v24:common_voice_ru_32576136,processed/ba/ba0bbe02feef9b6c552cf61556d91f86691ebe4ef3bd3efd3a2a8f0f94396355.wav,c18fdb0032960e1f178f25fbf5ffbeae39b2d1dcbf418033f12934f808e6633e,"Более репрезентативной выборки, чем в группе про еду, в интернете, пожалуй, не собрать"
common-voice-ru-v24-silero-v5-5-eugene-pre-qa-acoustic-gate-v1,637f62c90f1f4f029dc9ace4210ec74b09364ddb47019067c5eb325d0ef6641a,spoof,silero_v5_5_ru_eugene_v1:8f336fdeef0652db,processed/2a/2a8ea008705310235ca9e91d0eb519f920337583baebac8feb1e8f16365bd5f0.wav,af9148fe954c29698fda8e4a80de16b47202f306a97319680c5ec9b58832690a,"Более репрезентативной выборки, чем в группе про еду, в интернете, пожалуй, не собрать"
common-voice-ru-v24-silero-v5-5-eugene-pre-qa-acoustic-gate-v1,6489170509060551f73a7f9b67621da27c6cc6cc1c584a894b7a7877bf9342cf,bonafide,common_voice_ru_v24:common_voice_ru_38307671,processed/ab/abc82a3adbce45b9a3a0e4b1b93ba3942c19455fd4e8dc6280b81a42f77cb6e9.wav,86e79e58a048565e3331267c88d0e6d030b6f6b592bd0bad5be56c444f89cce2,"Несколько разбойников вытащили на крыльцо Василису Егоровну, растрепанную и раздетую донага."
common-voice-ru-v24-silero-v5-5-eugene-pre-qa-acoustic-gate-v1,6489170509060551f73a7f9b67621da27c6cc6cc1c584a894b7a7877bf9342cf,spoof,silero_v5_5_ru_eugene_v1:947f28de45166edd,processed/dd/dd71dd10ad646f3ad5b7a5dff2756feb68337eb85bf9e01b09bd684b5de6dced.wav,640f87872e9e4a66ea36dcaabee504d4d0ccd39f5a6f710f5fea27e3168a5ffa,"Несколько разбойников вытащили на крыльцо Василису Егоровну, растрепанную и раздетую донага."
common-voice-ru-v24-silero-v5-5-eugene-pre-qa-acoustic-gate-v1,7b9d14895b5e733e2efb396ebbdea7a1b862e94591e1ce592a841af131b050bb,bonafide,common_voice_ru_v24:common_voice_ru_25976645,processed/42/4266fa46281e1014fb636628ce054f7966a4a2a198dc447c3e344b67d7253098.wav,eee88c535b822c036d9913bd2666ad1935b4ec548378759e64509c72aedbc746,"Конечно же, Игры помогут сделать Рио еще более красивым и гостеприимным городом."
common-voice-ru-v24-silero-v5-5-eugene-pre-qa-acoustic-gate-v1,7b9d14895b5e733e2efb396ebbdea7a1b862e94591e1ce592a841af131b050bb,spoof,silero_v5_5_ru_eugene_v1:0e762b3a8f256c20,processed/19/192dbfbf5560cf1c16853f7e9b06410d76252f517c9deeb2b52ea8ffce7d48a1.wav,25f5cd4351026f81dc69e80db39341f57ce48ea2daafbcb2e77e40566f9c8deb,"Конечно же, Игры помогут сделать Рио еще более красивым и гостеприимным городом."
common-voice-ru-v24-silero-v5-5-eugene-pre-qa-acoustic-gate-v1,81767ef6cd6c21f21c270fcea61fc1a87f6033ef49926b2212f9dbe3f910fbf5,bonafide,common_voice_ru_v24:common_voice_ru_24983777,processed/36/3690d7d67ced3739c3d2d6bb531ce602c69b101bd84c6051147b98647620855d.wav,3534bb18142bb0966954286709f5146ce55de240a5efa675d9cdd75d19ef97ab,Я знаю одно: британцы могут никогда не согласиться на Республику.
common-voice-ru-v24-silero-v5-5-eugene-pre-qa-acoustic-gate-v1,81767ef6cd6c21f21c270fcea61fc1a87f6033ef49926b2212f9dbe3f910fbf5,spoof,silero_v5_5_ru_eugene_v1:a24b131526005da8,processed/08/08b5941f1991dcb158a4c4d0819c02efd7fe214a7a10f059456926f7ee17b736.wav,31954b6b8b6e0363c99ca1fe1d51ef9383cc6595c4da9a53c0e49e3a656dd122,Я знаю одно: британцы могут никогда не согласиться на Республику.
common-voice-ru-v24-silero-v5-5-eugene-pre-qa-acoustic-gate-v1,8a7a0f8e7f94de531da5ee408d8ea9652148d8aeedb0edf8811e4106231056e4,bonafide,common_voice_ru_v24:common_voice_ru_24567140,processed/5f/5f946b4547e836cb8989d580cf74579c13fc6010391f6cc073d40c8bc43a23fa.wav,d67ae3f2e479107cb100f3d362f7340df290a2ed65e254d55f64565908aa2cbf,"И Марья Ивановна увидела даму, сидевшую на скамейке противу памятника."
common-voice-ru-v24-silero-v5-5-eugene-pre-qa-acoustic-gate-v1,8a7a0f8e7f94de531da5ee408d8ea9652148d8aeedb0edf8811e4106231056e4,spoof,silero_v5_5_ru_eugene_v1:a97e647fdc4b0295,processed/99/99d216a07a8207d91ec65e9c62adb4e60e88ad1343be36f0248960914a5a4aef.wav,66e1b0c02b8a0732b4ec951bdbc9775c8409fdf6c41c5a89da7051d0ac6dcc62,"И Марья Ивановна увидела даму, сидевшую на скамейке противу памятника."
common-voice-ru-v24-silero-v5-5-eugene-pre-qa-acoustic-gate-v1,8cf3cda86760124353a2117d8026fd7b5140054386a3cb01a73ba7c1dbf78599,bonafide,common_voice_ru_v24:common_voice_ru_36457956,processed/95/958b3bccea5d5b3f77c5072d283b6769adf7e2c6e0ecfdb0c8b5a3f93635795d.wav,45276556feb66c69085ca3776a781086800553887ee884f0c17065c92cdca09c,Рассудок тут принимает очень незначительное участие.
common-voice-ru-v24-silero-v5-5-eugene-pre-qa-acoustic-gate-v1,8cf3cda86760124353a2117d8026fd7b5140054386a3cb01a73ba7c1dbf78599,spoof,silero_v5_5_ru_eugene_v1:c49a2ddf0f5f07fa,processed/c1/c14641ed0516b8309b547f90fbcd9966922477ef1be5d173d5a0775e7b548b58.wav,a9567a98043f05c99f505619416e79ecb5780dedd8121d1107e906b165a39aad,Рассудок тут принимает очень незначительное участие.
common-voice-ru-v24-silero-v5-5-eugene-pre-qa-acoustic-gate-v1,90feb84fe806c30a203b61883699f8e918f0a0dcbf3814ec99ac2339f8534d5b,bonafide,common_voice_ru_v24:common_voice_ru_20484481,processed/47/4758368ec1baa96930d38fa5e02eb2804563728651880e82dd49ad5fde331cf7.wav,5134e39276d1d988ba0ff1c95392e335a811f7d9bb4d72ffe020f0831d45135b,"Великая княгиня попросила подать себе каску, — он не дает."
common-voice-ru-v24-silero-v5-5-eugene-pre-qa-acoustic-gate-v1,90feb84fe806c30a203b61883699f8e918f0a0dcbf3814ec99ac2339f8534d5b,spoof,silero_v5_5_ru_eugene_v1:e528f6f4d1269d31,processed/17/171624b6d2413e0a608397f172837932e739b59c27d895e210ec7d1c91afc8d1.wav,b43cc0bd52125307d11711e98525d20c0655f2cef9f1f7c5956f0f566ad134e2,"Великая княгиня попросила подать себе каску, — он не дает."
common-voice-ru-v24-silero-v5-5-eugene-pre-qa-acoustic-gate-v1,a46e959565d6bdf8ab9742207845dc8281dee7c89a3c1896112a2af61c86e1dd,bonafide,common_voice_ru_v24:common_voice_ru_20111333,processed/ec/ec520fc5caa54ec2f484baa67061618265bea2955bbccc36e533b91b664c82e6.wav,a7cfe99040543c49b0ff45f1a7dda71b5c967bb8db18c5d5a66dfd7b46b58e49,С началом начального этапа первого цикла регулярного процесса в прошлом году.
common-voice-ru-v24-silero-v5-5-eugene-pre-qa-acoustic-gate-v1,a46e959565d6bdf8ab9742207845dc8281dee7c89a3c1896112a2af61c86e1dd,spoof,silero_v5_5_ru_eugene_v1:523b974391c3d056,processed/fb/fb32eda51c4c53dc1faff68c422cc847a2f784061faae952be1aef372fca7436.wav,81515cf86e92770838571c0317bc68927d1b995ae58e6a66064fc8c2a2ecbe7b,С началом начального этапа первого цикла регулярного процесса в прошлом году.
common-voice-ru-v24-silero-v5-5-eugene-pre-qa-acoustic-gate-v1,a604f9959f473c261859db7cab965a07b797456e51d66739c6204afba7b49c5e,bonafide,common_voice_ru_v24:common_voice_ru_23861800,processed/27/274ae682c1249498c07eb9a65e93286180a2fda2205dc96fe8dd02f3d805305c.wav,dc48b0076d4647638cca029033fee36c053d27fc3ab731cbe3732e824b2c5104,"Тут Иван Кузмич оборотился к нам, и все внимание его устремилось на неприятеля."
common-voice-ru-v24-silero-v5-5-eugene-pre-qa-acoustic-gate-v1,a604f9959f473c261859db7cab965a07b797456e51d66739c6204afba7b49c5e,spoof,silero_v5_5_ru_eugene_v1:2b83a2d1d1669754,processed/53/5305cc52f98148d30fb1bc7bf47c0633b5e9a17579fc380906f5b59c4ba19fa6.wav,edd1b51eb21596ed0a70adb5129a9e827ebf872f5a02ad3cff5f7ae8977d01d1,"Тут Иван Кузмич оборотился к нам, и все внимание его устремилось на неприятеля."
common-voice-ru-v24-silero-v5-5-eugene-pre-qa-acoustic-gate-v1,a7cbf8ebfc4fe1774172615a52b61adba0fc5e97aa49c92ed824adb18ca30f27,bonafide,common_voice_ru_v24:common_voice_ru_23436347,processed/a4/a4f991e7b946b37994ef29dfb0482ea6ae71baa8a6d0b807f506e28e5c212d5f.wav,f49dbbc0efbd64e662dbd23ce5e54dcc9a9c8d7acfbca2bdcb166032b4c87cad,"Враждебные чувства, имеющие несколько более сложную структуру, не являются исключением из этого."
common-voice-ru-v24-silero-v5-5-eugene-pre-qa-acoustic-gate-v1,a7cbf8ebfc4fe1774172615a52b61adba0fc5e97aa49c92ed824adb18ca30f27,spoof,silero_v5_5_ru_eugene_v1:cf68980a4b1c2e72,processed/12/127c016ba74fc3bb3421a59555d82cb1b1a8cc564de8d0299a35dfbb34320447.wav,aca277bb09ea786fd6acc108a72d5ef7640dd1504e1cecde14a95166ec3e050d,"Враждебные чувства, имеющие несколько более сложную структуру, не являются исключением из этого."
common-voice-ru-v24-silero-v5-5-eugene-pre-qa-acoustic-gate-v1,b0900f82e8591926aecef5e2fccdfa00c7f024262014d979cb99f2c84aa13e47,bonafide,common_voice_ru_v24:common_voice_ru_19508072,processed/74/74be732646e922846736368b3eb390bbe9057278c3a5ba0a23030b6ed0d33938.wav,149faeef3690c018fec7c2adb9e33c92bc5fadce1ffd1e6e174d673ae09a88c0,"Могу ли я считать, что Ассамблея желает принять этот проект решения?"
common-voice-ru-v24-silero-v5-5-eugene-pre-qa-acoustic-gate-v1,b0900f82e8591926aecef5e2fccdfa00c7f024262014d979cb99f2c84aa13e47,spoof,silero_v5_5_ru_eugene_v1:b24857b57b72c457,processed/91/91c7b995752cbd116b513a99bd02ec82c6fc5a6e97d22dc058034a9e6ea9ea3c.wav,8d0d5459b1d0f49885bb53c796f81fc17058e51adeb47289eba516cde0333740,"Могу ли я считать, что Ассамблея желает принять этот проект решения?"
common-voice-ru-v24-silero-v5-5-eugene-pre-qa-acoustic-gate-v1,b2e2680b6b3da4ef808e91aadc3a6ff53edff963cd2fd825a82c47a20a36435a,bonafide,common_voice_ru_v24:common_voice_ru_37330519,processed/44/44d8e98a3f188aeb06bdf0cb8649d0982404ed1b612aa8fb0d22d1745f614624.wav,7a14c4c2a76c5e99417cf63ccfd18ba7fa18f74c83e5d26056c4d37101437b82,"Вдруг из дома вылетела муха, покружилась, покружилась и ударила игумена в лоб."
common-voice-ru-v24-silero-v5-5-eugene-pre-qa-acoustic-gate-v1,b2e2680b6b3da4ef808e91aadc3a6ff53edff963cd2fd825a82c47a20a36435a,spoof,silero_v5_5_ru_eugene_v1:e6ac81493187573c,processed/47/4737bd382e58ecc3d45d7293149f65ec54182620772bf86af4c7bf772474d96c.wav,24c2a3eac2b9510b317db5c160e01e8543380500c89201e800f7c4056c589e3b,"Вдруг из дома вылетела муха, покружилась, покружилась и ударила игумена в лоб."
common-voice-ru-v24-silero-v5-5-eugene-pre-qa-acoustic-gate-v1,b73ca3194e981facc837277f963ef7713597455a7fd3bc726ca0ed091936080d,bonafide,common_voice_ru_v24:common_voice_ru_26587318,processed/9d/9d76edeb7856cd771a6f127957a3a898ce2a573adb2fd1208bc1ce336765cffc.wav,fa7fd46c164eeab140d8a3b89961a6c9ffa52802ec80f3cb4e9e5ce50617fb50,"К сожалению, эти предложения не нашли отражения в тексте."
common-voice-ru-v24-silero-v5-5-eugene-pre-qa-acoustic-gate-v1,b73ca3194e981facc837277f963ef7713597455a7fd3bc726ca0ed091936080d,spoof,silero_v5_5_ru_eugene_v1:a7ca587872f05479,processed/58/5872deee7854165348da11cf5ac54929e5f3a89e556158e8d20a0282c5e5578d.wav,c04fa843b7daf1d4066fb783add0965c686e98a9b97f6cf399cd94dc722d9d7f,"К сожалению, эти предложения не нашли отражения в тексте."
common-voice-ru-v24-silero-v5-5-eugene-pre-qa-acoustic-gate-v1,bf25309bbcb110bf146a92d3a280dfe6b7b0d4751f932454dbf6a37e23d8ee30,bonafide,common_voice_ru_v24:common_voice_ru_37761684,processed/8d/8dc9e1b6ab2421842e8d9270e34d62add1c3a09094d984e04b822360fb8a56b3.wav,e41fa60b5e6e3a1519af18c26d637c8560da3805553a84871bb486cdd13c72a0,Анна хотела достать девочке ее игрушку и не могла найти ее.
common-voice-ru-v24-silero-v5-5-eugene-pre-qa-acoustic-gate-v1,bf25309bbcb110bf146a92d3a280dfe6b7b0d4751f932454dbf6a37e23d8ee30,spoof,silero_v5_5_ru_eugene_v1:d4a5622fc9f87020,processed/f5/f521e80668a2bce765c2c591a47d8b99d21a71b7f24d8a77666973aa2c4b1455.wav,1eb42cbae18606b59e25541fa1e0a7e5646751732e61b718df896721bc1620c5,Анна хотела достать девочке ее игрушку и не могла найти ее.
common-voice-ru-v24-silero-v5-5-eugene-pre-qa-acoustic-gate-v1,bfaba2d2e61d6cf283b29f724c7370979fcc4824c77d7040c673b7f66e6b1fa3,bonafide,common_voice_ru_v24:common_voice_ru_19161795,processed/70/704345498e77fa840a86977212ae68c8c5c248550df2658d34d4b6eb09a6d047.wav,3b56025531d8dfe6e19099df47b325c8cbd58b3fe84101a7dd383dc8c5787496,"Чрезвычайно маловероятно, чтобы развитие технологий позволило решить гуманитарные проблемы, связанные с применением такого оружия."
common-voice-ru-v24-silero-v5-5-eugene-pre-qa-acoustic-gate-v1,bfaba2d2e61d6cf283b29f724c7370979fcc4824c77d7040c673b7f66e6b1fa3,spoof,silero_v5_5_ru_eugene_v1:4bf29af483ec75a0,processed/fe/fe2fcc6247ae7117152e371593add2d3e94cb0e0fb0a9b5d136a7e6f13dcc535.wav,4fbb7a79328a8503c39638642e912b6bc9bf13b658171f79e4fca2b7b713cb94,"Чрезвычайно маловероятно, чтобы развитие технологий позволило решить гуманитарные проблемы, связанные с применением такого оружия."
common-voice-ru-v24-silero-v5-5-eugene-pre-qa-acoustic-gate-v1,c2581acc11e8e46d7ab885f8482aa51503458b6ad54a4784f007dc4fee88924e,bonafide,common_voice_ru_v24:common_voice_ru_19022985,processed/ba/ba96801a3101a41a62fe596bc6841ab95c7e683eed1a2aeefea6876915a67b12.wav,82ece12ae5d53c967592cbbc42a0019f9cd936d1f8c25a5ca221cddc2e45b818,Благодарю посла Германии за его выступление и заявление.
common-voice-ru-v24-silero-v5-5-eugene-pre-qa-acoustic-gate-v1,c2581acc11e8e46d7ab885f8482aa51503458b6ad54a4784f007dc4fee88924e,spoof,silero_v5_5_ru_eugene_v1:9ae474d32089b4cd,processed/f9/f927c5a0c2c195e364822ef4950946a7ba3bde774c8d09261c0f84af81a6124f.wav,ac16c1bf08c3f8ec25349fda82cd96eb1811a52b2c9703c6eab93ed0febb07ed,Благодарю посла Германии за его выступление и заявление.
common-voice-ru-v24-silero-v5-5-eugene-pre-qa-acoustic-gate-v1,c48f45694dcaac00738eadd145d2fa8e21f39f216c723248ea8203a84ce68437,bonafide,common_voice_ru_v24:common_voice_ru_20402690,processed/e0/e047b13a70d442ec5f8f02c514d58a9bc91ed3b65e53fb5bf446f83baa97161f.wav,45c68264cd3dacd4040a09daf3a6cccb1b9e49c7db4b2520c003926af18f1ded,"Мы согласны с тем, что последний цикл работы Совета был особенно плодотворным."
common-voice-ru-v24-silero-v5-5-eugene-pre-qa-acoustic-gate-v1,c48f45694dcaac00738eadd145d2fa8e21f39f216c723248ea8203a84ce68437,spoof,silero_v5_5_ru_eugene_v1:87327adebff8dee4,processed/ec/ecff9495014b6d429d1c733bf10306601cc6196169697b13a30c0eb2491816cc.wav,ba1ba5e395b2d3daaf3c0d72d38a94d1ec3238c57be059a33c461264fbc876c2,"Мы согласны с тем, что последний цикл работы Совета был особенно плодотворным."
common-voice-ru-v24-silero-v5-5-eugene-pre-qa-acoustic-gate-v1,cf8153ba4a3ed0a8213c6f7821770277aca45771525f077d2d901fcfb31b543c,bonafide,common_voice_ru_v24:common_voice_ru_35207108,processed/4c/4c775b010dcf83e7ec64d2e15ae357e8c013390eac13c52bfa5ff8929cfde9a5.wav,db9acee08436004326ac3533f300ff8baf5bb41f45cfc96e3f1dec386ee77bb4,"Командной работой почти всегда можно добиться большего, чем одиночной."
common-voice-ru-v24-silero-v5-5-eugene-pre-qa-acoustic-gate-v1,cf8153ba4a3ed0a8213c6f7821770277aca45771525f077d2d901fcfb31b543c,spoof,silero_v5_5_ru_eugene_v1:1a027cf8d93ffd58,processed/e1/e11df34f3826d331c04cf33d358b4fd61ef799b0e913d5e3768f716ab79468fd.wav,ae631b2fed389588f4a196d5a6f88f5b54d975b1fdd7596d078d85bace6a9c09,"Командной работой почти всегда можно добиться большего, чем одиночной."
common-voice-ru-v24-silero-v5-5-eugene-pre-qa-acoustic-gate-v1,d0d0182ef8caad2be044a080463bb3b5bc9f1e1a4a97d2c2564a280c7899544a,bonafide,common_voice_ru_v24:common_voice_ru_25079014,processed/d6/d626e0ecd6288c5a464ee1f54c56c2032ce8a41f74d8ac2e2df064b7b91bcbac.wav,b207fe3c876145bf97c237a79de671212fc6321fddbc5f6016b4f7b86e0dc4ac,Университет Сьерра-Леоне получил частичную аккредитацию для подготовки врачей-специалистов.
common-voice-ru-v24-silero-v5-5-eugene-pre-qa-acoustic-gate-v1,d0d0182ef8caad2be044a080463bb3b5bc9f1e1a4a97d2c2564a280c7899544a,spoof,silero_v5_5_ru_eugene_v1:3dfd38dc76b2462e,processed/6f/6ffa0c99e2118625bfa52d3436106ec294de60ece99d2742972fe073d705a991.wav,6cbc94c4b7f923e03109b309a9845033d059916b0791f098c754b70e13647d9f,Университет Сьерра-Леоне получил частичную аккредитацию для подготовки врачей-специалистов.
common-voice-ru-v24-silero-v5-5-eugene-pre-qa-acoustic-gate-v1,e0e7c7f2459547d17e36f6a8878ffd311075709cb8959e05886c50e6b0837687,bonafide,common_voice_ru_v24:common_voice_ru_40730268,processed/74/74abfdd8ab438ec325e23a16c77e1431a17b4cbb65f21e3d04318adc76d240bd.wav,de7528dedd19dd50d599d1d7bda979b4deb41bde7309d248e1860bbd8ccbde50,"К сожалению, многие обнадеживающие шаги вперед сопровождались горькими неудачами."
common-voice-ru-v24-silero-v5-5-eugene-pre-qa-acoustic-gate-v1,e0e7c7f2459547d17e36f6a8878ffd311075709cb8959e05886c50e6b0837687,spoof,silero_v5_5_ru_eugene_v1:5e60a4bd5bb2d0cf,processed/98/98bac6c9cda718c30d1faf206dd0fa116ef5c125ba6957f1a5afc251faf17153.wav,9caf3f4a6b292375448f3b94780981c09e41eb4d8b768d54f8b012119558c4cb,"К сожалению, многие обнадеживающие шаги вперед сопровождались горькими неудачами."
common-voice-ru-v24-silero-v5-5-eugene-pre-qa-acoustic-gate-v1,e254edc6bd61e079c0471d5ce2e5e65e6e7c9ce6d5054776843e4809c70d524b,bonafide,common_voice_ru_v24:common_voice_ru_23149012,processed/c0/c022d8e9398bf134ea4231a36aab69e68541d99f1a11fd7a07e501a67985b788.wav,45f8e830a7c75542141ff26e78726302df6b8d68ae46ca5a1696de61938a58b9,"Что касается сапог, то сапоги нужны на высоком каблуке, гармошкой."
common-voice-ru-v24-silero-v5-5-eugene-pre-qa-acoustic-gate-v1,e254edc6bd61e079c0471d5ce2e5e65e6e7c9ce6d5054776843e4809c70d524b,spoof,silero_v5_5_ru_eugene_v1:a3f6b5327b9fb54e,processed/10/10d71e058b3145e89649f8d2e462f3ff22239e567091b932e70ab0551734eb92.wav,9e591d556d351b9b87fb81bacca9cb2c9a6a2bfe518753d74eca89d98bbc7a75,"Что касается сапог, то сапоги нужны на высоком каблуке, гармошкой."
common-voice-ru-v24-silero-v5-5-eugene-pre-qa-acoustic-gate-v1,f113d894ba20da9480b39f8be4a6b6681251b55cf34bb8d7c9de8f8424b318b2,bonafide,common_voice_ru_v24:common_voice_ru_25692704,processed/49/49339da1abdb45af37cedfbfde944798401d95b6ae0d432848e18598f45709c8.wav,ebd10e18ca4aab139e7437e9d08aff491e6d3ee31dfe08d87a63f8f756415abe,"Однако, как и другие, я хотел бы кратко разъяснить позицию Турции по реформе Совета."
common-voice-ru-v24-silero-v5-5-eugene-pre-qa-acoustic-gate-v1,f113d894ba20da9480b39f8be4a6b6681251b55cf34bb8d7c9de8f8424b318b2,spoof,silero_v5_5_ru_eugene_v1:77707c89b26682a9,processed/3c/3c2a4a27750b06d1f1fe62c5515f611ec01afce806b644584ea41c10d424e361.wav,08d7ae2d8d715923762252db46bfd61c09e0c6300563c939eb9660fc65504319,"Однако, как и другие, я хотел бы кратко разъяснить позицию Турции по реформе Совета."
common-voice-ru-v24-silero-v5-5-eugene-pre-qa-acoustic-gate-v1,f1dc5d3b80e69ed90b3fb9f45997cb2a2c5a84a4ac98b8dccee5dde0ad95547a,bonafide,common_voice_ru_v24:common_voice_ru_26244464,processed/6d/6dbc4fe4415bfbe3f58242137c6856a6e386c4e76f0b56f1c64966e0f283aaec.wav,db18991d16f72c8c643af5c792902d6e51a2cc943409ba3786dc00a0587ff0a4,Мы не можем откладывать работу по спасению человеческих жизней.
common-voice-ru-v24-silero-v5-5-eugene-pre-qa-acoustic-gate-v1,f1dc5d3b80e69ed90b3fb9f45997cb2a2c5a84a4ac98b8dccee5dde0ad95547a,spoof,silero_v5_5_ru_eugene_v1:9bae071d489f5ab0,processed/79/79e649ffaac6f088b18bc6bd8824e0f1fc3804bcbfe60336b9869b2765c03bb7.wav,c86611f60a0a66516aae116743d0831eea2e06fc8dff001c09e058f6cb542970,Мы не можем откладывать работу по спасению человеческих жизней.
