protocol_id,packet_sha256,text_hash,label,sample_id,audio_sha256,reviewer_pseudo_id,review_status,russian_audible,lexical_content_preserved,notes
fleurs-ru-acoustic-language-preservation-v1,7aecbebbd91444fe75bf261c15715862a7bb194bb501e8862d01b3f02059ff40,03a5dc2c7b176acb258a7bd0ed1b583152d0fcbfc4c694dd3e8dd46fe67e53bd,bonafide,google_fleurs_ru_v1:12963149649645294702,1af22ae8e42da989660d09b18543975d393af438857feae3e704c01f52a42d05,reviewer_2,pass,yes,yes,
fleurs-ru-acoustic-language-preservation-v1,7aecbebbd91444fe75bf261c15715862a7bb194bb501e8862d01b3f02059ff40,03a5dc2c7b176acb258a7bd0ed1b583152d0fcbfc4c694dd3e8dd46fe67e53bd,spoof,fleurs_ru_v1_espeakng:ac3e3ca637550315,ecf5484d804b4a07936fd7a028e6529c83bd0719022c984d1f1123ad64389d96,reviewer_2,pass,yes,yes,
fleurs-ru-acoustic-language-preservation-v1,7aecbebbd91444fe75bf261c15715862a7bb194bb501e8862d01b3f02059ff40,0909af674647610f4058766913f2b0ebfafda6bda3139a326bc1c3d1387139a6,bonafide,google_fleurs_ru_v1:4762983826031903139,a13b5bd612d468b3230b63581b0ba42a5ab09912aad40d33d3b915e40f94c2c4,reviewer_2,pass,yes,yes,
fleurs-ru-acoustic-language-preservation-v1,7aecbebbd91444fe75bf261c15715862a7bb194bb501e8862d01b3f02059ff40,0909af674647610f4058766913f2b0ebfafda6bda3139a326bc1c3d1387139a6,spoof,fleurs_ru_v1_espeakng:4f62ed38fc0c73c1,8596f82bd7586cc64132a276b881d376a7f015fbee6f8b2b5f28944ec5cb2095,reviewer_2,pass,yes,yes,
fleurs-ru-acoustic-language-preservation-v1,7aecbebbd91444fe75bf261c15715862a7bb194bb501e8862d01b3f02059ff40,0bd3dd4f17c09f1cf6b576e5b6a2d8153831692a73cb7aef3e0950b36702a758,bonafide,google_fleurs_ru_v1:7911126538049258283,82180a3f2996ee8376d4c86811422c7bd9f027037a477c311e0d12d4557627cf,reviewer_2,pass,yes,yes,
fleurs-ru-acoustic-language-preservation-v1,7aecbebbd91444fe75bf261c15715862a7bb194bb501e8862d01b3f02059ff40,0bd3dd4f17c09f1cf6b576e5b6a2d8153831692a73cb7aef3e0950b36702a758,spoof,fleurs_ru_v1_espeakng:92b3287fd20fcc50,81187f0b63c146f931da9bc19adb52246d10d0f32cf8120d618af1655e571b51,reviewer_2,pass,yes,yes,
fleurs-ru-acoustic-language-preservation-v1,7aecbebbd91444fe75bf261c15715862a7bb194bb501e8862d01b3f02059ff40,0f3fb4eebcdcaf4eaa6435ae0a6775dfdde53c0d7a9d3ae7682da5102b0caae1,bonafide,google_fleurs_ru_v1:7301951253069594099,6c26746dd012291d460029f218a14d19e42a622ac018424f9e3a6901688576c3,reviewer_2,pass,yes,yes,
fleurs-ru-acoustic-language-preservation-v1,7aecbebbd91444fe75bf261c15715862a7bb194bb501e8862d01b3f02059ff40,0f3fb4eebcdcaf4eaa6435ae0a6775dfdde53c0d7a9d3ae7682da5102b0caae1,spoof,fleurs_ru_v1_espeakng:036cb3473185e7e0,d8e9f1684f722f4c58c8e3a7989b46124842e435179a95e8a6882750a70ca3d5,reviewer_2,pass,yes,yes,
fleurs-ru-acoustic-language-preservation-v1,7aecbebbd91444fe75bf261c15715862a7bb194bb501e8862d01b3f02059ff40,10d74075499d78b41f522b4b2927efac03742ba9a7b39f6caf27743ac5c19d8a,bonafide,google_fleurs_ru_v1:4365641683488255825,7d55b3847cfeb6f3d6bd7e9a7f2dc5307b44f12d8274186cc865e9e60e5c96f7,reviewer_2,pass,yes,yes,
fleurs-ru-acoustic-language-preservation-v1,7aecbebbd91444fe75bf261c15715862a7bb194bb501e8862d01b3f02059ff40,10d74075499d78b41f522b4b2927efac03742ba9a7b39f6caf27743ac5c19d8a,spoof,fleurs_ru_v1_espeakng:7d890e010a3d18a0,26cd10fc908764b33c0ec958751dd0ec459da8bac1c54dc439527e1b5082919d,reviewer_2,pass,yes,yes,
fleurs-ru-acoustic-language-preservation-v1,7aecbebbd91444fe75bf261c15715862a7bb194bb501e8862d01b3f02059ff40,157c3ab94eaadafd9b5cc3dce2e05a37cd8ccc04d6e6a5274108d2b2af32e7bd,bonafide,google_fleurs_ru_v1:8241125606551628287,9a844522aa52a78eb55c9be3887ddc979f29c0df8e289121a362563620e93c7f,reviewer_2,pass,yes,yes,
fleurs-ru-acoustic-language-preservation-v1,7aecbebbd91444fe75bf261c15715862a7bb194bb501e8862d01b3f02059ff40,157c3ab94eaadafd9b5cc3dce2e05a37cd8ccc04d6e6a5274108d2b2af32e7bd,spoof,fleurs_ru_v1_espeakng:180a269e700441bc,2c324643559c09d05be704d39636166ed584f878cabf922561c02c90aefbee37,reviewer_2,pass,yes,yes,
fleurs-ru-acoustic-language-preservation-v1,7aecbebbd91444fe75bf261c15715862a7bb194bb501e8862d01b3f02059ff40,1904a39fff9ce9ce1e94ab9f8ea2b6accaf8ba39f4b3f179f4bb778c57288b1e,bonafide,google_fleurs_ru_v1:7620456442419996724,2e67300d6214c4fa6a8356daab780c7d5afb1d8109dbc6b42f78aaac6611feed,reviewer_2,pass,yes,yes,
fleurs-ru-acoustic-language-preservation-v1,7aecbebbd91444fe75bf261c15715862a7bb194bb501e8862d01b3f02059ff40,1904a39fff9ce9ce1e94ab9f8ea2b6accaf8ba39f4b3f179f4bb778c57288b1e,spoof,fleurs_ru_v1_espeakng:883f2eb3d2107efb,0cc8bff8e0fe0fa59b410efa559654eac9c91073b91946ddb68f3c1f61b2bbb2,reviewer_2,pass,yes,yes,
fleurs-ru-acoustic-language-preservation-v1,7aecbebbd91444fe75bf261c15715862a7bb194bb501e8862d01b3f02059ff40,1aa105bc8c96fadf41b96ff494a6f70cdec163de854f4682faa199789cf0ea3a,bonafide,google_fleurs_ru_v1:6038928987840633402,6148183e0eb14f1b26f954b7ac1d8d62b497c5568748b878d19d097b7c732792,reviewer_2,pass,yes,yes,
fleurs-ru-acoustic-language-preservation-v1,7aecbebbd91444fe75bf261c15715862a7bb194bb501e8862d01b3f02059ff40,1aa105bc8c96fadf41b96ff494a6f70cdec163de854f4682faa199789cf0ea3a,spoof,fleurs_ru_v1_espeakng:85467fe2acecd4c9,5ff1f10fa3a5a8107c9f72064d982daac39be9a8af175c290e8b126e5e083a16,reviewer_2,pass,yes,yes,
fleurs-ru-acoustic-language-preservation-v1,7aecbebbd91444fe75bf261c15715862a7bb194bb501e8862d01b3f02059ff40,1b420b82f7af74d3b115eb8e5e995fc053f24f0700fc12e7dcd8139d2238c7d2,bonafide,google_fleurs_ru_v1:15723153687264756772,3a7424954c70f9b53775d9785a86339102df3d76cfe64a9540443b047d7c2ceb,reviewer_2,pass,yes,yes,
fleurs-ru-acoustic-language-preservation-v1,7aecbebbd91444fe75bf261c15715862a7bb194bb501e8862d01b3f02059ff40,1b420b82f7af74d3b115eb8e5e995fc053f24f0700fc12e7dcd8139d2238c7d2,spoof,fleurs_ru_v1_espeakng:381f56277592fa0e,64b882502d1da959a1129ea07a17224e35a97381067a2fcd901c3479abf691e0,reviewer_2,pass,yes,yes,
fleurs-ru-acoustic-language-preservation-v1,7aecbebbd91444fe75bf261c15715862a7bb194bb501e8862d01b3f02059ff40,1d75f7d63cfcb842ee825b5b5bf2b99fcf74a1fb803958012097ad86613a04fc,bonafide,google_fleurs_ru_v1:5812961093372884470,a4f2b33a54a2d9e8be14b3f130ac9ba3fab333251ea9345abb615788ecedd14e,reviewer_2,pass,yes,yes,
fleurs-ru-acoustic-language-preservation-v1,7aecbebbd91444fe75bf261c15715862a7bb194bb501e8862d01b3f02059ff40,1d75f7d63cfcb842ee825b5b5bf2b99fcf74a1fb803958012097ad86613a04fc,spoof,fleurs_ru_v1_espeakng:1bcecd129c2c17e9,9e71955f6503e2c21ed0813c02dc108924c80be9cba63be077ae2491c6b3c979,reviewer_2,pass,yes,yes,
fleurs-ru-acoustic-language-preservation-v1,7aecbebbd91444fe75bf261c15715862a7bb194bb501e8862d01b3f02059ff40,1ff31668e5fc2edb3a20844393a3ca1b4b0e81a6ed6cc802c9909ba018025e50,bonafide,google_fleurs_ru_v1:10088495134879972122,a4a910f1c1dc500f6d6b1d446f042e53746471c548c7de9b5aba9ba519fe14ee,reviewer_2,pass,yes,yes,
fleurs-ru-acoustic-language-preservation-v1,7aecbebbd91444fe75bf261c15715862a7bb194bb501e8862d01b3f02059ff40,1ff31668e5fc2edb3a20844393a3ca1b4b0e81a6ed6cc802c9909ba018025e50,spoof,fleurs_ru_v1_espeakng:3ffc8f76926c04f1,7d3b0a9193e99c65c246a764b35a8d7f67f5530236851235bd7bdfe678d64f79,reviewer_2,pass,yes,yes,
fleurs-ru-acoustic-language-preservation-v1,7aecbebbd91444fe75bf261c15715862a7bb194bb501e8862d01b3f02059ff40,239c1d7002d4b448aca0ba2501792a46892bacee1b51e21cd57e60370791e858,bonafide,google_fleurs_ru_v1:17560974028619747371,96e268358557432b4367e05cb021aa2a2644e2b42fd9aefb1929a84bc41464f1,reviewer_2,pass,yes,yes,
fleurs-ru-acoustic-language-preservation-v1,7aecbebbd91444fe75bf261c15715862a7bb194bb501e8862d01b3f02059ff40,239c1d7002d4b448aca0ba2501792a46892bacee1b51e21cd57e60370791e858,spoof,fleurs_ru_v1_espeakng:2901833c6f7eada6,4db595a3d8e7711b2f68ddf8446b68b1116c4a62f7c069e8c5ee619de6c0b552,reviewer_2,pass,yes,yes,
fleurs-ru-acoustic-language-preservation-v1,7aecbebbd91444fe75bf261c15715862a7bb194bb501e8862d01b3f02059ff40,2880e01453306b59524ef41f3d840ecf20fc08e3c573e1e8a662097026cc8f88,bonafide,google_fleurs_ru_v1:14947895920565116918,29b226a57ffdf6902c72f7efde43c70861cf1a5927db7321a225f86b255b2ec6,reviewer_2,pass,yes,yes,
fleurs-ru-acoustic-language-preservation-v1,7aecbebbd91444fe75bf261c15715862a7bb194bb501e8862d01b3f02059ff40,2880e01453306b59524ef41f3d840ecf20fc08e3c573e1e8a662097026cc8f88,spoof,fleurs_ru_v1_espeakng:a1d0ec4efbad7520,2e3bc97f5c07ba4307e256120172da48e8b3dedd89eafc93bf91be4d1674a27c,reviewer_2,pass,yes,yes,
fleurs-ru-acoustic-language-preservation-v1,7aecbebbd91444fe75bf261c15715862a7bb194bb501e8862d01b3f02059ff40,2bee328168b8fd9aa4cd75a40304c6d80017c1712e5d8e8397566d045995edc2,bonafide,google_fleurs_ru_v1:15088740105301451914,72a751b240f25147ba0ebd788ee251bfcee743c97afb985c3ea3e7f3ac69832f,reviewer_2,pass,yes,yes,
fleurs-ru-acoustic-language-preservation-v1,7aecbebbd91444fe75bf261c15715862a7bb194bb501e8862d01b3f02059ff40,2bee328168b8fd9aa4cd75a40304c6d80017c1712e5d8e8397566d045995edc2,spoof,fleurs_ru_v1_espeakng:0d36e9f92b2b6db2,a9f5234d5122cbc5c8468d9502c1d11d1105cd3ac4d2482d25c1e174bf3e5248,reviewer_2,pass,yes,yes,
fleurs-ru-acoustic-language-preservation-v1,7aecbebbd91444fe75bf261c15715862a7bb194bb501e8862d01b3f02059ff40,2c34aa5241b9a04a399e0797323b5258d1da9b1446f0f96a92eff3accabab4a0,bonafide,google_fleurs_ru_v1:7804683265151493522,db6ba641abc3ab11b9b51cbfba29273840f9e1cbc9e6d6bcddf465ec853128ff,reviewer_2,pass,yes,yes,
fleurs-ru-acoustic-language-preservation-v1,7aecbebbd91444fe75bf261c15715862a7bb194bb501e8862d01b3f02059ff40,2c34aa5241b9a04a399e0797323b5258d1da9b1446f0f96a92eff3accabab4a0,spoof,fleurs_ru_v1_espeakng:d132310262c08e0b,1bfc3541eb6bb3b944a43eb714160ebb26288dc77246f6fe62d373c1fb748d4a,reviewer_2,pass,yes,yes,
fleurs-ru-acoustic-language-preservation-v1,7aecbebbd91444fe75bf261c15715862a7bb194bb501e8862d01b3f02059ff40,2cd6cadafb32a737bc71a57624d767f57d6a9715bb87a1a1e20e0d8d2f51befc,bonafide,google_fleurs_ru_v1:13542654457123658758,758756174badd5ceb3f138ac960a31c62e99619653462e804483a245dff6bac3,reviewer_2,pass,yes,yes,
fleurs-ru-acoustic-language-preservation-v1,7aecbebbd91444fe75bf261c15715862a7bb194bb501e8862d01b3f02059ff40,2cd6cadafb32a737bc71a57624d767f57d6a9715bb87a1a1e20e0d8d2f51befc,spoof,fleurs_ru_v1_espeakng:a1b54c483f77802f,2dcc219892e7006470948bec265d112c29f2d2ab65aa35a0ba8cb8b9950d042a,reviewer_2,pass,yes,yes,
fleurs-ru-acoustic-language-preservation-v1,7aecbebbd91444fe75bf261c15715862a7bb194bb501e8862d01b3f02059ff40,2f30cd629345d3dc3625ef6929bb7ff7bcad0d6552accebb1a532993aad8cc4f,bonafide,google_fleurs_ru_v1:518601054669176262,4374d84b36b3e67a75e4a15b88cb71fdae813b42e84606b4ab4c8b89c01ceae1,reviewer_2,pass,yes,yes,
fleurs-ru-acoustic-language-preservation-v1,7aecbebbd91444fe75bf261c15715862a7bb194bb501e8862d01b3f02059ff40,2f30cd629345d3dc3625ef6929bb7ff7bcad0d6552accebb1a532993aad8cc4f,spoof,fleurs_ru_v1_espeakng:f91296e8a6333a38,88541801fc9b0514ed96a147028ebff910c84d3dc6b87e6aa207cebec63cf5c7,reviewer_2,pass,yes,yes,
fleurs-ru-acoustic-language-preservation-v1,7aecbebbd91444fe75bf261c15715862a7bb194bb501e8862d01b3f02059ff40,333ec5f43478670af9f57a42af6464824c37985640bc38b7b313c1ea8f6be1ce,bonafide,google_fleurs_ru_v1:14610734559188726108,e6472a9834f262897659c120840cf6bc805a8a7c5af6404752d5426addf2842c,reviewer_2,pass,yes,yes,
fleurs-ru-acoustic-language-preservation-v1,7aecbebbd91444fe75bf261c15715862a7bb194bb501e8862d01b3f02059ff40,333ec5f43478670af9f57a42af6464824c37985640bc38b7b313c1ea8f6be1ce,spoof,fleurs_ru_v1_espeakng:8fce611515a223fb,7d8a2b1e9f53b47745786a23a98b70ac10d6181434eeab63d41b2ea733afaed7,reviewer_2,pass,yes,yes,
fleurs-ru-acoustic-language-preservation-v1,7aecbebbd91444fe75bf261c15715862a7bb194bb501e8862d01b3f02059ff40,36d892153c83a02cfd35ed7a6bde2da2e17aa62f6656945d67db9e292597de31,bonafide,google_fleurs_ru_v1:5029838189816866441,6a8deb594b11301f563b6d13de1439d758feb09e2b470bdcd6412ae9228748d8,reviewer_2,pass,yes,yes,
fleurs-ru-acoustic-language-preservation-v1,7aecbebbd91444fe75bf261c15715862a7bb194bb501e8862d01b3f02059ff40,36d892153c83a02cfd35ed7a6bde2da2e17aa62f6656945d67db9e292597de31,spoof,fleurs_ru_v1_espeakng:831de2a42e044413,df37ac8f170dc8f05afe518c1b3d5228748c373960e3d3c4df05097a44dd5644,reviewer_2,pass,yes,yes,
fleurs-ru-acoustic-language-preservation-v1,7aecbebbd91444fe75bf261c15715862a7bb194bb501e8862d01b3f02059ff40,38fab1d27bdd27a5e97b8f08fc349e852f638261f7f749670f1a5552e7b94df1,bonafide,google_fleurs_ru_v1:8889168645666283828,7a71c17dc2bb42237fad2fc0a374602f2d6c187732da5e6c22a64b061f6fa7ae,reviewer_2,pass,yes,yes,
fleurs-ru-acoustic-language-preservation-v1,7aecbebbd91444fe75bf261c15715862a7bb194bb501e8862d01b3f02059ff40,38fab1d27bdd27a5e97b8f08fc349e852f638261f7f749670f1a5552e7b94df1,spoof,fleurs_ru_v1_espeakng:24206f641f062625,c49518c20fad7cc6362b54beeff945e8bf3c825ddfd02817a974499650342bf5,reviewer_2,pass,yes,yes,
fleurs-ru-acoustic-language-preservation-v1,7aecbebbd91444fe75bf261c15715862a7bb194bb501e8862d01b3f02059ff40,390d5fa226213319d2881800c5502f65f777735c4426e5747be0bf8fd6745295,bonafide,google_fleurs_ru_v1:14814168892867377907,25cb949e610589df854cd25624bbb91555265f3a35f51714025b503e173b4305,reviewer_2,pass,yes,yes,
fleurs-ru-acoustic-language-preservation-v1,7aecbebbd91444fe75bf261c15715862a7bb194bb501e8862d01b3f02059ff40,390d5fa226213319d2881800c5502f65f777735c4426e5747be0bf8fd6745295,spoof,fleurs_ru_v1_espeakng:6e28fd059b716ea5,b93e09fe78f0b652d5b543c31759ec2fc9d3585f0c5b3ccbaf7915c03a335bb2,reviewer_2,pass,yes,yes,
fleurs-ru-acoustic-language-preservation-v1,7aecbebbd91444fe75bf261c15715862a7bb194bb501e8862d01b3f02059ff40,3e94a12718a65f6357adc092ade6bc63b4a33b21adfe9ee99cc97698f94c504c,bonafide,google_fleurs_ru_v1:4503132759721990260,31fad1e47d21bfd4123e935959626b3a4e27f659c8215628cd5e91170190fbcf,reviewer_2,pass,yes,yes,
fleurs-ru-acoustic-language-preservation-v1,7aecbebbd91444fe75bf261c15715862a7bb194bb501e8862d01b3f02059ff40,3e94a12718a65f6357adc092ade6bc63b4a33b21adfe9ee99cc97698f94c504c,spoof,fleurs_ru_v1_espeakng:013ce28092c67704,8ed16553fd75483047bde2945ba537ee085b0987085a1ca49aead7d0c920f063,reviewer_2,pass,yes,yes,
fleurs-ru-acoustic-language-preservation-v1,7aecbebbd91444fe75bf261c15715862a7bb194bb501e8862d01b3f02059ff40,437bb1a23a166017df8ba7b775915da468a3ff5aa6f98d3b28339efca0d4d602,bonafide,google_fleurs_ru_v1:4823746764539457698,e3c1b9da95a93da53bd8dbeb38dd021e776074e5a729517fbdfc4978536e7c50,reviewer_2,pass,yes,yes,
fleurs-ru-acoustic-language-preservation-v1,7aecbebbd91444fe75bf261c15715862a7bb194bb501e8862d01b3f02059ff40,437bb1a23a166017df8ba7b775915da468a3ff5aa6f98d3b28339efca0d4d602,spoof,fleurs_ru_v1_espeakng:611c5327d1e411a6,a29f249ab3b81d062da6f4d83e3496755959fbf2f98b5533f2f132ef73aa6aa9,reviewer_2,pass,yes,yes,
fleurs-ru-acoustic-language-preservation-v1,7aecbebbd91444fe75bf261c15715862a7bb194bb501e8862d01b3f02059ff40,462499714564deeb120fcc216dd71bfc47e349708f05742cb548112b89837e5a,bonafide,google_fleurs_ru_v1:8848170578262278764,f5be9008d0b23c5b4fe91d1b7f92083d53a254b9de8d245840936fc4ad4ee7a2,reviewer_2,pass,yes,yes,
fleurs-ru-acoustic-language-preservation-v1,7aecbebbd91444fe75bf261c15715862a7bb194bb501e8862d01b3f02059ff40,462499714564deeb120fcc216dd71bfc47e349708f05742cb548112b89837e5a,spoof,fleurs_ru_v1_espeakng:6912cb72b9869e14,2a8c79fdb7ae8e97382365455ef5c7462ee70ecc151f0438c4dbeffd496e35a7,reviewer_2,pass,yes,yes,
fleurs-ru-acoustic-language-preservation-v1,7aecbebbd91444fe75bf261c15715862a7bb194bb501e8862d01b3f02059ff40,47618ca90b49fc1d2dc0b1c400ba3b7e2f0267d28b31c63680e756d83266f622,bonafide,google_fleurs_ru_v1:2609478396832230009,26bd4bdfc4483bc1216595d088345210ffffc8ce47b3d5e51ae503139068653c,reviewer_2,pass,yes,yes,
fleurs-ru-acoustic-language-preservation-v1,7aecbebbd91444fe75bf261c15715862a7bb194bb501e8862d01b3f02059ff40,47618ca90b49fc1d2dc0b1c400ba3b7e2f0267d28b31c63680e756d83266f622,spoof,fleurs_ru_v1_espeakng:e44111e84b75d542,9f6d338bf89097a26104546957e2baea549869a18618f66de2107b6080eb4c54,reviewer_2,pass,yes,yes,
fleurs-ru-acoustic-language-preservation-v1,7aecbebbd91444fe75bf261c15715862a7bb194bb501e8862d01b3f02059ff40,48a78785deb7262181cdc8f4970ad7e66b5e8b1858558237cf6477184e72ea01,bonafide,google_fleurs_ru_v1:483242810234424542,b5c52c6d66c2a4ecaf8ba59b95139517c526619086f8da43f944ea3af0e6059b,reviewer_2,pass,yes,yes,
fleurs-ru-acoustic-language-preservation-v1,7aecbebbd91444fe75bf261c15715862a7bb194bb501e8862d01b3f02059ff40,48a78785deb7262181cdc8f4970ad7e66b5e8b1858558237cf6477184e72ea01,spoof,fleurs_ru_v1_espeakng:fca60d801a0fe6d2,c69d4b3ca50099ea37603da04f14e4d27f6a9f907a2e2c764d90f9888ae7e1e4,reviewer_2,pass,yes,yes,
fleurs-ru-acoustic-language-preservation-v1,7aecbebbd91444fe75bf261c15715862a7bb194bb501e8862d01b3f02059ff40,4b0acb531f7c4a628366792135f6e00737ef52cad9055f430951fb3962a500d2,bonafide,google_fleurs_ru_v1:9213762614627262654,727f7630a1415fd0d449c7187fe38cbfaf1e08bcaabd0fac264a58557a5909b5,reviewer_2,pass,yes,yes,
fleurs-ru-acoustic-language-preservation-v1,7aecbebbd91444fe75bf261c15715862a7bb194bb501e8862d01b3f02059ff40,4b0acb531f7c4a628366792135f6e00737ef52cad9055f430951fb3962a500d2,spoof,fleurs_ru_v1_espeakng:ab2c57fecd40a922,7748f17174b06b873f64d6772ddcec639565952abf3d065bd4e7e4e45e401dd7,reviewer_2,pass,yes,yes,
fleurs-ru-acoustic-language-preservation-v1,7aecbebbd91444fe75bf261c15715862a7bb194bb501e8862d01b3f02059ff40,4bdc4e8182a91781e1786214bd80992198a665da480dcd17d9e09cbd6891bc21,bonafide,google_fleurs_ru_v1:6554847401218516712,44e373c2c235bd833593d495f4043dbbb5aec7173c22d85f7ee346718282a4d8,reviewer_2,pass,yes,yes,
fleurs-ru-acoustic-language-preservation-v1,7aecbebbd91444fe75bf261c15715862a7bb194bb501e8862d01b3f02059ff40,4bdc4e8182a91781e1786214bd80992198a665da480dcd17d9e09cbd6891bc21,spoof,fleurs_ru_v1_espeakng:bbcb008197956d9b,a2d3a179e3eb4e77acd124279e4267be2f7c15c05096c759ece385136b17772b,reviewer_2,pass,yes,yes,
fleurs-ru-acoustic-language-preservation-v1,7aecbebbd91444fe75bf261c15715862a7bb194bb501e8862d01b3f02059ff40,4e54fdfbc45d386e85fe642a016c198a546f1808220f16ea3183c0a1c991a987,bonafide,google_fleurs_ru_v1:13001540401162650470,bf09401784552fef038c169299dcf53afd7e10ea046c2fb721ea4d45a79223b5,reviewer_2,pass,yes,yes,
fleurs-ru-acoustic-language-preservation-v1,7aecbebbd91444fe75bf261c15715862a7bb194bb501e8862d01b3f02059ff40,4e54fdfbc45d386e85fe642a016c198a546f1808220f16ea3183c0a1c991a987,spoof,fleurs_ru_v1_espeakng:3550645eae615984,5d029497ee26d9725884e308d23cb5ff20f9fcf59f98dfa604b5750bbb3e7de3,reviewer_2,pass,yes,yes,
fleurs-ru-acoustic-language-preservation-v1,7aecbebbd91444fe75bf261c15715862a7bb194bb501e8862d01b3f02059ff40,5fb449401741349eca74444c9b83ffd13b8f4df765df52bc178030f8facbb31d,bonafide,google_fleurs_ru_v1:13463491775040603910,631759e2084494dcc5a4ec4dcaad34ee9d5851c9af81804c876c7620db75ebcf,reviewer_2,pass,yes,yes,
fleurs-ru-acoustic-language-preservation-v1,7aecbebbd91444fe75bf261c15715862a7bb194bb501e8862d01b3f02059ff40,5fb449401741349eca74444c9b83ffd13b8f4df765df52bc178030f8facbb31d,spoof,fleurs_ru_v1_espeakng:8cb69e773c2f2fea,614e44777b603d0f491e2f6cb7dedb6116915f39fa5b8eee0ee2c442f05255c0,reviewer_2,pass,yes,yes,
fleurs-ru-acoustic-language-preservation-v1,7aecbebbd91444fe75bf261c15715862a7bb194bb501e8862d01b3f02059ff40,61afd12b4f7cbeafb87ce23a7179546d6b04944b5aa635dfabe4d7d372a11283,bonafide,google_fleurs_ru_v1:9149690385543505925,03750ebe0102cf17503157f2131d6afc5a790db488d98f07ef2a74e7313e47a7,reviewer_2,pass,yes,yes,
fleurs-ru-acoustic-language-preservation-v1,7aecbebbd91444fe75bf261c15715862a7bb194bb501e8862d01b3f02059ff40,61afd12b4f7cbeafb87ce23a7179546d6b04944b5aa635dfabe4d7d372a11283,spoof,fleurs_ru_v1_espeakng:119fd2a2bdefab88,36b16c9141aff86cd4b23f2bf2d06ff23c6910bae9c8e92cc1e736dc95bfa149,reviewer_2,pass,yes,yes,
fleurs-ru-acoustic-language-preservation-v1,7aecbebbd91444fe75bf261c15715862a7bb194bb501e8862d01b3f02059ff40,6280cc9c6fdf5338aa66e8cf2100b3eebdff7025b743e47ccc23bdc6f5a0465b,bonafide,google_fleurs_ru_v1:8847382245486560241,48dca33987ed9e179643c87a4ceee0f71cc8ad65762f26dd96e7881adc6c76b2,reviewer_2,pass,yes,yes,
fleurs-ru-acoustic-language-preservation-v1,7aecbebbd91444fe75bf261c15715862a7bb194bb501e8862d01b3f02059ff40,6280cc9c6fdf5338aa66e8cf2100b3eebdff7025b743e47ccc23bdc6f5a0465b,spoof,fleurs_ru_v1_espeakng:bc774a9d35b8863c,192f32b3a2503e13bf67336784e0e1ed3700ed8d3d30b42106a7c81c5ce883a3,reviewer_2,pass,yes,yes,
fleurs-ru-acoustic-language-preservation-v1,7aecbebbd91444fe75bf261c15715862a7bb194bb501e8862d01b3f02059ff40,69fa342a3a0e86c0bf42c8360e502d90047b7e700815b5cbc5691f71aebbf4a5,bonafide,google_fleurs_ru_v1:18390816234969620731,a3d0cc81498460c371adb80c4bd4df47472ee13d665f98513b61f245e0c4be17,reviewer_2,pass,yes,yes,
fleurs-ru-acoustic-language-preservation-v1,7aecbebbd91444fe75bf261c15715862a7bb194bb501e8862d01b3f02059ff40,69fa342a3a0e86c0bf42c8360e502d90047b7e700815b5cbc5691f71aebbf4a5,spoof,fleurs_ru_v1_espeakng:c7c0de0d72f2a8ab,945252131f8f58bd78ac1742f4ac05cfabfeb68dfe728cedecba8795b58dc48e,reviewer_2,pass,yes,yes,
fleurs-ru-acoustic-language-preservation-v1,7aecbebbd91444fe75bf261c15715862a7bb194bb501e8862d01b3f02059ff40,6b0e6b4213b16671734d404db2714bd600cccad4eb15a45b3b5a2764bdf196cc,bonafide,google_fleurs_ru_v1:4685688165914865449,26361a6281fffb507d54feaa21a9b0e7e667d6a3b6ca9ffe2d3391ba6141fe3c,reviewer_2,pass,yes,yes,
fleurs-ru-acoustic-language-preservation-v1,7aecbebbd91444fe75bf261c15715862a7bb194bb501e8862d01b3f02059ff40,6b0e6b4213b16671734d404db2714bd600cccad4eb15a45b3b5a2764bdf196cc,spoof,fleurs_ru_v1_espeakng:2c3fe237d3ddac68,d930a71c9fbbbc3d6f2c5f2f7a443a65646c3899e94c42e7be72072a5f4cf936,reviewer_2,pass,yes,yes,
fleurs-ru-acoustic-language-preservation-v1,7aecbebbd91444fe75bf261c15715862a7bb194bb501e8862d01b3f02059ff40,6f7346bed3b345c97376e27d821b7330d28d129ace223e12196c11d4c76c97ec,bonafide,google_fleurs_ru_v1:14984289819244796218,f2a2b51a5129ae9dfc200196c6edbea58e519bc6539ec034bfd8a16fbfe172b5,reviewer_2,pass,yes,yes,
fleurs-ru-acoustic-language-preservation-v1,7aecbebbd91444fe75bf261c15715862a7bb194bb501e8862d01b3f02059ff40,6f7346bed3b345c97376e27d821b7330d28d129ace223e12196c11d4c76c97ec,spoof,fleurs_ru_v1_espeakng:1af1283b37717243,e4cc8a463cb348b7d6f693ddf4ed77f3d25800d599a11ad8f1b33d5b9e63bb18,reviewer_2,pass,yes,yes,
fleurs-ru-acoustic-language-preservation-v1,7aecbebbd91444fe75bf261c15715862a7bb194bb501e8862d01b3f02059ff40,71bf6fd4ce5447f7d14409adf5abd7ce27e88682d0183d0eeb7bf1eb70a5553c,bonafide,google_fleurs_ru_v1:13623652254325515330,630c0de08f6a390004f69a5cd2fa791854bc71954297daaa49d5da2baf7c1470,reviewer_2,pass,yes,yes,
fleurs-ru-acoustic-language-preservation-v1,7aecbebbd91444fe75bf261c15715862a7bb194bb501e8862d01b3f02059ff40,71bf6fd4ce5447f7d14409adf5abd7ce27e88682d0183d0eeb7bf1eb70a5553c,spoof,fleurs_ru_v1_espeakng:667d5ca023e7fec4,43659991e342fba6f1e686a7e451aa0e80c3dd44280602de79d17b9add4b0e2d,reviewer_2,pass,yes,yes,
fleurs-ru-acoustic-language-preservation-v1,7aecbebbd91444fe75bf261c15715862a7bb194bb501e8862d01b3f02059ff40,72ada731a5cae6488a40375e344b6fc9eb8fbbe8b62c4563e3c54a035044d7df,bonafide,google_fleurs_ru_v1:5180978310776149118,466b85bbc5af8b9c00b266d427812288505fe2ad4f0ff3a8ee924bd0cb9e2b9d,reviewer_2,pass,yes,yes,
fleurs-ru-acoustic-language-preservation-v1,7aecbebbd91444fe75bf261c15715862a7bb194bb501e8862d01b3f02059ff40,72ada731a5cae6488a40375e344b6fc9eb8fbbe8b62c4563e3c54a035044d7df,spoof,fleurs_ru_v1_espeakng:f4002dfada3a61a9,4c92d7e66a00bf8c8c3519cfc83a20b477b7736d26a7d92fc9ab1d39aa7c4c34,reviewer_2,pass,yes,yes,
fleurs-ru-acoustic-language-preservation-v1,7aecbebbd91444fe75bf261c15715862a7bb194bb501e8862d01b3f02059ff40,76bbdef3d62d645464318b996213890afe3e2d4c711f2263730062f019823126,bonafide,google_fleurs_ru_v1:11285305154211545636,049bcafee096c9db7d359855a0332b7c031798645ef3f0c22a7dd3da6f0a44fc,reviewer_2,pass,yes,yes,
fleurs-ru-acoustic-language-preservation-v1,7aecbebbd91444fe75bf261c15715862a7bb194bb501e8862d01b3f02059ff40,76bbdef3d62d645464318b996213890afe3e2d4c711f2263730062f019823126,spoof,fleurs_ru_v1_espeakng:241cd9052ae4b5ea,20f100bef4aac9dc5c76c6ac7eb90a5ce9146cb06f2367e35d3f8f4efbc8b861,reviewer_2,pass,yes,yes,
fleurs-ru-acoustic-language-preservation-v1,7aecbebbd91444fe75bf261c15715862a7bb194bb501e8862d01b3f02059ff40,77dd95c58818bdd9593df11c4188f7f079124fe40fcd93a25ee5dde28d96720f,bonafide,google_fleurs_ru_v1:2392567580417618424,a6070736652728f1e9d9ac1176793f6fe111dc062e7aefc8bf0d9af7631374f4,reviewer_2,pass,yes,yes,
fleurs-ru-acoustic-language-preservation-v1,7aecbebbd91444fe75bf261c15715862a7bb194bb501e8862d01b3f02059ff40,77dd95c58818bdd9593df11c4188f7f079124fe40fcd93a25ee5dde28d96720f,spoof,fleurs_ru_v1_espeakng:96a0c638b0cd9e3d,3bd74cbdcd37aef3eb584098615715bccfcf1936beedb7d31b29a046ed4f6291,reviewer_2,pass,yes,yes,
fleurs-ru-acoustic-language-preservation-v1,7aecbebbd91444fe75bf261c15715862a7bb194bb501e8862d01b3f02059ff40,7a1384045930b539cba669b87210a2593058025ccfc6b950f64194db9128c2e3,bonafide,google_fleurs_ru_v1:12704950043380299985,11e7dd314c5eff9d868e53b1294a5cb069448bb4fd67295f3fa69de7c1ed23bb,reviewer_2,pass,yes,yes,
fleurs-ru-acoustic-language-preservation-v1,7aecbebbd91444fe75bf261c15715862a7bb194bb501e8862d01b3f02059ff40,7a1384045930b539cba669b87210a2593058025ccfc6b950f64194db9128c2e3,spoof,fleurs_ru_v1_espeakng:defd91d771c3ce3b,985c5a52c1bb69c9ce80dbd7fcc49800e5f060ae220e37a5639f07d6e673d890,reviewer_2,pass,yes,yes,
fleurs-ru-acoustic-language-preservation-v1,7aecbebbd91444fe75bf261c15715862a7bb194bb501e8862d01b3f02059ff40,925b7392dc249b2fc52ddcdf0839978f7970be68a5d67252e65b29d92775f8f0,bonafide,google_fleurs_ru_v1:16465696498303751510,98aa4c0e2e70edb46c16d1327aa85ba4c9eb296cdfc6214c13837d8c7e4e610e,reviewer_2,pass,yes,yes,
fleurs-ru-acoustic-language-preservation-v1,7aecbebbd91444fe75bf261c15715862a7bb194bb501e8862d01b3f02059ff40,925b7392dc249b2fc52ddcdf0839978f7970be68a5d67252e65b29d92775f8f0,spoof,fleurs_ru_v1_espeakng:9ddf134ae25e12c3,6e4995c5d9df32aa051c21ab5b15ea8cbffc51fc79227a1336abe6367cdff216,reviewer_2,pass,yes,yes,
fleurs-ru-acoustic-language-preservation-v1,7aecbebbd91444fe75bf261c15715862a7bb194bb501e8862d01b3f02059ff40,94f4e5884b704f4c409d05684ed83b711bdc6655da0c84412350ef44e3ea8933,bonafide,google_fleurs_ru_v1:16752154771542602401,a1bbad452d0bf01e5986223620eb2f11b021bc45170ed6ac0277d2291ee00ee5,reviewer_2,pass,yes,yes,
fleurs-ru-acoustic-language-preservation-v1,7aecbebbd91444fe75bf261c15715862a7bb194bb501e8862d01b3f02059ff40,94f4e5884b704f4c409d05684ed83b711bdc6655da0c84412350ef44e3ea8933,spoof,fleurs_ru_v1_espeakng:1d71dc35ff180d8a,043916ad5b133f87c53dcadbfcef234f3c0410cbbdfb2ee994c19a01a3ca4674,reviewer_2,pass,yes,yes,
fleurs-ru-acoustic-language-preservation-v1,7aecbebbd91444fe75bf261c15715862a7bb194bb501e8862d01b3f02059ff40,966ebfb2b8fe66b06babde75dac393d96577e268e2a077d376d2a2ced9e673b5,bonafide,google_fleurs_ru_v1:3400477337551164256,9222145168f4728c2a7dccd9c6ac04142354b99b3c8710faa8825f7bc03f39ef,reviewer_2,pass,yes,yes,
fleurs-ru-acoustic-language-preservation-v1,7aecbebbd91444fe75bf261c15715862a7bb194bb501e8862d01b3f02059ff40,966ebfb2b8fe66b06babde75dac393d96577e268e2a077d376d2a2ced9e673b5,spoof,fleurs_ru_v1_espeakng:248f09f23433f1c2,42881fc2a45fa21ea737fc5b0a68118233d794b759b3a8bcc79632fa3c488b03,reviewer_2,pass,yes,yes,
fleurs-ru-acoustic-language-preservation-v1,7aecbebbd91444fe75bf261c15715862a7bb194bb501e8862d01b3f02059ff40,9e79ae75e179fa62fc5b18816062cfc003cf841ef69b768ee841d635dca82edd,bonafide,google_fleurs_ru_v1:4270151332928408597,179991de5aa57c6685c84a56238e71083635eb403f6c4940996f71289a2d0e3f,reviewer_2,pass,yes,yes,
fleurs-ru-acoustic-language-preservation-v1,7aecbebbd91444fe75bf261c15715862a7bb194bb501e8862d01b3f02059ff40,9e79ae75e179fa62fc5b18816062cfc003cf841ef69b768ee841d635dca82edd,spoof,fleurs_ru_v1_espeakng:f30905b1012ce6df,cd4fd8c89b93d37dd5cc3c7922e1a113f942ababfc9d4d4419c9be6565825521,reviewer_2,pass,yes,yes,
fleurs-ru-acoustic-language-preservation-v1,7aecbebbd91444fe75bf261c15715862a7bb194bb501e8862d01b3f02059ff40,a2ab0fe0890ec1e5c2bb869636c476b49b0da482b0fa52d3b557d4cac037ad74,bonafide,google_fleurs_ru_v1:7336278217695149606,474e8816252e15d16494863f3524ce957a10fc3d48ae6e0fd81ec792d5cc7935,reviewer_2,pass,yes,yes,
fleurs-ru-acoustic-language-preservation-v1,7aecbebbd91444fe75bf261c15715862a7bb194bb501e8862d01b3f02059ff40,a2ab0fe0890ec1e5c2bb869636c476b49b0da482b0fa52d3b557d4cac037ad74,spoof,fleurs_ru_v1_espeakng:8c44b03a9e12b80b,47df86e51e2caa7ddd338003ed40266d39b982a3065c146187e8c26f017e87fa,reviewer_2,pass,yes,yes,
fleurs-ru-acoustic-language-preservation-v1,7aecbebbd91444fe75bf261c15715862a7bb194bb501e8862d01b3f02059ff40,a3da40a8ac72f9197fdd35c515b710dc08249e97cfc88b3d9ff3529f56e40572,bonafide,google_fleurs_ru_v1:10388523902227354213,88262b9be4612508e44adab6476070c83aed4e3c6b242b23ea1c94ddf4138c0b,reviewer_2,pass,yes,yes,
fleurs-ru-acoustic-language-preservation-v1,7aecbebbd91444fe75bf261c15715862a7bb194bb501e8862d01b3f02059ff40,a3da40a8ac72f9197fdd35c515b710dc08249e97cfc88b3d9ff3529f56e40572,spoof,fleurs_ru_v1_espeakng:dd41070d08b2fb06,39ee42d309b9d3947dc5220b1ece0f3e209ba7a2f45194b75faf4cdbecfd39c4,reviewer_2,pass,yes,yes,
fleurs-ru-acoustic-language-preservation-v1,7aecbebbd91444fe75bf261c15715862a7bb194bb501e8862d01b3f02059ff40,a5efe0b2f6c775629b7345f5e2925206fe8812d4032ff35cf8ab8a432fcc17a3,bonafide,google_fleurs_ru_v1:8625699262798306371,e18da357d92db8d9fc7889f29217e15b2b9d93e624b52bf0227eed15284a62a5,reviewer_2,pass,yes,yes,
fleurs-ru-acoustic-language-preservation-v1,7aecbebbd91444fe75bf261c15715862a7bb194bb501e8862d01b3f02059ff40,a5efe0b2f6c775629b7345f5e2925206fe8812d4032ff35cf8ab8a432fcc17a3,spoof,fleurs_ru_v1_espeakng:d88557bade1d5da5,e7d9963ed5a2f71000d26f72b713695f97c1a8d87068d4762c8868d81b455a2c,reviewer_2,pass,yes,yes,
fleurs-ru-acoustic-language-preservation-v1,7aecbebbd91444fe75bf261c15715862a7bb194bb501e8862d01b3f02059ff40,a91278c2f971dc3d94c610aec802336a299458a99b5eb825772fdd567f748b27,bonafide,google_fleurs_ru_v1:12020562603455400739,071dc5e1ce49cfdeb441ddc998302f132e3d163e8e50a5793a5f068d2ff58e7f,reviewer_2,pass,yes,yes,
fleurs-ru-acoustic-language-preservation-v1,7aecbebbd91444fe75bf261c15715862a7bb194bb501e8862d01b3f02059ff40,a91278c2f971dc3d94c610aec802336a299458a99b5eb825772fdd567f748b27,spoof,fleurs_ru_v1_espeakng:10ef429675fa4725,ba2082893f182f45d372b4731cd2c2a80c8053968a908f27fd0ebee56953fca7,reviewer_2,pass,yes,yes,
fleurs-ru-acoustic-language-preservation-v1,7aecbebbd91444fe75bf261c15715862a7bb194bb501e8862d01b3f02059ff40,b3af8afebf35d5aebbbde7fe992d384ce838606b8a9c72ae4427765fb5f74691,bonafide,google_fleurs_ru_v1:14190545118405417593,30266083d23a2ca603e575b966bda47d8bd47f2cc13f53022164dccf5e79b056,reviewer_2,pass,yes,yes,
fleurs-ru-acoustic-language-preservation-v1,7aecbebbd91444fe75bf261c15715862a7bb194bb501e8862d01b3f02059ff40,b3af8afebf35d5aebbbde7fe992d384ce838606b8a9c72ae4427765fb5f74691,spoof,fleurs_ru_v1_espeakng:bc66b5436e52778d,903eb72cc1cd4a456f52f41ac0996cb50c1d88a9e7c12e0c7d6933eb8244cf26,reviewer_2,pass,yes,yes,
fleurs-ru-acoustic-language-preservation-v1,7aecbebbd91444fe75bf261c15715862a7bb194bb501e8862d01b3f02059ff40,b525dd9c5d75c19c7eccc40c2c7659917ef0a19b21fa3fda7200218bff958051,bonafide,google_fleurs_ru_v1:13890447198440910702,92da76f734fe5b8e5d46aeece082df4892bc4725065ee6243d5121ff8c0dbb14,reviewer_2,pass,yes,yes,
fleurs-ru-acoustic-language-preservation-v1,7aecbebbd91444fe75bf261c15715862a7bb194bb501e8862d01b3f02059ff40,b525dd9c5d75c19c7eccc40c2c7659917ef0a19b21fa3fda7200218bff958051,spoof,fleurs_ru_v1_espeakng:7bfead4290392566,c9c24897a41a145ab47231039fe8fb7170f8c1e17c5fdaa87761504a1347e488,reviewer_2,pass,yes,yes,
fleurs-ru-acoustic-language-preservation-v1,7aecbebbd91444fe75bf261c15715862a7bb194bb501e8862d01b3f02059ff40,b59b79639a2300b120e529a7e2553f39ed38a5722f869239158f10dee7efce7b,bonafide,google_fleurs_ru_v1:9349152271350423361,f4e559f70db9eca83a5b4829169d9e66b807a7910af63c17e2c7d1893deaaeb2,reviewer_2,pass,yes,yes,
fleurs-ru-acoustic-language-preservation-v1,7aecbebbd91444fe75bf261c15715862a7bb194bb501e8862d01b3f02059ff40,b59b79639a2300b120e529a7e2553f39ed38a5722f869239158f10dee7efce7b,spoof,fleurs_ru_v1_espeakng:e0e465eff993f07b,63c8d2fd7a0ddf4b75f430c379b9676308240604da8c9df00f2c116b4e84b860,reviewer_2,pass,yes,yes,
fleurs-ru-acoustic-language-preservation-v1,7aecbebbd91444fe75bf261c15715862a7bb194bb501e8862d01b3f02059ff40,b638843bf85ce4b0abcae0c98c98f75b7e0ea44cdd700565e727e88756bc718d,bonafide,google_fleurs_ru_v1:18044096353716070778,8891b60bc3e8ed238fdef0a9560d1c77c314166281938b251c7b8aa1884bb8e8,reviewer_2,pass,yes,yes,
fleurs-ru-acoustic-language-preservation-v1,7aecbebbd91444fe75bf261c15715862a7bb194bb501e8862d01b3f02059ff40,b638843bf85ce4b0abcae0c98c98f75b7e0ea44cdd700565e727e88756bc718d,spoof,fleurs_ru_v1_espeakng:cd9c0d0592a58a6b,b9461cc4761073354272ff5de226a2d1cc8f8a6fd6db3cd12c898f18057e01e9,reviewer_2,pass,yes,yes,
fleurs-ru-acoustic-language-preservation-v1,7aecbebbd91444fe75bf261c15715862a7bb194bb501e8862d01b3f02059ff40,b69bfa6ca4f33abcf2474e12895900db164ea50dadcbdd0f9dce631452dd24ef,bonafide,google_fleurs_ru_v1:11039380901595741421,4bdea25235fec620151920e7a89be8a1ee1d9ba2998957d5ae4e2a2a6eca5aa8,reviewer_2,pass,yes,yes,
fleurs-ru-acoustic-language-preservation-v1,7aecbebbd91444fe75bf261c15715862a7bb194bb501e8862d01b3f02059ff40,b69bfa6ca4f33abcf2474e12895900db164ea50dadcbdd0f9dce631452dd24ef,spoof,fleurs_ru_v1_espeakng:08d68315636b5219,1cb5db6d899d1f8afe6067b038ab1e1843c873054b7aa621948ae43471029029,reviewer_2,pass,yes,yes,
fleurs-ru-acoustic-language-preservation-v1,7aecbebbd91444fe75bf261c15715862a7bb194bb501e8862d01b3f02059ff40,b72604ec56a939edc3b858af248a8d2bd6ebd0d6a339bb51d235c12e111bb27c,bonafide,google_fleurs_ru_v1:13510782096718331397,be2e70d60a0e199736bb9bc424fd9f1ba391143f4a18c12a1ecb9d1a423da151,reviewer_2,pass,yes,yes,
fleurs-ru-acoustic-language-preservation-v1,7aecbebbd91444fe75bf261c15715862a7bb194bb501e8862d01b3f02059ff40,b72604ec56a939edc3b858af248a8d2bd6ebd0d6a339bb51d235c12e111bb27c,spoof,fleurs_ru_v1_espeakng:01897b642065e949,35b0181379a9617c24bff6b8ddf338629e4e4fc58f3d4f3300fdede117b278fc,reviewer_2,pass,yes,yes,
fleurs-ru-acoustic-language-preservation-v1,7aecbebbd91444fe75bf261c15715862a7bb194bb501e8862d01b3f02059ff40,be0e0561fb68365479490bbf5fc0bcaecc0e6ac47b0a57710c8e8290cfd5481b,bonafide,google_fleurs_ru_v1:10021068571959461962,5b4a6dc8d9de2f0a464ddc11181f9be9234446b05c8def19e07696061af248c9,reviewer_2,pass,yes,yes,
fleurs-ru-acoustic-language-preservation-v1,7aecbebbd91444fe75bf261c15715862a7bb194bb501e8862d01b3f02059ff40,be0e0561fb68365479490bbf5fc0bcaecc0e6ac47b0a57710c8e8290cfd5481b,spoof,fleurs_ru_v1_espeakng:4760034628d2e9f7,80fd5b48e419c03b1f3387f8668cf579bb8817a69b51ed78a979ae219677e3c1,reviewer_2,pass,yes,yes,
fleurs-ru-acoustic-language-preservation-v1,7aecbebbd91444fe75bf261c15715862a7bb194bb501e8862d01b3f02059ff40,bec4625fc7f611ffc35cad839cd0f686786384a5b2ec9aef642e6ab868fd6042,bonafide,google_fleurs_ru_v1:1642196827911660403,e6cc76224930ee94834e167b5ac2fd79d62956dfceeab5f88adb3e057a2f095c,reviewer_2,pass,yes,yes,
fleurs-ru-acoustic-language-preservation-v1,7aecbebbd91444fe75bf261c15715862a7bb194bb501e8862d01b3f02059ff40,bec4625fc7f611ffc35cad839cd0f686786384a5b2ec9aef642e6ab868fd6042,spoof,fleurs_ru_v1_espeakng:51a2a75e9cd3f647,05978550b5c7b977c0d2f077d9e69bb2e126c0e97994a174f6d5eb3ed331de65,reviewer_2,pass,yes,yes,
fleurs-ru-acoustic-language-preservation-v1,7aecbebbd91444fe75bf261c15715862a7bb194bb501e8862d01b3f02059ff40,beeb5a443be3bc7747124dab56d42c6e0d3d010232ab5021665db9d5e3ffcbe7,bonafide,google_fleurs_ru_v1:7410522089028782813,46169db355c41054f3b4389f31c20377728e8b9ec664d095af73c8fcaff6e671,reviewer_2,pass,yes,yes,
fleurs-ru-acoustic-language-preservation-v1,7aecbebbd91444fe75bf261c15715862a7bb194bb501e8862d01b3f02059ff40,beeb5a443be3bc7747124dab56d42c6e0d3d010232ab5021665db9d5e3ffcbe7,spoof,fleurs_ru_v1_espeakng:9eab918b11c51b60,e723cd25fb598bac3bd8dc00e8b33733283a6ca975334abefe8617f54ac4d4e8,reviewer_2,pass,yes,yes,
fleurs-ru-acoustic-language-preservation-v1,7aecbebbd91444fe75bf261c15715862a7bb194bb501e8862d01b3f02059ff40,c4cdecc16d04794b2980796a0a3ccb9af5fdb29caaaf3005f77095ce2a998e71,bonafide,google_fleurs_ru_v1:14514479534654139276,d5759dba6e8b0ca63a65df703dad0a9db047223acda20bc6671e2236d1445c7e,reviewer_2,pass,yes,yes,
fleurs-ru-acoustic-language-preservation-v1,7aecbebbd91444fe75bf261c15715862a7bb194bb501e8862d01b3f02059ff40,c4cdecc16d04794b2980796a0a3ccb9af5fdb29caaaf3005f77095ce2a998e71,spoof,fleurs_ru_v1_espeakng:be4aa24fca21bc28,2f0ecb3f8895329ebf169d8efe035387e44b0746b20eb72ce2f5268ca158d2cc,reviewer_2,pass,yes,yes,
fleurs-ru-acoustic-language-preservation-v1,7aecbebbd91444fe75bf261c15715862a7bb194bb501e8862d01b3f02059ff40,cac3c1cc85aaa531f9f928a63439326e083a910958feef9417970a5165f13f2e,bonafide,google_fleurs_ru_v1:14538972329666110700,36a01f67348de78571f246c10df91d65b5fb8749cc3ff970a55d5a4e970bd764,reviewer_2,pass,yes,yes,
fleurs-ru-acoustic-language-preservation-v1,7aecbebbd91444fe75bf261c15715862a7bb194bb501e8862d01b3f02059ff40,cac3c1cc85aaa531f9f928a63439326e083a910958feef9417970a5165f13f2e,spoof,fleurs_ru_v1_espeakng:ad9293dfad4753ee,db24f8a3cbc42d7c5da91dca01fa1b682e04e6606f91452fba191ed7f1381101,reviewer_2,pass,yes,yes,
fleurs-ru-acoustic-language-preservation-v1,7aecbebbd91444fe75bf261c15715862a7bb194bb501e8862d01b3f02059ff40,cb355ecb2b9ba6075c3a3f2d89d3e397ff001e7e57895b8f993701a4921982d2,bonafide,google_fleurs_ru_v1:13241214791147122658,515b34c4fdb672e104eefa046b5586b2cb5642219c8768d4f87a90cc47edcb93,reviewer_2,pass,yes,yes,
fleurs-ru-acoustic-language-preservation-v1,7aecbebbd91444fe75bf261c15715862a7bb194bb501e8862d01b3f02059ff40,cb355ecb2b9ba6075c3a3f2d89d3e397ff001e7e57895b8f993701a4921982d2,spoof,fleurs_ru_v1_espeakng:e1073a0d4bf48422,f3e5684c09221b1e902d0f0d94a7a024476b70c69a999696a95053b7626a0cfc,reviewer_2,pass,yes,yes,
fleurs-ru-acoustic-language-preservation-v1,7aecbebbd91444fe75bf261c15715862a7bb194bb501e8862d01b3f02059ff40,cd420dc537ae5c360b6badf8eb9724c167b96e0a586006770f00d02e6c17901e,bonafide,google_fleurs_ru_v1:9989135501306587017,9dbe533af0b8e3612639800e1b81c333713b6192e6f32578e3213856bd530152,reviewer_2,pass,yes,yes,
fleurs-ru-acoustic-language-preservation-v1,7aecbebbd91444fe75bf261c15715862a7bb194bb501e8862d01b3f02059ff40,cd420dc537ae5c360b6badf8eb9724c167b96e0a586006770f00d02e6c17901e,spoof,fleurs_ru_v1_espeakng:968b4f649a9fb76c,364a985633bf2cbb108b8f3b0bdace35b0228c8663d9bbaa76f360e5782a2276,reviewer_2,pass,yes,yes,
fleurs-ru-acoustic-language-preservation-v1,7aecbebbd91444fe75bf261c15715862a7bb194bb501e8862d01b3f02059ff40,ce38319a17340b5825eb4a0ecaa3a9d1efef518d9e1588f37c54c9db9f9c1aef,bonafide,google_fleurs_ru_v1:12763646417200298634,25d8defde6e0ee3ef744e1ec9a1c713c844aa678594b56072d6acc9d188804df,reviewer_2,pass,yes,yes,
fleurs-ru-acoustic-language-preservation-v1,7aecbebbd91444fe75bf261c15715862a7bb194bb501e8862d01b3f02059ff40,ce38319a17340b5825eb4a0ecaa3a9d1efef518d9e1588f37c54c9db9f9c1aef,spoof,fleurs_ru_v1_espeakng:dee0106b48373d1f,b08dbbaf3cb5527966c082897e4b3d6d9585442e9dcc8b5c5f472359b530a16c,reviewer_2,pass,yes,yes,
fleurs-ru-acoustic-language-preservation-v1,7aecbebbd91444fe75bf261c15715862a7bb194bb501e8862d01b3f02059ff40,cf9418338e0e03b6e0b10def5a342054188291fe4dd2cab7596f0cd9f7d74c5e,bonafide,google_fleurs_ru_v1:5764335204645607794,2f1a6e63563b6c7582eadc9be3736d5a112cc77ea2a6f6d7bd2ee7a931be63b2,reviewer_2,pass,yes,yes,
fleurs-ru-acoustic-language-preservation-v1,7aecbebbd91444fe75bf261c15715862a7bb194bb501e8862d01b3f02059ff40,cf9418338e0e03b6e0b10def5a342054188291fe4dd2cab7596f0cd9f7d74c5e,spoof,fleurs_ru_v1_espeakng:80354a715567c0fa,c3734a150fb2f9d614987e4c9c4c4917ed63ba9e0abbd26817f4d18265c98e45,reviewer_2,pass,yes,yes,
fleurs-ru-acoustic-language-preservation-v1,7aecbebbd91444fe75bf261c15715862a7bb194bb501e8862d01b3f02059ff40,d3213b0374976735d16d0caf3392be2dc5f3ebef0f8aff8a164ae7b7acc80c9e,bonafide,google_fleurs_ru_v1:10128565049419377161,adaef0958f8abbf335bb41b559e44c0981819a4e7a6a7467052d7570b60806c4,reviewer_2,pass,yes,yes,
fleurs-ru-acoustic-language-preservation-v1,7aecbebbd91444fe75bf261c15715862a7bb194bb501e8862d01b3f02059ff40,d3213b0374976735d16d0caf3392be2dc5f3ebef0f8aff8a164ae7b7acc80c9e,spoof,fleurs_ru_v1_espeakng:963975f7cf0d52c9,226aa2b2a467068f01115919a75723dd8aa553597a48bf9287364d6197176585,reviewer_2,pass,yes,yes,
fleurs-ru-acoustic-language-preservation-v1,7aecbebbd91444fe75bf261c15715862a7bb194bb501e8862d01b3f02059ff40,d7369650071aa382e81ea2aa1187cf7c39b7afbcb835f840ff304090ee085686,bonafide,google_fleurs_ru_v1:6413105619760926035,81b36c6e5f5780bd6305f385942ec4f9fa6c5e2170fed608e8ad04ea04bf36a5,reviewer_2,pass,yes,yes,
fleurs-ru-acoustic-language-preservation-v1,7aecbebbd91444fe75bf261c15715862a7bb194bb501e8862d01b3f02059ff40,d7369650071aa382e81ea2aa1187cf7c39b7afbcb835f840ff304090ee085686,spoof,fleurs_ru_v1_espeakng:b6ba0b29d5318136,5126d2764ca24d153e8374d1649c0a99e792865c08ced77a4e077ecd49471fdd,reviewer_2,pass,yes,yes,
fleurs-ru-acoustic-language-preservation-v1,7aecbebbd91444fe75bf261c15715862a7bb194bb501e8862d01b3f02059ff40,d95da4b7557886e3311708aecc47fac6cca22fdf9f43552b60094295ed489c05,bonafide,google_fleurs_ru_v1:1118149719419376837,d1dc95743549393a4a853951d8b1c88394543ca4b0858c16fc3b0f0ac415db41,reviewer_2,pass,yes,yes,
fleurs-ru-acoustic-language-preservation-v1,7aecbebbd91444fe75bf261c15715862a7bb194bb501e8862d01b3f02059ff40,d95da4b7557886e3311708aecc47fac6cca22fdf9f43552b60094295ed489c05,spoof,fleurs_ru_v1_espeakng:7bba936e3c5d1239,3ce47bfecfd9b1f8892a7c25995945a81ccb3a7900fd1170971d178110fa1c3c,reviewer_2,pass,yes,yes,
fleurs-ru-acoustic-language-preservation-v1,7aecbebbd91444fe75bf261c15715862a7bb194bb501e8862d01b3f02059ff40,d97576d3230965afcc9a15049c04411c3e01d093d4ad50dcffb0fd15568c358d,bonafide,google_fleurs_ru_v1:17805233619777785458,eb40d08951ecbf1eb6ea333d29953fa5c72864bb14251487c9639cb3f5676b3d,reviewer_2,pass,yes,yes,
fleurs-ru-acoustic-language-preservation-v1,7aecbebbd91444fe75bf261c15715862a7bb194bb501e8862d01b3f02059ff40,d97576d3230965afcc9a15049c04411c3e01d093d4ad50dcffb0fd15568c358d,spoof,fleurs_ru_v1_espeakng:9ae04b573c340605,d676dfbd1e481bf63c885244d2030344ad9464fdac2ebcf2f0ce4b5e6c266ba6,reviewer_2,pass,yes,yes,
fleurs-ru-acoustic-language-preservation-v1,7aecbebbd91444fe75bf261c15715862a7bb194bb501e8862d01b3f02059ff40,e432f2e80541212360c428b9e845906d437f44fdd7d5f39aee8e5f0089902efe,bonafide,google_fleurs_ru_v1:9854231884219888978,b3feca33fdebde84d4173c82fa81bf5c437d3eee247b8b63ed566df76ccbe729,reviewer_2,pass,yes,yes,
fleurs-ru-acoustic-language-preservation-v1,7aecbebbd91444fe75bf261c15715862a7bb194bb501e8862d01b3f02059ff40,e432f2e80541212360c428b9e845906d437f44fdd7d5f39aee8e5f0089902efe,spoof,fleurs_ru_v1_espeakng:2919d704981cc91f,19b03272ab67ac5283044e78d949c35696d62b3592c6a80c306830768b530a14,reviewer_2,pass,yes,yes,
fleurs-ru-acoustic-language-preservation-v1,7aecbebbd91444fe75bf261c15715862a7bb194bb501e8862d01b3f02059ff40,e4bc4ad83182761a93dabf83720411e925efbcd07e290ac4bd02819a03f1fec7,bonafide,google_fleurs_ru_v1:1952637449068485960,e791e9ada4564d695230c7e0894fe7e200dcb0513082ca8eadfff6866db58158,reviewer_2,pass,yes,yes,
fleurs-ru-acoustic-language-preservation-v1,7aecbebbd91444fe75bf261c15715862a7bb194bb501e8862d01b3f02059ff40,e4bc4ad83182761a93dabf83720411e925efbcd07e290ac4bd02819a03f1fec7,spoof,fleurs_ru_v1_espeakng:2d2e9c1c8ac989e4,c424a595dc317c04c37d7e19f9a7c16592bfbba13fd7ae043114699065993df8,reviewer_2,pass,yes,yes,
fleurs-ru-acoustic-language-preservation-v1,7aecbebbd91444fe75bf261c15715862a7bb194bb501e8862d01b3f02059ff40,e5ffcccc846a61a0ed681bdd177fc08dd38bc64ee8b07d9b501e2d037def3300,bonafide,google_fleurs_ru_v1:17041281135141463699,7625b770571590f56fe7290bab9a439d77f153e15203336a2ff8dbf323eecc20,reviewer_2,pass,yes,yes,
fleurs-ru-acoustic-language-preservation-v1,7aecbebbd91444fe75bf261c15715862a7bb194bb501e8862d01b3f02059ff40,e5ffcccc846a61a0ed681bdd177fc08dd38bc64ee8b07d9b501e2d037def3300,spoof,fleurs_ru_v1_espeakng:3d72f02d8e3b5b0b,58d0d36f8ce1510c2c6a9da058fbd106a293a561e62fc66e3efe235f45786514,reviewer_2,pass,yes,yes,
fleurs-ru-acoustic-language-preservation-v1,7aecbebbd91444fe75bf261c15715862a7bb194bb501e8862d01b3f02059ff40,ec186f494b221fdc6c5983417a6aaa17dacc83ef407f8184578dfcca065e4fbe,bonafide,google_fleurs_ru_v1:334603731114585250,c974b096d7bd0934cdf0905cc554906e097549c20b418596960f4fbf951e1469,reviewer_2,pass,yes,yes,
fleurs-ru-acoustic-language-preservation-v1,7aecbebbd91444fe75bf261c15715862a7bb194bb501e8862d01b3f02059ff40,ec186f494b221fdc6c5983417a6aaa17dacc83ef407f8184578dfcca065e4fbe,spoof,fleurs_ru_v1_espeakng:9bc4e1f79ae2a013,7d6c8f335172ad9e14ddd634ccb53894032beb369a58c17ff8944104c83417bd,reviewer_2,pass,yes,yes,
fleurs-ru-acoustic-language-preservation-v1,7aecbebbd91444fe75bf261c15715862a7bb194bb501e8862d01b3f02059ff40,edb28eb034c1c1ebee975144f071fdc0aa302051f713c52348c369f8c08ee049,bonafide,google_fleurs_ru_v1:2252393981652254978,2ef61e47c799ede0f2372d6c76cfbeed873ec999f9f2841ebd8570f973499840,reviewer_2,pass,yes,yes,
fleurs-ru-acoustic-language-preservation-v1,7aecbebbd91444fe75bf261c15715862a7bb194bb501e8862d01b3f02059ff40,edb28eb034c1c1ebee975144f071fdc0aa302051f713c52348c369f8c08ee049,spoof,fleurs_ru_v1_espeakng:5302600fe014815b,61ee9fc90b42d839e074f3431789538ea475c3889e622c1803bb0adfbf84cc57,reviewer_2,pass,yes,yes,
fleurs-ru-acoustic-language-preservation-v1,7aecbebbd91444fe75bf261c15715862a7bb194bb501e8862d01b3f02059ff40,fa4ec7c7162902e0f30f0e871dd6fc48aba38cec754a912ecb7bc6ae38ca53f9,bonafide,google_fleurs_ru_v1:6078272685619194853,e0fa4e662a96ac55a707d18ebdf185ad053f72f383b7219010da76801220e4dd,reviewer_2,pass,yes,yes,
fleurs-ru-acoustic-language-preservation-v1,7aecbebbd91444fe75bf261c15715862a7bb194bb501e8862d01b3f02059ff40,fa4ec7c7162902e0f30f0e871dd6fc48aba38cec754a912ecb7bc6ae38ca53f9,spoof,fleurs_ru_v1_espeakng:52b427725a4bc961,d9e5e42137a07aa8237b4c6c7bce87023ad97e499f4724458680eec7558541d0,reviewer_2,pass,yes,yes,
fleurs-ru-acoustic-language-preservation-v1,7aecbebbd91444fe75bf261c15715862a7bb194bb501e8862d01b3f02059ff40,fb9e82915e545722eb8b6663ede4bd6f48e725d6182d4d644d9179b05bb749a9,bonafide,google_fleurs_ru_v1:640994370055694096,95aa1d3b3c65ba392d1bf53b4acd3f5e79caa58215d4f13194b19ad9cd4ec245,reviewer_2,pass,yes,yes,
fleurs-ru-acoustic-language-preservation-v1,7aecbebbd91444fe75bf261c15715862a7bb194bb501e8862d01b3f02059ff40,fb9e82915e545722eb8b6663ede4bd6f48e725d6182d4d644d9179b05bb749a9,spoof,fleurs_ru_v1_espeakng:2c2cd2591f77cfb4,b5799a38f35b773c1482a85b4fad6b3df4ae929c31f8e0cb28bed5dc7180ce81,reviewer_2,pass,yes,yes,
fleurs-ru-acoustic-language-preservation-v1,7aecbebbd91444fe75bf261c15715862a7bb194bb501e8862d01b3f02059ff40,ff0019053b6ed690eaa1904508af080c5cc73e7ff4227584fa93a7f6fe6a38db,bonafide,google_fleurs_ru_v1:9806190112606124761,fbaec08996298723725c11452dd8d37a909b54669896962ebca095970847523f,reviewer_2,pass,yes,yes,
fleurs-ru-acoustic-language-preservation-v1,7aecbebbd91444fe75bf261c15715862a7bb194bb501e8862d01b3f02059ff40,ff0019053b6ed690eaa1904508af080c5cc73e7ff4227584fa93a7f6fe6a38db,spoof,fleurs_ru_v1_espeakng:268679ca3a3c5893,b12b4d10ba43c85f8e4f9672bb5d37a962b646226c208a1fde905f85afa0403b,reviewer_2,pass,yes,yes,
