sample_id,relative_path,sha256,split,label,language,code_switch,parent_group_id,source_name,source_license,rights_basis,speaker_pseudo_id,text_id,text_hash,duration_s,generator_family,generator_name,generator_version,voice_id,clone_consent_id,device,capture_route,original_sr,codec,augmentation_chain,augmentation_seed,created_at
google_fleurs_kk_v1:1003383318376154990,processed/cd/cdd6026f47961257d1c475aef91a0bd742a84a4c5af1848e714617d51f6825f5.wav,9a523ffcd6486c93001230ca39721fb30a518675b6d26977edc52c3dfeb507a7,test,bonafide,kk,false,google_fleurs_kk_v1:prompt:1749,google_fleurs_kk_v1,CC-BY-4.0,Google FLEURS pinned release 4683b04af03d2d9549064c7d72060a9a94bb6046; CC-BY-4.0 attribution retained,google_fleurs_kk_v1:unknown,google_fleurs_kk_v1:prompt:1749,a8e1ad3955e0765a63c808a06c4678e0525ebc8f0ccb4df076b8b1df060158c5,24.36,,,,,,unknown,read_speech_corpus,16000,wav,,,2026-08-10T00:00:00Z
google_fleurs_kk_v1:10037546300559313240,processed/e8/e8f13c4491e0ea8ed53ffdd60e9463251de3c82e0a039a54bfde1c8ae23e5da2.wav,c0db93e8e748fdc1772a20b5d5c2df24b04027209fad156d31c2a69e09633c69,test,bonafide,kk,false,google_fleurs_kk_v1:prompt:1701,google_fleurs_kk_v1,CC-BY-4.0,Google FLEURS pinned release 4683b04af03d2d9549064c7d72060a9a94bb6046; CC-BY-4.0 attribution retained,google_fleurs_kk_v1:unknown,google_fleurs_kk_v1:prompt:1701,8ff36537382ec09671c7291b6cfae2ac4556581be6c1ea02b36802262dff2f4e,16.44,,,,,,unknown,read_speech_corpus,16000,wav,,,2026-08-10T00:00:00Z
google_fleurs_kk_v1:10911720144661608593,processed/7b/7b27d1d78cb5938b524227b80451e883f61978dca810db91259f7391a7cc4fb4.wav,e8906398479479374b43162cc87c18503247cc591bc6e2666b95ae7b0f3f0582,test,bonafide,kk,false,google_fleurs_kk_v1:prompt:1964,google_fleurs_kk_v1,CC-BY-4.0,Google FLEURS pinned release 4683b04af03d2d9549064c7d72060a9a94bb6046; CC-BY-4.0 attribution retained,google_fleurs_kk_v1:unknown,google_fleurs_kk_v1:prompt:1964,2c6311fb5ebe434622e69addc2b0fc3a95b3ffff8e3fcaae883977b7f5945f4b,12.48,,,,,,unknown,read_speech_corpus,16000,wav,,,2026-08-10T00:00:00Z
google_fleurs_kk_v1:11620544926596143282,processed/14/1405bfebe204784443752c69d00ffcb97f7207949dae8585f0cb4c152a971606.wav,eb1e1e8615f242c217f80c627f99af152715aad270eb1a686bc70d837cb270f3,test,bonafide,kk,false,google_fleurs_kk_v1:prompt:1716,google_fleurs_kk_v1,CC-BY-4.0,Google FLEURS pinned release 4683b04af03d2d9549064c7d72060a9a94bb6046; CC-BY-4.0 attribution retained,google_fleurs_kk_v1:unknown,google_fleurs_kk_v1:prompt:1716,1e0e5448e05cd9a08ba5fde4b762a441a1738e872f9429ede8487f0ef5a0aad7,38.82,,,,,,unknown,read_speech_corpus,16000,wav,,,2026-08-10T00:00:00Z
google_fleurs_kk_v1:11674175124921753596,processed/de/de76080467e312b86d9b96221448d753fb3de94d995440c2dac9f9cd1cb529d5.wav,b1be3c3a70ec9c7b22fd5f29c3b0baa0f66fcfde208529889589bc8de7c886c2,test,bonafide,kk,false,google_fleurs_kk_v1:prompt:1883,google_fleurs_kk_v1,CC-BY-4.0,Google FLEURS pinned release 4683b04af03d2d9549064c7d72060a9a94bb6046; CC-BY-4.0 attribution retained,google_fleurs_kk_v1:unknown,google_fleurs_kk_v1:prompt:1883,111adb070d51df292557bf35ec3f7308a924654be4e3d430ce6033910f71c6df,14.88,,,,,,unknown,read_speech_corpus,16000,wav,,,2026-08-10T00:00:00Z
google_fleurs_kk_v1:11941935412420287805,processed/bd/bd7a79cb0be8c137da1c654e05152e65b01eaac4f18e8b8f2057118217e10c48.wav,5a7792ffe5dd4f38c6e0e6a2b03d0c78bfc381637f5594316a50c40636c63828,test,bonafide,kk,false,google_fleurs_kk_v1:prompt:1710,google_fleurs_kk_v1,CC-BY-4.0,Google FLEURS pinned release 4683b04af03d2d9549064c7d72060a9a94bb6046; CC-BY-4.0 attribution retained,google_fleurs_kk_v1:unknown,google_fleurs_kk_v1:prompt:1710,67c6d533c1bac8c9abd8001ded9b7d426fb483604f5d4459c66ce6b0b4002c84,25.5,,,,,,unknown,read_speech_corpus,16000,wav,,,2026-08-10T00:00:00Z
google_fleurs_kk_v1:12093710832555802440,processed/a7/a73806e77327eb247955eb256d53c00180d1ee1378125b46a1960e0437c57ca6.wav,c1ebb26808af0eefe3a245c72b78cda242f8019fb5d9008c03bbd96862763415,test,bonafide,kk,false,google_fleurs_kk_v1:prompt:1929,google_fleurs_kk_v1,CC-BY-4.0,Google FLEURS pinned release 4683b04af03d2d9549064c7d72060a9a94bb6046; CC-BY-4.0 attribution retained,google_fleurs_kk_v1:unknown,google_fleurs_kk_v1:prompt:1929,c6fb826aaec20e671b0080a506aea96e69a03f3790ec89c83501191afd6b2396,12.12,,,,,,unknown,read_speech_corpus,16000,wav,,,2026-08-10T00:00:00Z
google_fleurs_kk_v1:12419278186730905681,processed/5b/5bd6ea3d7ea7f65bd2a29df3e29c5f80bff45c72c3bc942ab49e0bb90f865c6d.wav,2363bb91cbd558d620b889724ceed69a1913e9dd86f4028385eda7e19bd2aefd,test,bonafide,kk,false,google_fleurs_kk_v1:prompt:1685,google_fleurs_kk_v1,CC-BY-4.0,Google FLEURS pinned release 4683b04af03d2d9549064c7d72060a9a94bb6046; CC-BY-4.0 attribution retained,google_fleurs_kk_v1:unknown,google_fleurs_kk_v1:prompt:1685,d2569eed417e279938e9041e1ec7c1a1959929cba8193100acfd99728d8876da,24.78,,,,,,unknown,read_speech_corpus,16000,wav,,,2026-08-10T00:00:00Z
google_fleurs_kk_v1:12603150173068884281,processed/5e/5ec699fce06894be25d7770f0e742bc03c47acf9048bb996c188ec6c522617ba.wav,d6a15ecc4f392c62da78b2fa927d2b940025fdfd69b34c4aa6243048cb4de381,test,bonafide,kk,false,google_fleurs_kk_v1:prompt:1721,google_fleurs_kk_v1,CC-BY-4.0,Google FLEURS pinned release 4683b04af03d2d9549064c7d72060a9a94bb6046; CC-BY-4.0 attribution retained,google_fleurs_kk_v1:unknown,google_fleurs_kk_v1:prompt:1721,7dac5ed8778a90bfd5c299670775739c92adeb7a3b1da29b871d7179ce4dcfea,18.24,,,,,,unknown,read_speech_corpus,16000,wav,,,2026-08-10T00:00:00Z
google_fleurs_kk_v1:12646149303157413512,processed/d3/d346b78cb21212e4b46a9be2c62133a80dca119c081dc7582eee22c48471195d.wav,073b40581644b31bd440192e08e61eee620767275ede7c74d5377d90a76bc95c,test,bonafide,kk,false,google_fleurs_kk_v1:prompt:1732,google_fleurs_kk_v1,CC-BY-4.0,Google FLEURS pinned release 4683b04af03d2d9549064c7d72060a9a94bb6046; CC-BY-4.0 attribution retained,google_fleurs_kk_v1:unknown,google_fleurs_kk_v1:prompt:1732,18e44ce48fec5bcf6cc5a8d747ce9b977fcc1c1d2f080e7f4af5c98bc810d94c,14.64,,,,,,unknown,read_speech_corpus,16000,wav,,,2026-08-10T00:00:00Z
google_fleurs_kk_v1:13072900730200162921,processed/96/96b892f2316e2b5f5d6b7d07fda4328f327825d23b3bc26f45a91f5c29a45095.wav,dbdc81c5df70bfe27248a1e52e4974e25703cb97454806f18febbd83d06f5a52,test,bonafide,kk,false,google_fleurs_kk_v1:prompt:1679,google_fleurs_kk_v1,CC-BY-4.0,Google FLEURS pinned release 4683b04af03d2d9549064c7d72060a9a94bb6046; CC-BY-4.0 attribution retained,google_fleurs_kk_v1:unknown,google_fleurs_kk_v1:prompt:1679,8e2d59b56f2c3af2a2cd0953507e0a9caf5f22bdf9309353cece967e11cc95f2,11.64,,,,,,unknown,read_speech_corpus,16000,wav,,,2026-08-10T00:00:00Z
google_fleurs_kk_v1:13384586419516553980,processed/51/51beb863f9b39c10bf7c0bfe3a763220839c2e5e65536715535ed33ccc161127.wav,d49d88b08a57e0a45bec9cc1321f950b519405ccfc9b5b15db8d974489ce0f33,test,bonafide,kk,false,google_fleurs_kk_v1:prompt:1951,google_fleurs_kk_v1,CC-BY-4.0,Google FLEURS pinned release 4683b04af03d2d9549064c7d72060a9a94bb6046; CC-BY-4.0 attribution retained,google_fleurs_kk_v1:unknown,google_fleurs_kk_v1:prompt:1951,1608a7a582e9b9802678a3e9344a49a817bbb67c5d2cf11f951287b2e94891eb,13.68,,,,,,unknown,read_speech_corpus,16000,wav,,,2026-08-10T00:00:00Z
google_fleurs_kk_v1:1339613590589751952,processed/9c/9c4f100b40e64adac5063f0d3a44012937668c9ad5dcaafbbe7ce5415231af6e.wav,26e78e5c942eeb82459922f8c2b241a3ca5ab0decf55ef0bbd427b6d4b1e9ea3,test,bonafide,kk,false,google_fleurs_kk_v1:prompt:1885,google_fleurs_kk_v1,CC-BY-4.0,Google FLEURS pinned release 4683b04af03d2d9549064c7d72060a9a94bb6046; CC-BY-4.0 attribution retained,google_fleurs_kk_v1:unknown,google_fleurs_kk_v1:prompt:1885,a48259604d6bf9c23cdd399b28ff5a7b9b542104a3ef31deddef5006c1cc91a8,15.96,,,,,,unknown,read_speech_corpus,16000,wav,,,2026-08-10T00:00:00Z
google_fleurs_kk_v1:13907614700396617324,processed/12/1280d7ae297f455227a54361a0a13e49a944d03375c06aab5d72301aad001e08.wav,975034c5c505163b07575dfbaed5c4ffde6584f6ff7a2b8c27aea7824abde74a,test,bonafide,kk,false,google_fleurs_kk_v1:prompt:1665,google_fleurs_kk_v1,CC-BY-4.0,Google FLEURS pinned release 4683b04af03d2d9549064c7d72060a9a94bb6046; CC-BY-4.0 attribution retained,google_fleurs_kk_v1:unknown,google_fleurs_kk_v1:prompt:1665,0e127cc4b752b1c9fe9541145da8f3abd52baed0fcb7e202ace1a064c0933fe0,12.84,,,,,,unknown,read_speech_corpus,16000,wav,,,2026-08-10T00:00:00Z
google_fleurs_kk_v1:14089950306038719733,processed/fe/fe8bf0c9ee2fec4fadb2359c2e09747a8cb0d63981e476fce69aac7727de89c5.wav,5df0b3e688e9afc2889b32b1a889fdd74378188f54e3988af6ea82473ed94a30,test,bonafide,kk,false,google_fleurs_kk_v1:prompt:1795,google_fleurs_kk_v1,CC-BY-4.0,Google FLEURS pinned release 4683b04af03d2d9549064c7d72060a9a94bb6046; CC-BY-4.0 attribution retained,google_fleurs_kk_v1:unknown,google_fleurs_kk_v1:prompt:1795,c695ae10f5512ac437000daad3abee60dbb4173f56ae5bf6595d874252e94748,23.4,,,,,,unknown,read_speech_corpus,16000,wav,,,2026-08-10T00:00:00Z
google_fleurs_kk_v1:14285705490080071843,processed/0f/0fa32236c4680dd0aa3639aaf69e188e0d6d6026cecfc0c47a9a9753b8180a0d.wav,9d7e8cdf6e629f3ac8dfd15a1c22f4391e17bc8559e95c92798f9267fa9528d9,test,bonafide,kk,false,google_fleurs_kk_v1:prompt:1736,google_fleurs_kk_v1,CC-BY-4.0,Google FLEURS pinned release 4683b04af03d2d9549064c7d72060a9a94bb6046; CC-BY-4.0 attribution retained,google_fleurs_kk_v1:unknown,google_fleurs_kk_v1:prompt:1736,7da35bf9d0630756f833e6338cd7be4a45a9a8086659beaf57b76db13d38a1d1,8.28,,,,,,unknown,read_speech_corpus,16000,wav,,,2026-08-10T00:00:00Z
google_fleurs_kk_v1:14381932041887637362,processed/ce/ce4f74dfef03491a5c6448dd32c13a9d42ed561d313a16e70458c529bd4b3f70.wav,48b3784c1ff0b56d16d4c27be83ff21ca7efb53a8cd94e13eb08bf9fc3f67834,test,bonafide,kk,false,google_fleurs_kk_v1:prompt:1979,google_fleurs_kk_v1,CC-BY-4.0,Google FLEURS pinned release 4683b04af03d2d9549064c7d72060a9a94bb6046; CC-BY-4.0 attribution retained,google_fleurs_kk_v1:unknown,google_fleurs_kk_v1:prompt:1979,9285107c1e2f4e4d734841c8d71525ef569448d5f48e2ca017f2dabf1f0372ef,19.68,,,,,,unknown,read_speech_corpus,16000,wav,,,2026-08-10T00:00:00Z
google_fleurs_kk_v1:15242706784888718582,processed/1b/1b7354f644980643dd96e8a6c442d7fb863a74d210341c33bea4616ce6c7f90e.wav,128d76e6d22a14dde254131eee3933fa1edc23b8336238ccd81f604a29d6f6e7,test,bonafide,kk,false,google_fleurs_kk_v1:prompt:1765,google_fleurs_kk_v1,CC-BY-4.0,Google FLEURS pinned release 4683b04af03d2d9549064c7d72060a9a94bb6046; CC-BY-4.0 attribution retained,google_fleurs_kk_v1:unknown,google_fleurs_kk_v1:prompt:1765,a57f400ecbb9d9150350a2c47af0c0badf439c644b9454ad4fad9af80a5f65ea,21.66,,,,,,unknown,read_speech_corpus,16000,wav,,,2026-08-10T00:00:00Z
google_fleurs_kk_v1:15967874925366242179,processed/b9/b9eb566acb2b0953c78c6cc021519d41562eb959c4e37745987431c933ed51f8.wav,648c6012d180f696a9a0ddc598beabd0042b4e1ab9e2df64b4af209a551ed6a7,test,bonafide,kk,false,google_fleurs_kk_v1:prompt:1671,google_fleurs_kk_v1,CC-BY-4.0,Google FLEURS pinned release 4683b04af03d2d9549064c7d72060a9a94bb6046; CC-BY-4.0 attribution retained,google_fleurs_kk_v1:unknown,google_fleurs_kk_v1:prompt:1671,dd102e1edc1141920d6b2c439edf3fb8c5ca36849da65239643a81891f5aa044,23.82,,,,,,unknown,read_speech_corpus,16000,wav,,,2026-08-10T00:00:00Z
google_fleurs_kk_v1:16578432271217182729,processed/27/27d0f978f0aef37c42d77d938e88a561d0b81c5ee5d63c1a14550ad5e0e01d95.wav,58bb4bc1271190bc659804e3470aca851b05676a679fb2c909cbc2d700a0e6ba,test,bonafide,kk,false,google_fleurs_kk_v1:prompt:1997,google_fleurs_kk_v1,CC-BY-4.0,Google FLEURS pinned release 4683b04af03d2d9549064c7d72060a9a94bb6046; CC-BY-4.0 attribution retained,google_fleurs_kk_v1:unknown,google_fleurs_kk_v1:prompt:1997,deb97246a4b351e9ef9d9e7b08ee466c239841b5090863b2ec33ee75ec9cc8b1,16.32,,,,,,unknown,read_speech_corpus,16000,wav,,,2026-08-10T00:00:00Z
google_fleurs_kk_v1:16756314357636282561,processed/78/78c9218d952a513af54ce2493e4256b57e03c357f2f4b0cbdfbbfdc645735596.wav,9822bbab34c881fd9e9df49816b51ae6c80509cf024204973914f3664fd995cf,test,bonafide,kk,false,google_fleurs_kk_v1:prompt:1932,google_fleurs_kk_v1,CC-BY-4.0,Google FLEURS pinned release 4683b04af03d2d9549064c7d72060a9a94bb6046; CC-BY-4.0 attribution retained,google_fleurs_kk_v1:unknown,google_fleurs_kk_v1:prompt:1932,fdf0b5c9952ce27dae848691a9c0e9f5642b5be7c06995b6291b39b338b93f4e,42.18,,,,,,unknown,read_speech_corpus,16000,wav,,,2026-08-10T00:00:00Z
google_fleurs_kk_v1:17381370315257491045,processed/8a/8a2abdb3c2f6172b484eeec0c072f2a76238760b0b6d249db53f75fddfc94dde.wav,bfcab247040cf1837a651366c5c6e0bb4cf52789ae9c13c120ad7406b0f4ed25,test,bonafide,kk,false,google_fleurs_kk_v1:prompt:1830,google_fleurs_kk_v1,CC-BY-4.0,Google FLEURS pinned release 4683b04af03d2d9549064c7d72060a9a94bb6046; CC-BY-4.0 attribution retained,google_fleurs_kk_v1:unknown,google_fleurs_kk_v1:prompt:1830,25641f8e33f19e7f657fd712aaa7d2b3bf85df87fa8d0838b843fa6246eb68c6,18.12,,,,,,unknown,read_speech_corpus,16000,wav,,,2026-08-10T00:00:00Z
google_fleurs_kk_v1:17506271158265386948,processed/4b/4b5d0554c0b6f86e12398f07e355f75e68b0ee655530a500080c9c4faf585915.wav,cb183a1f69d7406317751999ad5eb790b2a50ddd0469608ab0fef2626f91667f,test,bonafide,kk,false,google_fleurs_kk_v1:prompt:1733,google_fleurs_kk_v1,CC-BY-4.0,Google FLEURS pinned release 4683b04af03d2d9549064c7d72060a9a94bb6046; CC-BY-4.0 attribution retained,google_fleurs_kk_v1:unknown,google_fleurs_kk_v1:prompt:1733,22cda6af6f716daa55b90ab43ec92590c42206e2e662c6913517c94646abddbb,17.76,,,,,,unknown,read_speech_corpus,16000,wav,,,2026-08-10T00:00:00Z
google_fleurs_kk_v1:2139020965064502156,processed/ef/efff55e12d4209e6fffa61d25d334322c43dd9caabd26b047958f7980e86bade.wav,9fea6a5da3c9535355f142b51dd5676c48af19f333ebd40a7c662c79c1e5456d,test,bonafide,kk,false,google_fleurs_kk_v1:prompt:1975,google_fleurs_kk_v1,CC-BY-4.0,Google FLEURS pinned release 4683b04af03d2d9549064c7d72060a9a94bb6046; CC-BY-4.0 attribution retained,google_fleurs_kk_v1:unknown,google_fleurs_kk_v1:prompt:1975,604a6f4606a9b356c375ebaadcafbe0cee07233da92364d89441a006494450d0,19.8,,,,,,unknown,read_speech_corpus,16000,wav,,,2026-08-10T00:00:00Z
google_fleurs_kk_v1:2239387764343134854,processed/63/63b9029b8bdbcd2600a53db161fc66f4d8e652861bb19414ab0f3311f3636581.wav,eeba3920b30c05088f4162f905a10557bc9657e50712ddd60c07cc6b697a6fb4,test,bonafide,kk,false,google_fleurs_kk_v1:prompt:1730,google_fleurs_kk_v1,CC-BY-4.0,Google FLEURS pinned release 4683b04af03d2d9549064c7d72060a9a94bb6046; CC-BY-4.0 attribution retained,google_fleurs_kk_v1:unknown,google_fleurs_kk_v1:prompt:1730,eb940186bafe7976880d4b1127f88d5d373ce75012603319652f74ca2bf5a15d,18.84,,,,,,unknown,read_speech_corpus,16000,wav,,,2026-08-10T00:00:00Z
google_fleurs_kk_v1:2593581323605809132,processed/81/8117114d5df66b0897f50371afbffa6b8bfb0d1a8704244e18309aa3cb7589e5.wav,2f3d28081255b0c98e7af5376685b6d729f86a40bf42a92449027c7d94568fe0,test,bonafide,kk,false,google_fleurs_kk_v1:prompt:1981,google_fleurs_kk_v1,CC-BY-4.0,Google FLEURS pinned release 4683b04af03d2d9549064c7d72060a9a94bb6046; CC-BY-4.0 attribution retained,google_fleurs_kk_v1:unknown,google_fleurs_kk_v1:prompt:1981,893946c5daae74abe358860f610e806db160fac6b3b68b5ae9716034f6c76246,18.36,,,,,,unknown,read_speech_corpus,16000,wav,,,2026-08-10T00:00:00Z
google_fleurs_kk_v1:2641102901788122884,processed/ab/ab97fb269df52aaf5143e51cb9c1ab1af0c68a373b2aa834c1bd2b380d5818b4.wav,70ad11bb8f17f93e9f5ec9c8b90f8321dde9206e88751ce972e23424efaf1b21,test,bonafide,kk,false,google_fleurs_kk_v1:prompt:1805,google_fleurs_kk_v1,CC-BY-4.0,Google FLEURS pinned release 4683b04af03d2d9549064c7d72060a9a94bb6046; CC-BY-4.0 attribution retained,google_fleurs_kk_v1:unknown,google_fleurs_kk_v1:prompt:1805,8ef5014ba6b5ecad7a9cb4934ca3604cab0968c6e336397050275b839fbc8dea,16.26,,,,,,unknown,read_speech_corpus,16000,wav,,,2026-08-10T00:00:00Z
google_fleurs_kk_v1:2895857189572398160,processed/25/25ccc7682099ddc01cb8b30b963a5da53ca00fa4433523a70fc6b17dea2337dd.wav,8839725304c01e7d7d69cc198750e8e73241a8afc32f1cce35eb4f8bec370d41,test,bonafide,kk,false,google_fleurs_kk_v1:prompt:2007,google_fleurs_kk_v1,CC-BY-4.0,Google FLEURS pinned release 4683b04af03d2d9549064c7d72060a9a94bb6046; CC-BY-4.0 attribution retained,google_fleurs_kk_v1:unknown,google_fleurs_kk_v1:prompt:2007,1735edda6ef8ea67baab0c0e6f6ec8f1e3c34c0b5a3f7ca133a566a9251cef94,16.92,,,,,,unknown,read_speech_corpus,16000,wav,,,2026-08-10T00:00:00Z
google_fleurs_kk_v1:2998778049046655097,processed/76/76084d260e65e4e9e91794049bb4fe9d4bec6878c946788a244c9787452df152.wav,8f55130a1bfa87118a34c1575e270e2a6fcf6108ca48ca8a82ca308469187161,test,bonafide,kk,false,google_fleurs_kk_v1:prompt:1960,google_fleurs_kk_v1,CC-BY-4.0,Google FLEURS pinned release 4683b04af03d2d9549064c7d72060a9a94bb6046; CC-BY-4.0 attribution retained,google_fleurs_kk_v1:unknown,google_fleurs_kk_v1:prompt:1960,d8fd274be91000f8c72e4a718b6364ba8421178590f45c641f025505c31f63c3,30.54,,,,,,unknown,read_speech_corpus,16000,wav,,,2026-08-10T00:00:00Z
google_fleurs_kk_v1:3235066870739833453,processed/21/214fb626990b4089bdde204663514ea29c758f626a022e11d760120f7b067588.wav,b68641ff76f3b58858dd8d329cb04ad420a725f4279a020a9bd0feedb5d795f8,test,bonafide,kk,false,google_fleurs_kk_v1:prompt:1786,google_fleurs_kk_v1,CC-BY-4.0,Google FLEURS pinned release 4683b04af03d2d9549064c7d72060a9a94bb6046; CC-BY-4.0 attribution retained,google_fleurs_kk_v1:unknown,google_fleurs_kk_v1:prompt:1786,b5d58cdbd005ac80e87779b0e86b06ed5e16ca6f9fc71634261d491aca1a581f,18.3,,,,,,unknown,read_speech_corpus,16000,wav,,,2026-08-10T00:00:00Z
google_fleurs_kk_v1:3413358158273460290,processed/7e/7ef9b16ad00b46a314e5d394dd8de920c2d32e55fe4ad437c0f39aefe85be672.wav,d9e3f32f7dc20fd1f5c8402b48765e3c5d1f32a0491cf6518cdb8bc0b137440f,test,bonafide,kk,false,google_fleurs_kk_v1:prompt:1735,google_fleurs_kk_v1,CC-BY-4.0,Google FLEURS pinned release 4683b04af03d2d9549064c7d72060a9a94bb6046; CC-BY-4.0 attribution retained,google_fleurs_kk_v1:unknown,google_fleurs_kk_v1:prompt:1735,2f622a50216cc4a3b801f3fbabcd778c08fa9029d65a3aae0c626760a1c420d9,43.32,,,,,,unknown,read_speech_corpus,16000,wav,,,2026-08-10T00:00:00Z
google_fleurs_kk_v1:3767667661334691665,processed/99/992b6f8cb90a875e61607744f492e7ce8c4ca42209831bb76c4fc5ecf22f890d.wav,c401cc5e5550a3485328eba5389bd587bd84cacfe8adf6563e5d9645f00308c5,test,bonafide,kk,false,google_fleurs_kk_v1:prompt:1670,google_fleurs_kk_v1,CC-BY-4.0,Google FLEURS pinned release 4683b04af03d2d9549064c7d72060a9a94bb6046; CC-BY-4.0 attribution retained,google_fleurs_kk_v1:unknown,google_fleurs_kk_v1:prompt:1670,1783364515bc23e448b267bfc120e6de4368b724943a4a97773c6a18f7144d54,28.56,,,,,,unknown,read_speech_corpus,16000,wav,,,2026-08-10T00:00:00Z
google_fleurs_kk_v1:4324230341347616046,processed/b8/b881548f5d3ca336bf6646dc4b251bf377e4c42ddc9646ff8f50cade6a391e49.wav,ace82f63b4e9ac9435205207749faa831a0aad7759cd4bc4e6556f80cb314e22,test,bonafide,kk,false,google_fleurs_kk_v1:prompt:1898,google_fleurs_kk_v1,CC-BY-4.0,Google FLEURS pinned release 4683b04af03d2d9549064c7d72060a9a94bb6046; CC-BY-4.0 attribution retained,google_fleurs_kk_v1:unknown,google_fleurs_kk_v1:prompt:1898,2aa84159d144ed91ffccbd3505cb4a5214cdd6a5d2eed5b340560b89cb2e7865,26.64,,,,,,unknown,read_speech_corpus,16000,wav,,,2026-08-10T00:00:00Z
google_fleurs_kk_v1:4817696526462555081,processed/f4/f47b365c1bf2948592dff20f1827b81f9a381397604021f3c96d453c766e6883.wav,20123087a129bf8176e6650a59bd481614d3a4e3e5378ec852704c0522997795,test,bonafide,kk,false,google_fleurs_kk_v1:prompt:1718,google_fleurs_kk_v1,CC-BY-4.0,Google FLEURS pinned release 4683b04af03d2d9549064c7d72060a9a94bb6046; CC-BY-4.0 attribution retained,google_fleurs_kk_v1:unknown,google_fleurs_kk_v1:prompt:1718,a374573919f738ec80949c495d7bdc7d72290522ffcda4d4fce6e275e8e5295d,11.76,,,,,,unknown,read_speech_corpus,16000,wav,,,2026-08-10T00:00:00Z
google_fleurs_kk_v1:492685675165544120,processed/2b/2bc702e11d5e5e0372e108f4c12923cd58ac176dca7283cf812eb9381db384f8.wav,56568daad1bc4556cb97d735092f305a95dbaea81c67779df29dd2bfd16d14eb,test,bonafide,kk,false,google_fleurs_kk_v1:prompt:1723,google_fleurs_kk_v1,CC-BY-4.0,Google FLEURS pinned release 4683b04af03d2d9549064c7d72060a9a94bb6046; CC-BY-4.0 attribution retained,google_fleurs_kk_v1:unknown,google_fleurs_kk_v1:prompt:1723,74e7d6bc21713b1576ac1cabe5b5da32087919e26a2bad84c80fad769d1fed84,23.88,,,,,,unknown,read_speech_corpus,16000,wav,,,2026-08-10T00:00:00Z
google_fleurs_kk_v1:5372569721322854172,processed/b3/b304791430967bedff0a38287564668d20be7afeb070818b47277aeb7a509633.wav,83aa41ae746380bc231162dce1a9a06eb3ef4d84912ec25e2423f1c8553db725,test,bonafide,kk,false,google_fleurs_kk_v1:prompt:1846,google_fleurs_kk_v1,CC-BY-4.0,Google FLEURS pinned release 4683b04af03d2d9549064c7d72060a9a94bb6046; CC-BY-4.0 attribution retained,google_fleurs_kk_v1:unknown,google_fleurs_kk_v1:prompt:1846,96b2e49b1550fb355f76c6fc00fc3794eec04e4f8a564872980f43a8ca157ad4,18.0,,,,,,unknown,read_speech_corpus,16000,wav,,,2026-08-10T00:00:00Z
google_fleurs_kk_v1:5389016603927296708,processed/37/3788bdedbed1dbf80c44776a1ca14344cc5443584eb760557dcf8e0125a7aba2.wav,166e4fcdbb421d718e0812b3031c57d9afd69972ada8afec2ac86a1be585be92,test,bonafide,kk,false,google_fleurs_kk_v1:prompt:1983,google_fleurs_kk_v1,CC-BY-4.0,Google FLEURS pinned release 4683b04af03d2d9549064c7d72060a9a94bb6046; CC-BY-4.0 attribution retained,google_fleurs_kk_v1:unknown,google_fleurs_kk_v1:prompt:1983,1d94e8f5d719d686cebf931e3bf540f7ac18ad527835e6ef39aa815d3b87017f,25.68,,,,,,unknown,read_speech_corpus,16000,wav,,,2026-08-10T00:00:00Z
google_fleurs_kk_v1:5670371838991364185,processed/0a/0a06cb0d381b9aebe2af14d495cee146fb58f8b4af91878c9de7d7fae3af5959.wav,e3840111ed9fd36a21767496495f9299ffe3765176cc28171fe30223cf1d02f8,test,bonafide,kk,false,google_fleurs_kk_v1:prompt:1748,google_fleurs_kk_v1,CC-BY-4.0,Google FLEURS pinned release 4683b04af03d2d9549064c7d72060a9a94bb6046; CC-BY-4.0 attribution retained,google_fleurs_kk_v1:unknown,google_fleurs_kk_v1:prompt:1748,9d98fd4e83768f72b38a9e4367a3d429c5275b1be9710b725530fd12e53c8bd9,13.32,,,,,,unknown,read_speech_corpus,16000,wav,,,2026-08-10T00:00:00Z
google_fleurs_kk_v1:5690605322783951571,processed/69/6933b67cd6b1cec140f657bcca18a4c5fba89a17aa48084bd2687a64bb644ac4.wav,8565ba82d9174f2d94bf118323a578b49f1c8e6c146f0f53f435e08842976b21,test,bonafide,kk,false,google_fleurs_kk_v1:prompt:1947,google_fleurs_kk_v1,CC-BY-4.0,Google FLEURS pinned release 4683b04af03d2d9549064c7d72060a9a94bb6046; CC-BY-4.0 attribution retained,google_fleurs_kk_v1:unknown,google_fleurs_kk_v1:prompt:1947,1ccaa7f24b275885afefeda4848fbd421a1fbf418ef7d56313b2e099964e95c9,15.48,,,,,,unknown,read_speech_corpus,16000,wav,,,2026-08-10T00:00:00Z
google_fleurs_kk_v1:5879645372237316156,processed/2c/2c6da2be225f2ca006cc1123ccbf7672d83c1ba121c8dc87dd46c2d52ae6b906.wav,3cbb665848995df9de9f05b32e2fe8affe849edd89f34e99b256d08c3ec5a1e2,test,bonafide,kk,false,google_fleurs_kk_v1:prompt:1724,google_fleurs_kk_v1,CC-BY-4.0,Google FLEURS pinned release 4683b04af03d2d9549064c7d72060a9a94bb6046; CC-BY-4.0 attribution retained,google_fleurs_kk_v1:unknown,google_fleurs_kk_v1:prompt:1724,3c9346ebd03d3b61c78245f8192abc59a851cf2cc0eaf00753fc2925986e2c9b,12.48,,,,,,unknown,read_speech_corpus,16000,wav,,,2026-08-10T00:00:00Z
google_fleurs_kk_v1:5966979003506583007,processed/4c/4c9752e9ed5d7b685a8a0a4109de56b58ac24b37dd712516a5df297286f5c625.wav,df5d9dbca2f6c89cedb4bc9630e6ceef5a2afc943085e24f6da4300df878f0c2,test,bonafide,kk,false,google_fleurs_kk_v1:prompt:1725,google_fleurs_kk_v1,CC-BY-4.0,Google FLEURS pinned release 4683b04af03d2d9549064c7d72060a9a94bb6046; CC-BY-4.0 attribution retained,google_fleurs_kk_v1:unknown,google_fleurs_kk_v1:prompt:1725,b0b7886ee0c8b3db52a769888c2283125217ffeef174515e1771810fb089e58d,23.58,,,,,,unknown,read_speech_corpus,16000,wav,,,2026-08-10T00:00:00Z
google_fleurs_kk_v1:6013460121839312592,processed/48/48471f2d137f2b30ef6cec4e6fae56ad31c5c60540a4272d35c07c265a24e868.wav,01375837877a66a05a9a3bbca64fb0803ea2a9c1ebf918093319f00fa66a852b,test,bonafide,kk,false,google_fleurs_kk_v1:prompt:1928,google_fleurs_kk_v1,CC-BY-4.0,Google FLEURS pinned release 4683b04af03d2d9549064c7d72060a9a94bb6046; CC-BY-4.0 attribution retained,google_fleurs_kk_v1:unknown,google_fleurs_kk_v1:prompt:1928,bca9a4fd336af6db56a2ac617034d47182c347cb50722752940200e2b68ac3fa,18.12,,,,,,unknown,read_speech_corpus,16000,wav,,,2026-08-10T00:00:00Z
google_fleurs_kk_v1:601348972683172613,processed/ca/ca993bed086647c2352095b21e0982196d15bc752fd6bdfc67c1fe7bf6081125.wav,10b976377898689846ea37609ab001dc3c5fabb25cda079674ed0d2898c71349,test,bonafide,kk,false,google_fleurs_kk_v1:prompt:1989,google_fleurs_kk_v1,CC-BY-4.0,Google FLEURS pinned release 4683b04af03d2d9549064c7d72060a9a94bb6046; CC-BY-4.0 attribution retained,google_fleurs_kk_v1:unknown,google_fleurs_kk_v1:prompt:1989,e43d1831e041c60324c2cf055a284db1d30bf037cf2c13105a9585e6e9309565,26.04,,,,,,unknown,read_speech_corpus,16000,wav,,,2026-08-10T00:00:00Z
google_fleurs_kk_v1:6391218539357763424,processed/48/485b701bc2c21428b7e696d97119cb60ceca6bd8d93e3c6e1a4a740de5bf8356.wav,d5e1245157b7412d0cea4c94e734029c649f148bdf4553cea232b02af8f87c01,test,bonafide,kk,false,google_fleurs_kk_v1:prompt:1832,google_fleurs_kk_v1,CC-BY-4.0,Google FLEURS pinned release 4683b04af03d2d9549064c7d72060a9a94bb6046; CC-BY-4.0 attribution retained,google_fleurs_kk_v1:unknown,google_fleurs_kk_v1:prompt:1832,73676f3a0e1247c9c01a7bd662db05e0c2d2a38cd4893d19cb7bf311d4c5920a,27.96,,,,,,unknown,read_speech_corpus,16000,wav,,,2026-08-10T00:00:00Z
google_fleurs_kk_v1:6431314337260724205,processed/c8/c8637f40a3b708982b0a2fb490b70efb8c286ebb904ca4c0194b009c5a9c0b73.wav,b7162b5f3ce044c941d1c3d9146d0069fccf12a3ff8b8a9e7d188e3c8cff2578,test,bonafide,kk,false,google_fleurs_kk_v1:prompt:1782,google_fleurs_kk_v1,CC-BY-4.0,Google FLEURS pinned release 4683b04af03d2d9549064c7d72060a9a94bb6046; CC-BY-4.0 attribution retained,google_fleurs_kk_v1:unknown,google_fleurs_kk_v1:prompt:1782,6afed3a12fd20f98ef076cc95a61018b2c3ed26ab79d724195866401650d4d3a,25.2,,,,,,unknown,read_speech_corpus,16000,wav,,,2026-08-10T00:00:00Z
google_fleurs_kk_v1:6472377869964564670,processed/2f/2f1d2911c77ab3f4c2e2022fda715704b54c94cfd7cb2bb4208f2f9501ba1c32.wav,2d98cdf9206db239c36101b02f53251e76e9941675b76e158372bdee13150973,test,bonafide,kk,false,google_fleurs_kk_v1:prompt:1690,google_fleurs_kk_v1,CC-BY-4.0,Google FLEURS pinned release 4683b04af03d2d9549064c7d72060a9a94bb6046; CC-BY-4.0 attribution retained,google_fleurs_kk_v1:unknown,google_fleurs_kk_v1:prompt:1690,df4f3b453486f9df8b6f79ac8d6e7a16d3d6243021329060fcb3cef29ea3b1f7,26.22,,,,,,unknown,read_speech_corpus,16000,wav,,,2026-08-10T00:00:00Z
google_fleurs_kk_v1:6484592171234112008,processed/19/19d50bfcaf5c2f618f22da43770cc8cb8a5fe144ede3be3233d438e773a34a34.wav,6917fb0d01d24010263b15fe10538cceaf4662e63a274f22752342a07fd02d22,test,bonafide,kk,false,google_fleurs_kk_v1:prompt:1798,google_fleurs_kk_v1,CC-BY-4.0,Google FLEURS pinned release 4683b04af03d2d9549064c7d72060a9a94bb6046; CC-BY-4.0 attribution retained,google_fleurs_kk_v1:unknown,google_fleurs_kk_v1:prompt:1798,c760488821ec29c0aa73d4f2b6944986c670a1528423d0da6c01cb8e5b77f339,12.96,,,,,,unknown,read_speech_corpus,16000,wav,,,2026-08-10T00:00:00Z
google_fleurs_kk_v1:6846734733464788435,processed/10/109b839bdf52c61613b466921760a81537bc873b05ea2cae4ceea2f7a7ae6f15.wav,6d4068aa1601d57cf6c9e758f5fb72bfb3831a0727672dc5c306ec03b59e06a0,test,bonafide,kk,false,google_fleurs_kk_v1:prompt:1773,google_fleurs_kk_v1,CC-BY-4.0,Google FLEURS pinned release 4683b04af03d2d9549064c7d72060a9a94bb6046; CC-BY-4.0 attribution retained,google_fleurs_kk_v1:unknown,google_fleurs_kk_v1:prompt:1773,6688c24a93030684d0b933bb060928a68197a3a7c99981316f28adbb6420baf6,15.42,,,,,,unknown,read_speech_corpus,16000,wav,,,2026-08-10T00:00:00Z
google_fleurs_kk_v1:7118781598222999072,processed/17/17aa718429a4c00b89f4cb7156b518e92203cdd2aa90c51032a5424daabc14d6.wav,6da5afd46569d3baf294cd523c596eea35e7a254169048eacecd3e82f7ed864a,test,bonafide,kk,false,google_fleurs_kk_v1:prompt:1722,google_fleurs_kk_v1,CC-BY-4.0,Google FLEURS pinned release 4683b04af03d2d9549064c7d72060a9a94bb6046; CC-BY-4.0 attribution retained,google_fleurs_kk_v1:unknown,google_fleurs_kk_v1:prompt:1722,d69aa37538e13dff2d2f9bb2286e4db9fba74b4991b20dc04c832c1c240ae10c,21.84,,,,,,unknown,read_speech_corpus,16000,wav,,,2026-08-10T00:00:00Z
google_fleurs_kk_v1:7709807475494132035,processed/51/51eed945f61b90d3243e692d40696ab3592ae53f31abf45f21e55eb517302ae9.wav,97a2779703f13a2300829ce0034c2fde07b1d4c01c4cb409c2be3651c669e4c7,test,bonafide,kk,false,google_fleurs_kk_v1:prompt:1707,google_fleurs_kk_v1,CC-BY-4.0,Google FLEURS pinned release 4683b04af03d2d9549064c7d72060a9a94bb6046; CC-BY-4.0 attribution retained,google_fleurs_kk_v1:unknown,google_fleurs_kk_v1:prompt:1707,37ad68c87402b4d201bff8ab5a67be9a329c398b42214c2095500d2e9383c6a2,23.88,,,,,,unknown,read_speech_corpus,16000,wav,,,2026-08-10T00:00:00Z
google_fleurs_kk_v1:8231093604627164137,processed/a7/a73685809de3985e2fb8ac1b19fbf687e0e07cdc10d459ff61ecbbcd7960a0d5.wav,b2b0cacc30e8a0d2b0e573dd561c0beeaacfa432d1b4515d16622c6c53d3deb0,test,bonafide,kk,false,google_fleurs_kk_v1:prompt:1986,google_fleurs_kk_v1,CC-BY-4.0,Google FLEURS pinned release 4683b04af03d2d9549064c7d72060a9a94bb6046; CC-BY-4.0 attribution retained,google_fleurs_kk_v1:unknown,google_fleurs_kk_v1:prompt:1986,5efd224d36964fff4062e36b8007e24c9007be87939b2b5fdbfde573c12314ac,20.88,,,,,,unknown,read_speech_corpus,16000,wav,,,2026-08-10T00:00:00Z
google_fleurs_kk_v1:840648180515281883,processed/49/4979142c752b3c5deb065d8d81c180f3e3e08508ae6d0a653105dfb51d1fe776.wav,029dab2a4018e509260ef32d4a2e9580bc3c4003eeb91839f1fe56bcfef3a27b,test,bonafide,kk,false,google_fleurs_kk_v1:prompt:1988,google_fleurs_kk_v1,CC-BY-4.0,Google FLEURS pinned release 4683b04af03d2d9549064c7d72060a9a94bb6046; CC-BY-4.0 attribution retained,google_fleurs_kk_v1:unknown,google_fleurs_kk_v1:prompt:1988,b9e16872c6f7f8d0f89a4a05eaefaf6e6d1c3b26940ac21aa202ef0533668724,16.32,,,,,,unknown,read_speech_corpus,16000,wav,,,2026-08-10T00:00:00Z
google_fleurs_kk_v1:8481235565935308012,processed/00/00da1496a9db9f37fa66d52df93bc6e345138d1d468be7fd0c30114939842016.wav,75bbcf1d04f43a21ec31b472fe0f6bf58d6f0aeee638c8fd61385afcaf541805,test,bonafide,kk,false,google_fleurs_kk_v1:prompt:1962,google_fleurs_kk_v1,CC-BY-4.0,Google FLEURS pinned release 4683b04af03d2d9549064c7d72060a9a94bb6046; CC-BY-4.0 attribution retained,google_fleurs_kk_v1:unknown,google_fleurs_kk_v1:prompt:1962,c6d5381e1e34055eb4db4feb26d8c9e85b26ec89b99f8592a24f68bf6e0b42c1,16.5,,,,,,unknown,read_speech_corpus,16000,wav,,,2026-08-10T00:00:00Z
google_fleurs_kk_v1:8642090197581152517,processed/9b/9bb68624494c32969dc7451c8721e83db5a71917fc342bbb56e3c0e2ca277987.wav,9a9159b604f37399c4d5a6cac25af22a2dc6afb6d4c503343ac51cae7c36f295,test,bonafide,kk,false,google_fleurs_kk_v1:prompt:1877,google_fleurs_kk_v1,CC-BY-4.0,Google FLEURS pinned release 4683b04af03d2d9549064c7d72060a9a94bb6046; CC-BY-4.0 attribution retained,google_fleurs_kk_v1:unknown,google_fleurs_kk_v1:prompt:1877,5a13dc7e5bbcb4b865a60f4f63dbce362b131c8abdc6390c87b521727fc56e60,24.84,,,,,,unknown,read_speech_corpus,16000,wav,,,2026-08-10T00:00:00Z
google_fleurs_kk_v1:8733554910944593936,processed/a4/a40cc81e540690bb4bf51ea4fc5e931bf78cc3372dd3575a10de3cb27d2c5d34.wav,3111c95199a760206f1b2f02340cf94c759536a71afb12f88b06ed5037063100,test,bonafide,kk,false,google_fleurs_kk_v1:prompt:1946,google_fleurs_kk_v1,CC-BY-4.0,Google FLEURS pinned release 4683b04af03d2d9549064c7d72060a9a94bb6046; CC-BY-4.0 attribution retained,google_fleurs_kk_v1:unknown,google_fleurs_kk_v1:prompt:1946,27381617b5eadbab7654a544ce3aec97faec33f39efc45610c90a7fd4ea582f1,18.18,,,,,,unknown,read_speech_corpus,16000,wav,,,2026-08-10T00:00:00Z
google_fleurs_kk_v1:9161810616423051790,processed/5e/5edc530558ac758c3ebe4bbcbbb34f08e5104ffca6efabc608130f326fa1de72.wav,ac06a15772f4d117f48efe5f740288da2a49b47af97ea29dbb73a68cfb749c9e,test,bonafide,kk,false,google_fleurs_kk_v1:prompt:1800,google_fleurs_kk_v1,CC-BY-4.0,Google FLEURS pinned release 4683b04af03d2d9549064c7d72060a9a94bb6046; CC-BY-4.0 attribution retained,google_fleurs_kk_v1:unknown,google_fleurs_kk_v1:prompt:1800,2170e6211ae759b0c7118e86207fa59dca5c57a71ec050b4e3e371e246f85be0,22.74,,,,,,unknown,read_speech_corpus,16000,wav,,,2026-08-10T00:00:00Z
google_fleurs_kk_v1:9255561269519807477,processed/3f/3fe47a453945a0dbe02580c5180d772301286fc59561f8606e67154e1c0918a9.wav,5045939dc828d9eaf11d3a2f2e756c2c58bba1942b5a1c23e7730cfa2dcfc0b2,test,bonafide,kk,false,google_fleurs_kk_v1:prompt:1869,google_fleurs_kk_v1,CC-BY-4.0,Google FLEURS pinned release 4683b04af03d2d9549064c7d72060a9a94bb6046; CC-BY-4.0 attribution retained,google_fleurs_kk_v1:unknown,google_fleurs_kk_v1:prompt:1869,b604bdd782be7579ba4490f20ca96501c7e89e000f5de82eece34bb5a69d4060,26.28,,,,,,unknown,read_speech_corpus,16000,wav,,,2026-08-10T00:00:00Z
google_fleurs_kk_v1:96001873715476538,processed/25/2511acbc701e76431526487fabbfb138a42269bacde33ad3942e27568e7fd936.wav,0f495b65e8ebb361929d012fb706f4680615165c8b5e88b8ec9df9800bf2bfcb,test,bonafide,kk,false,google_fleurs_kk_v1:prompt:1704,google_fleurs_kk_v1,CC-BY-4.0,Google FLEURS pinned release 4683b04af03d2d9549064c7d72060a9a94bb6046; CC-BY-4.0 attribution retained,google_fleurs_kk_v1:unknown,google_fleurs_kk_v1:prompt:1704,99121f43b5b29946208a8b43e6a485381a2ee59bd021bb91d1182ced18cb40ee,16.98,,,,,,unknown,read_speech_corpus,16000,wav,,,2026-08-10T00:00:00Z
google_fleurs_kk_v1:9881574778245616613,processed/41/41fb9732ee9bf52fcf5ecec7cf0cbe4dd4e1b6a12e0a65172cec119633884bbf.wav,ff10b45c03ea037d358edb98e7e84f3e122f8a1defb3b78f85b1a916669e6268,test,bonafide,kk,false,google_fleurs_kk_v1:prompt:1684,google_fleurs_kk_v1,CC-BY-4.0,Google FLEURS pinned release 4683b04af03d2d9549064c7d72060a9a94bb6046; CC-BY-4.0 attribution retained,google_fleurs_kk_v1:unknown,google_fleurs_kk_v1:prompt:1684,2030bbcfd76cce28cb64263e130915d06978ce635c02ceaee780e41f5b3a7f7a,17.4,,,,,,unknown,read_speech_corpus,16000,wav,,,2026-08-10T00:00:00Z
google_fleurs_kk_v1:9936057803160572676,processed/4e/4ea86fa8ee5f71af0619b27be50784301aab23eff38223fb58f24758a2a02c9d.wav,9a29bd453215bdb95a7019bd81a8327928ae1a1376283a883fbb85e3e8225b12,test,bonafide,kk,false,google_fleurs_kk_v1:prompt:1776,google_fleurs_kk_v1,CC-BY-4.0,Google FLEURS pinned release 4683b04af03d2d9549064c7d72060a9a94bb6046; CC-BY-4.0 attribution retained,google_fleurs_kk_v1:unknown,google_fleurs_kk_v1:prompt:1776,f9f4a086077dd99ee4c70e410b318f6b18b2c31bc1061820c92d4c4c36a50f47,9.72,,,,,,unknown,read_speech_corpus,16000,wav,,,2026-08-10T00:00:00Z
