protocol_id,packet_sha256,sample_id,language,audio_sha256,reviewer_pseudo_id,review_status,speech_intelligible,lexical_content_preserved,language_preserved,severe_artifacts,notes
fresh-suite-stage-c-kazakhtts-full-acoustic-gate-v1,6b4ada9ffd10b3c1cb1c30f6b1794b483e4ec31017333b7401cff31d414f5d14,fresh_suite_v1_kazakhtts_tacotron2_pwg:d6615c804341a5c0ef84,kk,53a46e5ae9cd13562f2aa9ae03d611e8b539e9be2335f3a06fb967712c78ff3f,reviewer_1,pass,yes,yes,yes,no,
fresh-suite-stage-c-kazakhtts-full-acoustic-gate-v1,6b4ada9ffd10b3c1cb1c30f6b1794b483e4ec31017333b7401cff31d414f5d14,fresh_suite_v1_kazakhtts_tacotron2_pwg:a9f396ca186211594f4d,kk,d2985d7599eadb16bcfe3892e5a51831de9fa56db7446f43fa1f0cc421cbaeb5,reviewer_1,pass,yes,yes,yes,no,
fresh-suite-stage-c-kazakhtts-full-acoustic-gate-v1,6b4ada9ffd10b3c1cb1c30f6b1794b483e4ec31017333b7401cff31d414f5d14,fresh_suite_v1_kazakhtts_tacotron2_pwg:997f93d19331b94c6b1b,kk,1095d94414818c2cac9ab029892e7e665527cf09c0c56134b935c31e922ad04b,reviewer_1,pass,yes,yes,yes,no,
fresh-suite-stage-c-kazakhtts-full-acoustic-gate-v1,6b4ada9ffd10b3c1cb1c30f6b1794b483e4ec31017333b7401cff31d414f5d14,fresh_suite_v1_kazakhtts_tacotron2_pwg:8e6ef488157eda263782,kk,fec9a872a34da1ccd65d505a8dec43260b553b57e56f4bdf01aa9a8360c38a45,reviewer_1,pass,yes,yes,yes,no,
fresh-suite-stage-c-kazakhtts-full-acoustic-gate-v1,6b4ada9ffd10b3c1cb1c30f6b1794b483e4ec31017333b7401cff31d414f5d14,fresh_suite_v1_kazakhtts_tacotron2_pwg:5e5a514b7e23588f4f2a,kk,e0c5de2799dfa958c102ecb34fcd416eebd1fe7b6e7727d62063a2699d008197,reviewer_1,pass,yes,yes,yes,no,
fresh-suite-stage-c-kazakhtts-full-acoustic-gate-v1,6b4ada9ffd10b3c1cb1c30f6b1794b483e4ec31017333b7401cff31d414f5d14,fresh_suite_v1_kazakhtts_tacotron2_pwg:7df6b22603880a7200ef,kk,a74efba862e857197954dcfcdd5d17e75d8d600f4c947dc9c5e2477c8b8259c1,reviewer_1,pass,yes,yes,yes,no,
fresh-suite-stage-c-kazakhtts-full-acoustic-gate-v1,6b4ada9ffd10b3c1cb1c30f6b1794b483e4ec31017333b7401cff31d414f5d14,fresh_suite_v1_kazakhtts_tacotron2_pwg:c30bded4315ebce38676,kk,3dc4666b6cb982fc8f3512d18a11bbcc46e5b8980a729e5ac6cdd87e20572968,reviewer_1,pass,yes,yes,yes,no,
fresh-suite-stage-c-kazakhtts-full-acoustic-gate-v1,6b4ada9ffd10b3c1cb1c30f6b1794b483e4ec31017333b7401cff31d414f5d14,fresh_suite_v1_kazakhtts_tacotron2_pwg:4cfcfbd1c5c9b20e334b,kk,27bcfb8370200da000f8836aba4fd2902e8248e6c391dace0b13dbb480e074cd,reviewer_1,pass,yes,yes,yes,no,
fresh-suite-stage-c-kazakhtts-full-acoustic-gate-v1,6b4ada9ffd10b3c1cb1c30f6b1794b483e4ec31017333b7401cff31d414f5d14,fresh_suite_v1_kazakhtts_tacotron2_pwg:149f854a589b845ae9b4,kk,db8e2f4b68b2f5ef81db0273194c70e10b31f74a4e3e07752574c9246158dfce,reviewer_1,pass,yes,yes,yes,no,
fresh-suite-stage-c-kazakhtts-full-acoustic-gate-v1,6b4ada9ffd10b3c1cb1c30f6b1794b483e4ec31017333b7401cff31d414f5d14,fresh_suite_v1_kazakhtts_tacotron2_pwg:a6d73ad57500dffa351f,kk,676fa1d3d5f1022944fea5fb6ece39667e4dc526879df047259722ebbdb990b3,reviewer_1,pass,yes,yes,yes,no,
fresh-suite-stage-c-kazakhtts-full-acoustic-gate-v1,6b4ada9ffd10b3c1cb1c30f6b1794b483e4ec31017333b7401cff31d414f5d14,fresh_suite_v1_kazakhtts_tacotron2_pwg:6ac65b2f55adac97da94,kk,9849a2cbd89e4b7b2c22c952f9a1594a940607548cdd7e88a52d626492531697,reviewer_1,pass,yes,yes,yes,no,
fresh-suite-stage-c-kazakhtts-full-acoustic-gate-v1,6b4ada9ffd10b3c1cb1c30f6b1794b483e4ec31017333b7401cff31d414f5d14,fresh_suite_v1_kazakhtts_tacotron2_pwg:ec6ac7585fa0a8381122,kk,0af0ebb2825651a8e1cbbcda53e6c98abb0651adf3b47dddbbf890bfbed7d9ca,reviewer_1,pass,yes,yes,yes,no,
fresh-suite-stage-c-kazakhtts-full-acoustic-gate-v1,6b4ada9ffd10b3c1cb1c30f6b1794b483e4ec31017333b7401cff31d414f5d14,fresh_suite_v1_kazakhtts_tacotron2_pwg:39dfd41111be70123f5b,kk,b5b5e91780964fadb20948bc6351fd156863c33a8af320df7ceeac19eb960ee9,reviewer_1,pass,yes,yes,yes,no,
fresh-suite-stage-c-kazakhtts-full-acoustic-gate-v1,6b4ada9ffd10b3c1cb1c30f6b1794b483e4ec31017333b7401cff31d414f5d14,fresh_suite_v1_kazakhtts_tacotron2_pwg:720bf2c9549e4cc43a48,kk,e03e645a857646fc26fa1cedf388a66e17aef29890e8acb9f100bae521ffab61,reviewer_1,pass,yes,yes,yes,no,
fresh-suite-stage-c-kazakhtts-full-acoustic-gate-v1,6b4ada9ffd10b3c1cb1c30f6b1794b483e4ec31017333b7401cff31d414f5d14,fresh_suite_v1_kazakhtts_tacotron2_pwg:79d813026ca033c8f596,kk,95cc437b82fc0a79dbdc9893b770687f0b5aa6ec5f329fd533834bb7b812a568,reviewer_1,pass,yes,yes,yes,no,
fresh-suite-stage-c-kazakhtts-full-acoustic-gate-v1,6b4ada9ffd10b3c1cb1c30f6b1794b483e4ec31017333b7401cff31d414f5d14,fresh_suite_v1_kazakhtts_tacotron2_pwg:3809a377f2709093e211,kk,1a9ad68b167db8bc72a828ce7ba7599a3a6f526c5c7894454435d60057fccb5b,reviewer_1,pass,yes,yes,yes,no,
fresh-suite-stage-c-kazakhtts-full-acoustic-gate-v1,6b4ada9ffd10b3c1cb1c30f6b1794b483e4ec31017333b7401cff31d414f5d14,fresh_suite_v1_kazakhtts_tacotron2_pwg:c09d130b815e308df1ca,kk,4b7f7ae038e1380f16a4ddec40040972d9ec0920a7591815805dc7ab07190ea2,reviewer_1,pass,yes,yes,yes,no,
fresh-suite-stage-c-kazakhtts-full-acoustic-gate-v1,6b4ada9ffd10b3c1cb1c30f6b1794b483e4ec31017333b7401cff31d414f5d14,fresh_suite_v1_kazakhtts_tacotron2_pwg:605b701708477be72d6c,kk,14326d440a572f76c997cdcdf8051464eb855c14884c1cf5bcdc85fca22ef425,reviewer_1,pass,yes,yes,yes,no,
fresh-suite-stage-c-kazakhtts-full-acoustic-gate-v1,6b4ada9ffd10b3c1cb1c30f6b1794b483e4ec31017333b7401cff31d414f5d14,fresh_suite_v1_kazakhtts_tacotron2_pwg:56ac7c4b26ff8bc27bba,kk,6431d55f8653b8405274a15a51ec351d53f245b792e7b71ee15a9b84dc86c691,reviewer_1,pass,yes,yes,yes,no,
fresh-suite-stage-c-kazakhtts-full-acoustic-gate-v1,6b4ada9ffd10b3c1cb1c30f6b1794b483e4ec31017333b7401cff31d414f5d14,fresh_suite_v1_kazakhtts_tacotron2_pwg:17bbc8fcbbb32292154b,kk,ebda02dd3d2ce1847e1e6fa402021c6f26d6418db27bcc56e8f67fab7df50ba0,reviewer_1,pass,yes,yes,yes,no,
fresh-suite-stage-c-kazakhtts-full-acoustic-gate-v1,6b4ada9ffd10b3c1cb1c30f6b1794b483e4ec31017333b7401cff31d414f5d14,fresh_suite_v1_kazakhtts_tacotron2_pwg:82e1aff5a71c774045e1,kk,2ad4d22680d335a2a757f693145b844abab28e3a0ca66e8dcbab4adf9422d6f3,reviewer_1,pass,yes,yes,yes,no,
fresh-suite-stage-c-kazakhtts-full-acoustic-gate-v1,6b4ada9ffd10b3c1cb1c30f6b1794b483e4ec31017333b7401cff31d414f5d14,fresh_suite_v1_kazakhtts_tacotron2_pwg:4076b5c20779ebb133be,kk,f84f1a258274f2d3e6e73c6da5186b92d3d84413fae4492685c17dfcda94d886,reviewer_1,pass,yes,yes,yes,no,
fresh-suite-stage-c-kazakhtts-full-acoustic-gate-v1,6b4ada9ffd10b3c1cb1c30f6b1794b483e4ec31017333b7401cff31d414f5d14,fresh_suite_v1_kazakhtts_tacotron2_pwg:942662023937f4be9f46,kk,7747dfece8e45cfe17ce96a25c52391924a6c1494989bf8b8c76cf5eaf6f2ee5,reviewer_1,pass,yes,yes,yes,no,
fresh-suite-stage-c-kazakhtts-full-acoustic-gate-v1,6b4ada9ffd10b3c1cb1c30f6b1794b483e4ec31017333b7401cff31d414f5d14,fresh_suite_v1_kazakhtts_tacotron2_pwg:cdc9cbffd3e3e115f6ab,kk,d40225a9b3e2a97447b941c3959cbd258d59ef6cf33756739ed8490e91cddab1,reviewer_1,pass,yes,yes,yes,no,
fresh-suite-stage-c-kazakhtts-full-acoustic-gate-v1,6b4ada9ffd10b3c1cb1c30f6b1794b483e4ec31017333b7401cff31d414f5d14,fresh_suite_v1_kazakhtts_tacotron2_pwg:ac7cb7fbe0322e0a82a6,kk,0a49bdf4acfcb842676194addc4a367fd6eb930079275ee2cc6e303c1568f5ee,reviewer_1,pass,yes,yes,yes,no,
fresh-suite-stage-c-kazakhtts-full-acoustic-gate-v1,6b4ada9ffd10b3c1cb1c30f6b1794b483e4ec31017333b7401cff31d414f5d14,fresh_suite_v1_kazakhtts_tacotron2_pwg:ecb8080ef1ba27e1fc3c,kk,7fc5dd574973fa10e14720cdff3f8bea1415348e759dca15a644b6acf0cd3a70,reviewer_1,pass,yes,yes,yes,no,
fresh-suite-stage-c-kazakhtts-full-acoustic-gate-v1,6b4ada9ffd10b3c1cb1c30f6b1794b483e4ec31017333b7401cff31d414f5d14,fresh_suite_v1_kazakhtts_tacotron2_pwg:d5702ab3c0b4f9577c5c,kk,428f068009d8a1a907e8854cd5f74fb7ee2b1bd2ac4fd2a9513396c26cd9ca23,reviewer_1,pass,yes,yes,yes,no,
fresh-suite-stage-c-kazakhtts-full-acoustic-gate-v1,6b4ada9ffd10b3c1cb1c30f6b1794b483e4ec31017333b7401cff31d414f5d14,fresh_suite_v1_kazakhtts_tacotron2_pwg:fd1a2a716013f868febd,kk,6d83104d333746faee80234d62661c7c70c4b3888bbd3d30831803a3140da178,reviewer_1,pass,yes,yes,yes,no,
fresh-suite-stage-c-kazakhtts-full-acoustic-gate-v1,6b4ada9ffd10b3c1cb1c30f6b1794b483e4ec31017333b7401cff31d414f5d14,fresh_suite_v1_kazakhtts_tacotron2_pwg:572ce11b90a6a4237a67,kk,f727b9e72babaee8d668746d93db1e3f6f7dc3d57f6e1400eeb5c44bd27d4966,reviewer_1,pass,yes,yes,yes,no,
fresh-suite-stage-c-kazakhtts-full-acoustic-gate-v1,6b4ada9ffd10b3c1cb1c30f6b1794b483e4ec31017333b7401cff31d414f5d14,fresh_suite_v1_kazakhtts_tacotron2_pwg:8b3e14669fd077a98685,kk,bd608362f266c40159830636cc212f5160435a8ce27a96a35a34883b8349f23d,reviewer_1,pass,yes,yes,yes,no,
fresh-suite-stage-c-kazakhtts-full-acoustic-gate-v1,6b4ada9ffd10b3c1cb1c30f6b1794b483e4ec31017333b7401cff31d414f5d14,fresh_suite_v1_kazakhtts_tacotron2_pwg:0c4900dbfb7391815fd8,kk,f88c23fd4e55a1d9e9ab62054cdb51c93730b7c0800f3e1f8069646ed0ea9344,reviewer_1,pass,yes,yes,yes,no,
fresh-suite-stage-c-kazakhtts-full-acoustic-gate-v1,6b4ada9ffd10b3c1cb1c30f6b1794b483e4ec31017333b7401cff31d414f5d14,fresh_suite_v1_kazakhtts_tacotron2_pwg:ffbb4a24af505e04cc8d,kk,08eb34e40a6ad3f813bd7641a6332f96cc395e2240e694f33ac9829503d4b596,reviewer_1,pass,yes,yes,yes,no,
fresh-suite-stage-c-kazakhtts-full-acoustic-gate-v1,6b4ada9ffd10b3c1cb1c30f6b1794b483e4ec31017333b7401cff31d414f5d14,fresh_suite_v1_kazakhtts_tacotron2_pwg:34334ddb9ca449311d26,kk,f5ab1bbdd752f72ba4f0e1effe9e3f6217ecd1d5aad8593beb989cc3aacad57d,reviewer_1,pass,yes,yes,yes,no,
fresh-suite-stage-c-kazakhtts-full-acoustic-gate-v1,6b4ada9ffd10b3c1cb1c30f6b1794b483e4ec31017333b7401cff31d414f5d14,fresh_suite_v1_kazakhtts_tacotron2_pwg:c8babdccfc5017cb48d1,kk,844c25d8efffe653d79c0e16ca27353414c2c142cdbad3f86d263eb0e8d7dc23,reviewer_1,pass,yes,yes,yes,no,
fresh-suite-stage-c-kazakhtts-full-acoustic-gate-v1,6b4ada9ffd10b3c1cb1c30f6b1794b483e4ec31017333b7401cff31d414f5d14,fresh_suite_v1_kazakhtts_tacotron2_pwg:32fb6ce4b3f8cbaecf8b,kk,0b9d3c96627cc06272126d0735f61c5223aa6553cf28f04009ae19a7504d5fff,reviewer_1,pass,yes,yes,yes,no,
fresh-suite-stage-c-kazakhtts-full-acoustic-gate-v1,6b4ada9ffd10b3c1cb1c30f6b1794b483e4ec31017333b7401cff31d414f5d14,fresh_suite_v1_kazakhtts_tacotron2_pwg:ca4115bce7b40576f99e,kk,612ec145a4bc6aa965f7f1cf814ad5f0340df3faf1ea9894ddceb7e5637df69f,reviewer_1,pass,yes,yes,yes,no,
fresh-suite-stage-c-kazakhtts-full-acoustic-gate-v1,6b4ada9ffd10b3c1cb1c30f6b1794b483e4ec31017333b7401cff31d414f5d14,fresh_suite_v1_kazakhtts_tacotron2_pwg:8f9b6be3c0fc2d2b70c7,kk,763e89834e4004e112a7d786d9f408c15596858ceb170387c1db5a2224b79153,reviewer_1,pass,yes,yes,yes,no,
fresh-suite-stage-c-kazakhtts-full-acoustic-gate-v1,6b4ada9ffd10b3c1cb1c30f6b1794b483e4ec31017333b7401cff31d414f5d14,fresh_suite_v1_kazakhtts_tacotron2_pwg:0ebb9ed4b49873e45aa9,kk,85ffceb93d74ba6a15ea1e7449e6e87641af216fc2630929914f3a733e7a8ca5,reviewer_1,pass,yes,yes,yes,no,
fresh-suite-stage-c-kazakhtts-full-acoustic-gate-v1,6b4ada9ffd10b3c1cb1c30f6b1794b483e4ec31017333b7401cff31d414f5d14,fresh_suite_v1_kazakhtts_tacotron2_pwg:6265aa77ee8578c0b84d,kk,a000893b63c87a3ca5bd84b29a0235b0b49c7193e68fae97555d469a004ad8b7,reviewer_1,pass,yes,yes,yes,no,
fresh-suite-stage-c-kazakhtts-full-acoustic-gate-v1,6b4ada9ffd10b3c1cb1c30f6b1794b483e4ec31017333b7401cff31d414f5d14,fresh_suite_v1_kazakhtts_tacotron2_pwg:1073cc16535b8350191a,kk,00d42e5a0b6adae6a7f7831775b5ba3e4c2f2af27b4ff94c40bc3ed72754494c,reviewer_1,pass,yes,yes,yes,no,
fresh-suite-stage-c-kazakhtts-full-acoustic-gate-v1,6b4ada9ffd10b3c1cb1c30f6b1794b483e4ec31017333b7401cff31d414f5d14,fresh_suite_v1_kazakhtts_tacotron2_pwg:fb18d281cbf400ea8ef8,kk,80b4981ed74d416e49a1280aa5116f9231c247df247d992868973dd9512d7d9f,reviewer_1,pass,yes,yes,yes,no,
fresh-suite-stage-c-kazakhtts-full-acoustic-gate-v1,6b4ada9ffd10b3c1cb1c30f6b1794b483e4ec31017333b7401cff31d414f5d14,fresh_suite_v1_kazakhtts_tacotron2_pwg:08bb1641e063dd45fc31,kk,52719c9119436a8118c0e07c8f5caec22a80c9c2ee0cc51e3fda6a13f828458f,reviewer_1,pass,yes,yes,yes,no,
fresh-suite-stage-c-kazakhtts-full-acoustic-gate-v1,6b4ada9ffd10b3c1cb1c30f6b1794b483e4ec31017333b7401cff31d414f5d14,fresh_suite_v1_kazakhtts_tacotron2_pwg:d090c4b0eb2d2472fbe4,kk,cbd6ba52699f52be415e3c3b662bc8483af96f2909ec5376a6f46d4ab0052a56,reviewer_1,pass,yes,yes,yes,no,
fresh-suite-stage-c-kazakhtts-full-acoustic-gate-v1,6b4ada9ffd10b3c1cb1c30f6b1794b483e4ec31017333b7401cff31d414f5d14,fresh_suite_v1_kazakhtts_tacotron2_pwg:95ca8c125184e6c55c32,kk,eaa3454d24ff66469c5ea2eb2cd341f27c871adfa8d944ca5fdd9e19b937a584,reviewer_1,pass,yes,yes,yes,no,
fresh-suite-stage-c-kazakhtts-full-acoustic-gate-v1,6b4ada9ffd10b3c1cb1c30f6b1794b483e4ec31017333b7401cff31d414f5d14,fresh_suite_v1_kazakhtts_tacotron2_pwg:83f8fd5b5883e91e6dfc,kk,1af9ae88023171bfa39bde731168fddd4b41b1c338cf5127dfc43a1e75481482,reviewer_1,pass,yes,yes,yes,no,
fresh-suite-stage-c-kazakhtts-full-acoustic-gate-v1,6b4ada9ffd10b3c1cb1c30f6b1794b483e4ec31017333b7401cff31d414f5d14,fresh_suite_v1_kazakhtts_tacotron2_pwg:8da467b1a2f4db2cf516,kk,c53bb0c42642b2bef4d0e39fac0d64d5cbd3400d3233619d43e69e9c0090cfc0,reviewer_1,pass,yes,yes,yes,no,
fresh-suite-stage-c-kazakhtts-full-acoustic-gate-v1,6b4ada9ffd10b3c1cb1c30f6b1794b483e4ec31017333b7401cff31d414f5d14,fresh_suite_v1_kazakhtts_tacotron2_pwg:cab13ad9db9aa34fffb0,kk,28889d5065d8901d1a463e2fe0bd4e2398363a94276d62249032336cd84401a5,reviewer_1,pass,yes,yes,yes,no,
fresh-suite-stage-c-kazakhtts-full-acoustic-gate-v1,6b4ada9ffd10b3c1cb1c30f6b1794b483e4ec31017333b7401cff31d414f5d14,fresh_suite_v1_kazakhtts_tacotron2_pwg:5d8fbd4d48e2ae817f33,kk,ab0ead0f8bd29eb4ffa5557eb068b2615fb2ab004bcf020845a07175e1606be6,reviewer_1,pass,yes,yes,yes,no,
fresh-suite-stage-c-kazakhtts-full-acoustic-gate-v1,6b4ada9ffd10b3c1cb1c30f6b1794b483e4ec31017333b7401cff31d414f5d14,fresh_suite_v1_kazakhtts_tacotron2_pwg:d4bcbbea352927936464,kk,077500172b0b80691a551753ec70ba117c47e4d07f95a661bd64ca0a93a4196b,reviewer_1,pass,yes,yes,yes,no,
fresh-suite-stage-c-kazakhtts-full-acoustic-gate-v1,6b4ada9ffd10b3c1cb1c30f6b1794b483e4ec31017333b7401cff31d414f5d14,fresh_suite_v1_kazakhtts_tacotron2_pwg:2b195d780ea0a5a252cf,kk,ce1e0dcaf5b7e5c59047f6967a5c95d2159f776c0d06a70690014360efd7d6cb,reviewer_1,pass,yes,yes,yes,no,
fresh-suite-stage-c-kazakhtts-full-acoustic-gate-v1,6b4ada9ffd10b3c1cb1c30f6b1794b483e4ec31017333b7401cff31d414f5d14,fresh_suite_v1_kazakhtts_tacotron2_pwg:b5ff9d326cba0d68728f,kk,8b9230830d3d9cfe2c35a1b5ef63bc6f3774be678ec86ec64407fc7eea4580dd,reviewer_1,pass,yes,yes,yes,no,
fresh-suite-stage-c-kazakhtts-full-acoustic-gate-v1,6b4ada9ffd10b3c1cb1c30f6b1794b483e4ec31017333b7401cff31d414f5d14,fresh_suite_v1_kazakhtts_tacotron2_pwg:f5f0913b9c810286fc40,kk,46386cf756ed50e3357d726b89eda8e7223b7ed921f7a03cf73350d72adf3a10,reviewer_1,pass,yes,yes,yes,no,
fresh-suite-stage-c-kazakhtts-full-acoustic-gate-v1,6b4ada9ffd10b3c1cb1c30f6b1794b483e4ec31017333b7401cff31d414f5d14,fresh_suite_v1_kazakhtts_tacotron2_pwg:24b2ae123489ef7b14f0,kk,38764a56df1553e299859ecedc99cd68b87dadc865f0c64dbba0df4b646fcdc5,reviewer_1,pass,yes,yes,yes,no,
fresh-suite-stage-c-kazakhtts-full-acoustic-gate-v1,6b4ada9ffd10b3c1cb1c30f6b1794b483e4ec31017333b7401cff31d414f5d14,fresh_suite_v1_kazakhtts_tacotron2_pwg:a4577747afdd48177337,kk,ecb00aeee61208fb8c403342fbfc4aecc5006ab98513144737f03977463edaee,reviewer_1,pass,yes,yes,yes,no,
fresh-suite-stage-c-kazakhtts-full-acoustic-gate-v1,6b4ada9ffd10b3c1cb1c30f6b1794b483e4ec31017333b7401cff31d414f5d14,fresh_suite_v1_kazakhtts_tacotron2_pwg:fcd3889c5e73077f698e,kk,3313c07a966649f9f5ed3f7ef6d67b9e62634fb62556a4f3313da8d009be925e,reviewer_1,pass,yes,yes,yes,no,
fresh-suite-stage-c-kazakhtts-full-acoustic-gate-v1,6b4ada9ffd10b3c1cb1c30f6b1794b483e4ec31017333b7401cff31d414f5d14,fresh_suite_v1_kazakhtts_tacotron2_pwg:0c603e7d0c92154199ba,kk,474f24be1f681c448fb4a261bc6a9a422b09c66fe4b2cd970ca41721cda75008,reviewer_1,pass,yes,yes,yes,no,
fresh-suite-stage-c-kazakhtts-full-acoustic-gate-v1,6b4ada9ffd10b3c1cb1c30f6b1794b483e4ec31017333b7401cff31d414f5d14,fresh_suite_v1_kazakhtts_tacotron2_pwg:3c9df75f3453c9894bb1,kk,1597cce14b327667a4f5af61f41e89ade92a4b5d8be178743b606d06fb068a37,reviewer_1,pass,yes,yes,yes,no,
fresh-suite-stage-c-kazakhtts-full-acoustic-gate-v1,6b4ada9ffd10b3c1cb1c30f6b1794b483e4ec31017333b7401cff31d414f5d14,fresh_suite_v1_kazakhtts_tacotron2_pwg:74cd927af6ded07db25d,kk,73dd668b1a6166231fcef5524be82e73923c5ade66e4efb39634c9d4f8ae0d08,reviewer_1,pass,yes,yes,yes,no,
fresh-suite-stage-c-kazakhtts-full-acoustic-gate-v1,6b4ada9ffd10b3c1cb1c30f6b1794b483e4ec31017333b7401cff31d414f5d14,fresh_suite_v1_kazakhtts_tacotron2_pwg:d4658e15092519bbb135,kk,2336676ac44d6383a60e8b3207818f39bbbec7e1c040c473e4e0b05fa3066b60,reviewer_1,pass,yes,yes,yes,no,
fresh-suite-stage-c-kazakhtts-full-acoustic-gate-v1,6b4ada9ffd10b3c1cb1c30f6b1794b483e4ec31017333b7401cff31d414f5d14,fresh_suite_v1_kazakhtts_tacotron2_pwg:41890d0c84830f5b6c5b,kk,3e1eaf10847c69fcdf6076910d1f1b2337f132d38c0e2a461afc2888ee0bef0c,reviewer_1,pass,yes,yes,yes,no,
fresh-suite-stage-c-kazakhtts-full-acoustic-gate-v1,6b4ada9ffd10b3c1cb1c30f6b1794b483e4ec31017333b7401cff31d414f5d14,fresh_suite_v1_kazakhtts_tacotron2_pwg:9f6a8a7c432dec6a8865,mixed,bb3f556075e7e7523ed98ac8380a63a584e8fc517209bbcc2c0743cddada6c5b,reviewer_1,pass,yes,yes,yes,no,
fresh-suite-stage-c-kazakhtts-full-acoustic-gate-v1,6b4ada9ffd10b3c1cb1c30f6b1794b483e4ec31017333b7401cff31d414f5d14,fresh_suite_v1_kazakhtts_tacotron2_pwg:ebebfbf21fda4ea2f033,mixed,15b63c601c8b54ecb9bea0b8ba85e20914f15a491b843c01f988e8478a7bc74a,reviewer_1,pass,yes,yes,yes,no,
fresh-suite-stage-c-kazakhtts-full-acoustic-gate-v1,6b4ada9ffd10b3c1cb1c30f6b1794b483e4ec31017333b7401cff31d414f5d14,fresh_suite_v1_kazakhtts_tacotron2_pwg:9ab028029dc5f2ff0b1c,mixed,79f2fdbd863c75830403a23f2f182614c438c54356886799ae42e3b3f2d1deaa,reviewer_1,pass,yes,yes,yes,no,
fresh-suite-stage-c-kazakhtts-full-acoustic-gate-v1,6b4ada9ffd10b3c1cb1c30f6b1794b483e4ec31017333b7401cff31d414f5d14,fresh_suite_v1_kazakhtts_tacotron2_pwg:8380ca2d19f7a6a03eaf,mixed,3b8f96ba73bd2c7dd5fa9617acf839fd07da036e82e03226e9b48e6a324394c6,reviewer_1,pass,yes,yes,yes,no,
fresh-suite-stage-c-kazakhtts-full-acoustic-gate-v1,6b4ada9ffd10b3c1cb1c30f6b1794b483e4ec31017333b7401cff31d414f5d14,fresh_suite_v1_kazakhtts_tacotron2_pwg:07f0dff9d8b2e2a61835,mixed,f9198c98ef27e2ec5b79b7eda04ab8cc54680a8285f3a369c2c19f0a67a3f6e1,reviewer_1,pass,yes,yes,yes,no,
fresh-suite-stage-c-kazakhtts-full-acoustic-gate-v1,6b4ada9ffd10b3c1cb1c30f6b1794b483e4ec31017333b7401cff31d414f5d14,fresh_suite_v1_kazakhtts_tacotron2_pwg:29a6acda22ab1d1ff783,mixed,b6622b8380e37d969d366fbe59591607d7f574180855b0472d6da8c677cc9166,reviewer_1,pass,yes,yes,yes,no,
fresh-suite-stage-c-kazakhtts-full-acoustic-gate-v1,6b4ada9ffd10b3c1cb1c30f6b1794b483e4ec31017333b7401cff31d414f5d14,fresh_suite_v1_kazakhtts_tacotron2_pwg:80da0ab7ebb97bbf1da3,mixed,1fd0040db9a76f89be36bc47f70980faffdc2ba847e94573ce5cad9a0d7968ab,reviewer_1,pass,yes,yes,yes,no,
fresh-suite-stage-c-kazakhtts-full-acoustic-gate-v1,6b4ada9ffd10b3c1cb1c30f6b1794b483e4ec31017333b7401cff31d414f5d14,fresh_suite_v1_kazakhtts_tacotron2_pwg:e1edefaf2c225e04d3b2,mixed,f2ac90bae040b9feabbcbee616478dc167314e81c3d84f5323de9310b2c065e0,reviewer_1,pass,yes,yes,yes,no,
fresh-suite-stage-c-kazakhtts-full-acoustic-gate-v1,6b4ada9ffd10b3c1cb1c30f6b1794b483e4ec31017333b7401cff31d414f5d14,fresh_suite_v1_kazakhtts_tacotron2_pwg:0645ba2d63b6e13139a1,mixed,7fbb9d44009e3298c230002cb6dcb08a7e2c58c4d5ca4178c9de6ae04fd40bf6,reviewer_1,pass,yes,yes,yes,no,
fresh-suite-stage-c-kazakhtts-full-acoustic-gate-v1,6b4ada9ffd10b3c1cb1c30f6b1794b483e4ec31017333b7401cff31d414f5d14,fresh_suite_v1_kazakhtts_tacotron2_pwg:6e1f31aaa9a7fcf96c87,mixed,8e4d3240fb884cb34b961a3cec608f250478394ecd00c51e4050165d8b370bfa,reviewer_1,pass,yes,yes,yes,no,
fresh-suite-stage-c-kazakhtts-full-acoustic-gate-v1,6b4ada9ffd10b3c1cb1c30f6b1794b483e4ec31017333b7401cff31d414f5d14,fresh_suite_v1_kazakhtts_tacotron2_pwg:81b1f01bbb374ff96c73,mixed,90aa05c0ec4cdf4e575e0822a02c505dc6caef47c30f913fa11417ae83d5ed19,reviewer_1,pass,yes,yes,yes,no,
fresh-suite-stage-c-kazakhtts-full-acoustic-gate-v1,6b4ada9ffd10b3c1cb1c30f6b1794b483e4ec31017333b7401cff31d414f5d14,fresh_suite_v1_kazakhtts_tacotron2_pwg:ae9c7ade43a078d4ad9f,mixed,162178765537125164348ed41ae812f8c25c4cc8f32fdd2d7c55a04badecd5fe,reviewer_1,pass,yes,yes,yes,no,
fresh-suite-stage-c-kazakhtts-full-acoustic-gate-v1,6b4ada9ffd10b3c1cb1c30f6b1794b483e4ec31017333b7401cff31d414f5d14,fresh_suite_v1_kazakhtts_tacotron2_pwg:c2262328df3d2888875f,mixed,e964f009db073e807a7ba4cda88a40d4292a560a167625ee73418fa503b0806b,reviewer_1,pass,yes,yes,yes,no,
fresh-suite-stage-c-kazakhtts-full-acoustic-gate-v1,6b4ada9ffd10b3c1cb1c30f6b1794b483e4ec31017333b7401cff31d414f5d14,fresh_suite_v1_kazakhtts_tacotron2_pwg:5ff7372b6166355fba8e,mixed,89c5e85a5c920ba0dbf2dbf72f4cfe0d4272b0bd3b525a4b5d17fa7168d0b386,reviewer_1,pass,yes,yes,yes,no,
fresh-suite-stage-c-kazakhtts-full-acoustic-gate-v1,6b4ada9ffd10b3c1cb1c30f6b1794b483e4ec31017333b7401cff31d414f5d14,fresh_suite_v1_kazakhtts_tacotron2_pwg:4e39396293747437d8f0,mixed,0f40b6237c99078acd6e3cbd2c553ea69763e18fb8bbde29f3a90604fb96b05f,reviewer_1,pass,yes,yes,yes,no,
fresh-suite-stage-c-kazakhtts-full-acoustic-gate-v1,6b4ada9ffd10b3c1cb1c30f6b1794b483e4ec31017333b7401cff31d414f5d14,fresh_suite_v1_kazakhtts_tacotron2_pwg:cff7fd930b514d683399,mixed,ad6e7342d91d5198b2d0ffc30a10bcddfb9ce29a715d8b8d3c5419c413fcf66e,reviewer_1,pass,yes,yes,yes,no,
fresh-suite-stage-c-kazakhtts-full-acoustic-gate-v1,6b4ada9ffd10b3c1cb1c30f6b1794b483e4ec31017333b7401cff31d414f5d14,fresh_suite_v1_kazakhtts_tacotron2_pwg:540a5d77106010439f98,mixed,03a9f73a0701cd5a094cc4d6bd01f1a29b52fddc503b46b1e963523762cd3aa2,reviewer_1,pass,yes,yes,yes,no,
fresh-suite-stage-c-kazakhtts-full-acoustic-gate-v1,6b4ada9ffd10b3c1cb1c30f6b1794b483e4ec31017333b7401cff31d414f5d14,fresh_suite_v1_kazakhtts_tacotron2_pwg:44a046b57022ebcaa459,mixed,a3018b18d72f64abfb7663ecd86935c8bf049382a1d5c392bfc7b433260e17cc,reviewer_1,pass,yes,yes,yes,no,
fresh-suite-stage-c-kazakhtts-full-acoustic-gate-v1,6b4ada9ffd10b3c1cb1c30f6b1794b483e4ec31017333b7401cff31d414f5d14,fresh_suite_v1_kazakhtts_tacotron2_pwg:cf92db539187bdcefeeb,mixed,3962d24e4acbc8395571335bdb47bb32b963efa103b0f74f9bb2318d2620cf2a,reviewer_1,pass,yes,yes,yes,no,
fresh-suite-stage-c-kazakhtts-full-acoustic-gate-v1,6b4ada9ffd10b3c1cb1c30f6b1794b483e4ec31017333b7401cff31d414f5d14,fresh_suite_v1_kazakhtts_tacotron2_pwg:3e3464ea58866bf333d2,mixed,94d1a3250efd9821acdadd4e95ca9d32639705f6ac8650bbb9dec983ef69bd6a,reviewer_1,pass,yes,yes,yes,no,
fresh-suite-stage-c-kazakhtts-full-acoustic-gate-v1,6b4ada9ffd10b3c1cb1c30f6b1794b483e4ec31017333b7401cff31d414f5d14,fresh_suite_v1_kazakhtts_tacotron2_pwg:61800f64dbb98412f1d0,mixed,83c2c415ef740e68d599fce0f94f98bac5f8a0ec5aae1653dc07fc80c641fa25,reviewer_1,pass,yes,yes,yes,no,
fresh-suite-stage-c-kazakhtts-full-acoustic-gate-v1,6b4ada9ffd10b3c1cb1c30f6b1794b483e4ec31017333b7401cff31d414f5d14,fresh_suite_v1_kazakhtts_tacotron2_pwg:27dc2cc8fbbc7583ff4f,mixed,2246b835187e96d71f5938e04d38cc8c31d633d903d954e3dcefa78053a2906b,reviewer_1,pass,yes,yes,yes,no,
fresh-suite-stage-c-kazakhtts-full-acoustic-gate-v1,6b4ada9ffd10b3c1cb1c30f6b1794b483e4ec31017333b7401cff31d414f5d14,fresh_suite_v1_kazakhtts_tacotron2_pwg:b1871dcc1d365298cf0b,mixed,79a48b0add74f22a27333abd7e0ea0ddb8f489db5b4ec20edfa9f6dec79b032c,reviewer_1,pass,yes,yes,yes,no,
fresh-suite-stage-c-kazakhtts-full-acoustic-gate-v1,6b4ada9ffd10b3c1cb1c30f6b1794b483e4ec31017333b7401cff31d414f5d14,fresh_suite_v1_kazakhtts_tacotron2_pwg:aaa80b480a20ffaf36e9,mixed,bf8bb6c2b788bccb8350118bbcfb84dc37b8c76b9120b3fab0706bcd3d70eed5,reviewer_1,pass,yes,yes,yes,no,
fresh-suite-stage-c-kazakhtts-full-acoustic-gate-v1,6b4ada9ffd10b3c1cb1c30f6b1794b483e4ec31017333b7401cff31d414f5d14,fresh_suite_v1_kazakhtts_tacotron2_pwg:f8de7d10863b29668a65,mixed,523d7bf0c81aa09ab612d78ce05629f48c32e44dafa1ebf2f741eb212041f38e,reviewer_1,pass,yes,yes,yes,no,
fresh-suite-stage-c-kazakhtts-full-acoustic-gate-v1,6b4ada9ffd10b3c1cb1c30f6b1794b483e4ec31017333b7401cff31d414f5d14,fresh_suite_v1_kazakhtts_tacotron2_pwg:cf9cdcfba2c2577b8bcd,mixed,c352630b65d1f1da0479adf68c099d6373c3c124a2f7df92ec024ee98b7c903d,reviewer_1,pass,yes,yes,yes,no,
fresh-suite-stage-c-kazakhtts-full-acoustic-gate-v1,6b4ada9ffd10b3c1cb1c30f6b1794b483e4ec31017333b7401cff31d414f5d14,fresh_suite_v1_kazakhtts_tacotron2_pwg:c7cd57b8c51566f86955,mixed,c5a7c6a1c0b74c2c3c289c4029eef4336a163d96e2dea44bd170e2a248bc2fb2,reviewer_1,pass,yes,yes,yes,no,
fresh-suite-stage-c-kazakhtts-full-acoustic-gate-v1,6b4ada9ffd10b3c1cb1c30f6b1794b483e4ec31017333b7401cff31d414f5d14,fresh_suite_v1_kazakhtts_tacotron2_pwg:80eebc8b80fbe38e5070,mixed,be1ee6e06c6af708b85b39bff07a25cafc6b29752aaabdb4cf765a079a584f56,reviewer_1,pass,yes,yes,yes,no,
fresh-suite-stage-c-kazakhtts-full-acoustic-gate-v1,6b4ada9ffd10b3c1cb1c30f6b1794b483e4ec31017333b7401cff31d414f5d14,fresh_suite_v1_kazakhtts_tacotron2_pwg:731fa29a4194982fbd69,mixed,b3d2c817cf77919ffdfdad81f9d8bd10e0ba233d978038af67577162576a8063,reviewer_1,pass,yes,yes,yes,no,
fresh-suite-stage-c-kazakhtts-full-acoustic-gate-v1,6b4ada9ffd10b3c1cb1c30f6b1794b483e4ec31017333b7401cff31d414f5d14,fresh_suite_v1_kazakhtts_tacotron2_pwg:bac7a372af61b6fee31c,mixed,c381e15cbe0a64eb5c9326b447055197273c0946e903e9b7960c3672149a1d31,reviewer_1,pass,yes,yes,yes,no,
fresh-suite-stage-c-kazakhtts-full-acoustic-gate-v1,6b4ada9ffd10b3c1cb1c30f6b1794b483e4ec31017333b7401cff31d414f5d14,fresh_suite_v1_kazakhtts_tacotron2_pwg:207ff9613d2af6aa3f0d,mixed,f60794175f2d1a9e75f541b0937d082232c6993287655069bdda2f7ff1f5d16c,reviewer_1,pass,yes,yes,yes,no,
fresh-suite-stage-c-kazakhtts-full-acoustic-gate-v1,6b4ada9ffd10b3c1cb1c30f6b1794b483e4ec31017333b7401cff31d414f5d14,fresh_suite_v1_kazakhtts_tacotron2_pwg:3f81125ec8170f5c7dcf,mixed,944f9186aba4fe86a1379aacbc4fccea3fa9ac2ee3bc51774e907117cf96c973,reviewer_1,pass,yes,yes,yes,no,
fresh-suite-stage-c-kazakhtts-full-acoustic-gate-v1,6b4ada9ffd10b3c1cb1c30f6b1794b483e4ec31017333b7401cff31d414f5d14,fresh_suite_v1_kazakhtts_tacotron2_pwg:9c7d70c3bbe3474d7c48,mixed,dd395f5f22554e74d3729994c1ecb142336558825a96363cdfa44388ebf85183,reviewer_1,pass,yes,yes,yes,no,
fresh-suite-stage-c-kazakhtts-full-acoustic-gate-v1,6b4ada9ffd10b3c1cb1c30f6b1794b483e4ec31017333b7401cff31d414f5d14,fresh_suite_v1_kazakhtts_tacotron2_pwg:8798b4e16ef16690be56,mixed,00157b3ce08439f7d1acb7e6c6d5841f8af69286fabafedf6d53e2a79e928696,reviewer_1,pass,yes,yes,yes,no,
fresh-suite-stage-c-kazakhtts-full-acoustic-gate-v1,6b4ada9ffd10b3c1cb1c30f6b1794b483e4ec31017333b7401cff31d414f5d14,fresh_suite_v1_kazakhtts_tacotron2_pwg:9298a16e3c77fa90dedc,mixed,7786bbadf1ea1256a11e6bbd285e72e958ce1fcd4b07675ab84c0435f89612f2,reviewer_1,pass,yes,yes,yes,no,
fresh-suite-stage-c-kazakhtts-full-acoustic-gate-v1,6b4ada9ffd10b3c1cb1c30f6b1794b483e4ec31017333b7401cff31d414f5d14,fresh_suite_v1_kazakhtts_tacotron2_pwg:a9f0bbe39d71a67cbe3f,mixed,89a44c61ea64949c567b6877a67062234f10ee01ec8133ee9ead32ea0c47c50c,reviewer_1,pass,yes,yes,yes,no,
fresh-suite-stage-c-kazakhtts-full-acoustic-gate-v1,6b4ada9ffd10b3c1cb1c30f6b1794b483e4ec31017333b7401cff31d414f5d14,fresh_suite_v1_kazakhtts_tacotron2_pwg:4769bd5e71a16ed8aee5,mixed,3577d560e23926441653cd0f2bfd4424aa161ec8ac440370567d3b7436850e31,reviewer_1,pass,yes,yes,yes,no,
fresh-suite-stage-c-kazakhtts-full-acoustic-gate-v1,6b4ada9ffd10b3c1cb1c30f6b1794b483e4ec31017333b7401cff31d414f5d14,fresh_suite_v1_kazakhtts_tacotron2_pwg:4f094ba04266fc393dc4,mixed,7c0089979e50f79778d69fa59b3d03b25219a49d39881cdb3750f00a074ff99e,reviewer_1,pass,yes,yes,yes,no,
fresh-suite-stage-c-kazakhtts-full-acoustic-gate-v1,6b4ada9ffd10b3c1cb1c30f6b1794b483e4ec31017333b7401cff31d414f5d14,fresh_suite_v1_kazakhtts_tacotron2_pwg:e50175fdfb87d2c958de,mixed,2a63940563d1db90192fa11187a6fca390d33fff4b5e74028760f9a3f93f1a8c,reviewer_1,pass,yes,yes,yes,no,
fresh-suite-stage-c-kazakhtts-full-acoustic-gate-v1,6b4ada9ffd10b3c1cb1c30f6b1794b483e4ec31017333b7401cff31d414f5d14,fresh_suite_v1_kazakhtts_tacotron2_pwg:3b1b1bafddce9b50f827,mixed,69d4572fff14130fe0bcdf23a98c1aa5859fccb57f6f49528d167739cf199ce0,reviewer_1,pass,yes,yes,yes,no,
fresh-suite-stage-c-kazakhtts-full-acoustic-gate-v1,6b4ada9ffd10b3c1cb1c30f6b1794b483e4ec31017333b7401cff31d414f5d14,fresh_suite_v1_kazakhtts_tacotron2_pwg:151f7563801e94e7fd31,mixed,ad6fc4db9ee418ca491100109166613d6eb2c79136de2a116764e267ccb32281,reviewer_1,pass,yes,yes,yes,no,
fresh-suite-stage-c-kazakhtts-full-acoustic-gate-v1,6b4ada9ffd10b3c1cb1c30f6b1794b483e4ec31017333b7401cff31d414f5d14,fresh_suite_v1_kazakhtts_tacotron2_pwg:0fcff36cb125ce966c2b,mixed,ce06587df5ffb131b8293583506cf9fa1952ec7543ea0c4b503ec48ad7df91e0,reviewer_1,pass,yes,yes,yes,no,
fresh-suite-stage-c-kazakhtts-full-acoustic-gate-v1,6b4ada9ffd10b3c1cb1c30f6b1794b483e4ec31017333b7401cff31d414f5d14,fresh_suite_v1_kazakhtts_tacotron2_pwg:4d7a402bbbd13832a2b0,mixed,98b80f71c35521a5456af5fe8453fa29a11c20e59285183731af3c685d2a5533,reviewer_1,pass,yes,yes,yes,no,
fresh-suite-stage-c-kazakhtts-full-acoustic-gate-v1,6b4ada9ffd10b3c1cb1c30f6b1794b483e4ec31017333b7401cff31d414f5d14,fresh_suite_v1_kazakhtts_tacotron2_pwg:0e73272e341cd9b5d5dd,mixed,65e37ba7d1c1926b09a7998f54300f56ad2715439f4d094a0033191f3f135c14,reviewer_1,pass,yes,yes,yes,no,
fresh-suite-stage-c-kazakhtts-full-acoustic-gate-v1,6b4ada9ffd10b3c1cb1c30f6b1794b483e4ec31017333b7401cff31d414f5d14,fresh_suite_v1_kazakhtts_tacotron2_pwg:1c4a121f39b22357cf65,mixed,3da4907566ff41891535c19aec0722c07363cb3ec62602b936f8e44ea1144865,reviewer_1,pass,yes,yes,yes,no,
fresh-suite-stage-c-kazakhtts-full-acoustic-gate-v1,6b4ada9ffd10b3c1cb1c30f6b1794b483e4ec31017333b7401cff31d414f5d14,fresh_suite_v1_kazakhtts_tacotron2_pwg:18626faae957ffe503d0,mixed,a1b68b8a759f7be193a3c6ee97d90d46fd9947d254bab9bbb40c9112f52affaa,reviewer_1,pass,yes,yes,yes,no,
fresh-suite-stage-c-kazakhtts-full-acoustic-gate-v1,6b4ada9ffd10b3c1cb1c30f6b1794b483e4ec31017333b7401cff31d414f5d14,fresh_suite_v1_kazakhtts_tacotron2_pwg:971bd62f729332381438,mixed,c1f123fbd7dcd07fc61068779480e49713a34dc87367f6e100a75d90c3629bd7,reviewer_1,pass,yes,yes,yes,no,
fresh-suite-stage-c-kazakhtts-full-acoustic-gate-v1,6b4ada9ffd10b3c1cb1c30f6b1794b483e4ec31017333b7401cff31d414f5d14,fresh_suite_v1_kazakhtts_tacotron2_pwg:12007838e055bd369611,mixed,a9a75428506c7807918c3d6e00796d25ac3ee017ba187b9a66b420c797c8d219,reviewer_1,pass,yes,yes,yes,no,
fresh-suite-stage-c-kazakhtts-full-acoustic-gate-v1,6b4ada9ffd10b3c1cb1c30f6b1794b483e4ec31017333b7401cff31d414f5d14,fresh_suite_v1_kazakhtts_tacotron2_pwg:0f3b078fe5039fdd4a37,mixed,ca5acea51e3bf3a618012a68c610791643f2174d18ec8a28d5e811b1fb64069d,reviewer_1,pass,yes,yes,yes,no,
fresh-suite-stage-c-kazakhtts-full-acoustic-gate-v1,6b4ada9ffd10b3c1cb1c30f6b1794b483e4ec31017333b7401cff31d414f5d14,fresh_suite_v1_kazakhtts_tacotron2_pwg:fe24fd18ea149d47d2f7,mixed,588672d770505c09fffd73970d929a60a5b6a21e5ba023e9c43405178a741b35,reviewer_1,pass,yes,yes,yes,no,
fresh-suite-stage-c-kazakhtts-full-acoustic-gate-v1,6b4ada9ffd10b3c1cb1c30f6b1794b483e4ec31017333b7401cff31d414f5d14,fresh_suite_v1_kazakhtts_tacotron2_pwg:4b29a453092f26188d9e,mixed,0a79184e90e7b66794d864caddd8a95d868539c67cc50c0912af28486f97d8d3,reviewer_1,pass,yes,yes,yes,no,
fresh-suite-stage-c-kazakhtts-full-acoustic-gate-v1,6b4ada9ffd10b3c1cb1c30f6b1794b483e4ec31017333b7401cff31d414f5d14,fresh_suite_v1_kazakhtts_tacotron2_pwg:f142decdb5423f42b38c,mixed,8eedb99ad2be73ab6aa0f9e7c0c3195c6471c9e31149a4860a54bdff12ef3d1a,reviewer_1,pass,yes,yes,yes,no,
fresh-suite-stage-c-kazakhtts-full-acoustic-gate-v1,6b4ada9ffd10b3c1cb1c30f6b1794b483e4ec31017333b7401cff31d414f5d14,fresh_suite_v1_kazakhtts_tacotron2_pwg:5eea9b14794336357773,mixed,2ae520110d6faf89224ad8ba5ab2ac6a829ab767bb4e8a950302527759e0d62f,reviewer_1,pass,yes,yes,yes,no,
fresh-suite-stage-c-kazakhtts-full-acoustic-gate-v1,6b4ada9ffd10b3c1cb1c30f6b1794b483e4ec31017333b7401cff31d414f5d14,fresh_suite_v1_kazakhtts_tacotron2_pwg:9430feb9eeefc60d3524,mixed,618fb0e319282bb5fea79eaae469ddc34ca260a5ee4478277f17cf860e62be82,reviewer_1,pass,yes,yes,yes,no,
fresh-suite-stage-c-kazakhtts-full-acoustic-gate-v1,6b4ada9ffd10b3c1cb1c30f6b1794b483e4ec31017333b7401cff31d414f5d14,fresh_suite_v1_kazakhtts_tacotron2_pwg:22b1caab56d7cfe7c15f,mixed,7c60040ceb4529df3049d43cc577efb902830c19c291c933a8f20f8984ff52e0,reviewer_1,pass,yes,yes,yes,no,
fresh-suite-stage-c-kazakhtts-full-acoustic-gate-v1,6b4ada9ffd10b3c1cb1c30f6b1794b483e4ec31017333b7401cff31d414f5d14,fresh_suite_v1_kazakhtts_tacotron2_pwg:f47310ab1bf82d41e9dc,mixed,968307a470ec21b37458ce01c38ce3d0cd7c940cb8018a4fe10248770b148478,reviewer_1,pass,yes,yes,yes,no,
fresh-suite-stage-c-kazakhtts-full-acoustic-gate-v1,6b4ada9ffd10b3c1cb1c30f6b1794b483e4ec31017333b7401cff31d414f5d14,fresh_suite_v1_kazakhtts_tacotron2_pwg:3f88b00cb7121ee398ae,mixed,243b92137b5c8667f5a1de79385a1573ae0b40880ed2b578e3671cf2667837d6,reviewer_1,pass,yes,yes,yes,no,
fresh-suite-stage-c-kazakhtts-full-acoustic-gate-v1,6b4ada9ffd10b3c1cb1c30f6b1794b483e4ec31017333b7401cff31d414f5d14,fresh_suite_v1_kazakhtts_tacotron2_pwg:7b6c5638f0903f89941c,ru,e617c09e4833b4c2efbe513608376f56196f6242878feb4c8cc07f7f38df1aed,reviewer_1,pass,yes,yes,yes,no,
fresh-suite-stage-c-kazakhtts-full-acoustic-gate-v1,6b4ada9ffd10b3c1cb1c30f6b1794b483e4ec31017333b7401cff31d414f5d14,fresh_suite_v1_kazakhtts_tacotron2_pwg:0005d51cb145104b8b14,ru,73803ee8fa84488dab716826f7a870974aa10d004d9c8f8dc7cb057de852fbaa,reviewer_1,pass,yes,yes,yes,no,
fresh-suite-stage-c-kazakhtts-full-acoustic-gate-v1,6b4ada9ffd10b3c1cb1c30f6b1794b483e4ec31017333b7401cff31d414f5d14,fresh_suite_v1_kazakhtts_tacotron2_pwg:d9bf1a41f61bb56a7072,ru,7b72f953592a479438c9283cfe2861cdc6712af1de8eac3abd6d3bd58e5ad868,reviewer_1,pass,yes,yes,yes,no,
fresh-suite-stage-c-kazakhtts-full-acoustic-gate-v1,6b4ada9ffd10b3c1cb1c30f6b1794b483e4ec31017333b7401cff31d414f5d14,fresh_suite_v1_kazakhtts_tacotron2_pwg:120fa36fa7c36aa313d2,ru,bf9857f636aeaed419159052a10fed7f000fd6060da770da942dd1452285cfaa,reviewer_1,pass,yes,yes,yes,no,
fresh-suite-stage-c-kazakhtts-full-acoustic-gate-v1,6b4ada9ffd10b3c1cb1c30f6b1794b483e4ec31017333b7401cff31d414f5d14,fresh_suite_v1_kazakhtts_tacotron2_pwg:1b145729dc86cf91ba68,ru,bec8052d086d83fd24686af80ae095babd5bebba3c9f0b4de75102d56ba6f2cc,reviewer_1,pass,yes,yes,yes,no,
fresh-suite-stage-c-kazakhtts-full-acoustic-gate-v1,6b4ada9ffd10b3c1cb1c30f6b1794b483e4ec31017333b7401cff31d414f5d14,fresh_suite_v1_kazakhtts_tacotron2_pwg:b34bfe8937e3ce01b4e5,ru,70258b01aabd9f6d0b02ae9f651b508eff1a24df87854ce883e4224aab770d8f,reviewer_1,pass,yes,yes,yes,no,
fresh-suite-stage-c-kazakhtts-full-acoustic-gate-v1,6b4ada9ffd10b3c1cb1c30f6b1794b483e4ec31017333b7401cff31d414f5d14,fresh_suite_v1_kazakhtts_tacotron2_pwg:48c21332809b280ffd4b,ru,1111187ffaa4ff8893f66fe3ccf20ef44d25797d3fc43e342f2824ce68deea61,reviewer_1,pass,yes,yes,yes,no,
fresh-suite-stage-c-kazakhtts-full-acoustic-gate-v1,6b4ada9ffd10b3c1cb1c30f6b1794b483e4ec31017333b7401cff31d414f5d14,fresh_suite_v1_kazakhtts_tacotron2_pwg:19fef44b4ee297a0c1ea,ru,aa7b8aafb7a99195a7fccf4ee624b946eadba41a44e5275b7d16067f1c431988,reviewer_1,pass,yes,yes,yes,no,
fresh-suite-stage-c-kazakhtts-full-acoustic-gate-v1,6b4ada9ffd10b3c1cb1c30f6b1794b483e4ec31017333b7401cff31d414f5d14,fresh_suite_v1_kazakhtts_tacotron2_pwg:9e724631991e99f425d2,ru,4f6e7c38dd88a3274130820c9cc02d7d3674f10ebbce65f056a2936584af23ba,reviewer_1,pass,yes,yes,yes,no,
fresh-suite-stage-c-kazakhtts-full-acoustic-gate-v1,6b4ada9ffd10b3c1cb1c30f6b1794b483e4ec31017333b7401cff31d414f5d14,fresh_suite_v1_kazakhtts_tacotron2_pwg:c85c06cd5816c9d8c7fd,ru,cbcafab7164b9e367f576217b71113bdaf7538609b2447b0f2fda9e0092e56eb,reviewer_1,pass,yes,yes,yes,no,
fresh-suite-stage-c-kazakhtts-full-acoustic-gate-v1,6b4ada9ffd10b3c1cb1c30f6b1794b483e4ec31017333b7401cff31d414f5d14,fresh_suite_v1_kazakhtts_tacotron2_pwg:8f05f20fad6c132f82c4,ru,2ad4978d0c4e27316edfd2872ba6359ec7be7eaa4a7f54512fadc3f8ff96626f,reviewer_1,pass,yes,yes,yes,no,
fresh-suite-stage-c-kazakhtts-full-acoustic-gate-v1,6b4ada9ffd10b3c1cb1c30f6b1794b483e4ec31017333b7401cff31d414f5d14,fresh_suite_v1_kazakhtts_tacotron2_pwg:deb6ec5346b383ced0fe,ru,8e9030b828d58d175fca5149b9a280ecbc4a461abd45666a354432a8c26b2e21,reviewer_1,pass,yes,yes,yes,no,
fresh-suite-stage-c-kazakhtts-full-acoustic-gate-v1,6b4ada9ffd10b3c1cb1c30f6b1794b483e4ec31017333b7401cff31d414f5d14,fresh_suite_v1_kazakhtts_tacotron2_pwg:41c1afa8ac521a84f9ff,ru,5ec51beb5204d4f831cdf982311853bb11cf78cf376276dcd3fc6a6f6a7bc170,reviewer_1,pass,yes,yes,yes,no,
fresh-suite-stage-c-kazakhtts-full-acoustic-gate-v1,6b4ada9ffd10b3c1cb1c30f6b1794b483e4ec31017333b7401cff31d414f5d14,fresh_suite_v1_kazakhtts_tacotron2_pwg:00881bcf13e18e860bc1,ru,2b850c78f2c4ce613810c1f0292f868803da1f31fced878626056f8b8354867a,reviewer_1,pass,yes,yes,yes,no,
fresh-suite-stage-c-kazakhtts-full-acoustic-gate-v1,6b4ada9ffd10b3c1cb1c30f6b1794b483e4ec31017333b7401cff31d414f5d14,fresh_suite_v1_kazakhtts_tacotron2_pwg:28fc446c8a6b89061311,ru,ff44e2b8f336477862f84fa7fedd0a856333ee7405da44735e0bc2539fa95b43,reviewer_1,pass,yes,yes,yes,no,
fresh-suite-stage-c-kazakhtts-full-acoustic-gate-v1,6b4ada9ffd10b3c1cb1c30f6b1794b483e4ec31017333b7401cff31d414f5d14,fresh_suite_v1_kazakhtts_tacotron2_pwg:f72c63ec41d1f00087d3,ru,e12d3b9f41e53801c56cde3e2a8180139edc766aedca93017caec4e770c370da,reviewer_1,pass,yes,yes,yes,no,
fresh-suite-stage-c-kazakhtts-full-acoustic-gate-v1,6b4ada9ffd10b3c1cb1c30f6b1794b483e4ec31017333b7401cff31d414f5d14,fresh_suite_v1_kazakhtts_tacotron2_pwg:5eb868a50f2524498c3d,ru,4333e5ec0a3aa141a3e735b170c9abe60ba744a73f84d546dc86eb6cf271e2d6,reviewer_1,pass,yes,yes,yes,no,
fresh-suite-stage-c-kazakhtts-full-acoustic-gate-v1,6b4ada9ffd10b3c1cb1c30f6b1794b483e4ec31017333b7401cff31d414f5d14,fresh_suite_v1_kazakhtts_tacotron2_pwg:1678e7e1cc048103ad2a,ru,a5aa8aa839afc83417d13f9a7222ffa69bf59e655824f0cda579d8b983143603,reviewer_1,pass,yes,yes,yes,no,
fresh-suite-stage-c-kazakhtts-full-acoustic-gate-v1,6b4ada9ffd10b3c1cb1c30f6b1794b483e4ec31017333b7401cff31d414f5d14,fresh_suite_v1_kazakhtts_tacotron2_pwg:eef0ce3d7b7a7f6277bc,ru,ef43701ca1d133d53685b6ca36f753cd9c70d5d7d4b7aa8e39a70a914670df27,reviewer_1,pass,yes,yes,yes,no,
fresh-suite-stage-c-kazakhtts-full-acoustic-gate-v1,6b4ada9ffd10b3c1cb1c30f6b1794b483e4ec31017333b7401cff31d414f5d14,fresh_suite_v1_kazakhtts_tacotron2_pwg:b66975925a12ed1c455a,ru,b6600ebbdc9a86816fc4401e75e52cc73495f0302a4eb3a47c2cdac7d5d768ad,reviewer_1,pass,yes,yes,yes,no,
fresh-suite-stage-c-kazakhtts-full-acoustic-gate-v1,6b4ada9ffd10b3c1cb1c30f6b1794b483e4ec31017333b7401cff31d414f5d14,fresh_suite_v1_kazakhtts_tacotron2_pwg:19a53e9d083d5aefdab3,ru,308e18a2989b43cbb8ea8110ec33b84142796e60bd09cf7594f549b2960099cf,reviewer_1,pass,yes,yes,yes,no,
fresh-suite-stage-c-kazakhtts-full-acoustic-gate-v1,6b4ada9ffd10b3c1cb1c30f6b1794b483e4ec31017333b7401cff31d414f5d14,fresh_suite_v1_kazakhtts_tacotron2_pwg:8d049b48a2b024cabb0d,ru,3e769059319896ce47fe06277d93248262fce076e0494f452a2e024b1fc06efa,reviewer_1,pass,yes,yes,yes,no,
fresh-suite-stage-c-kazakhtts-full-acoustic-gate-v1,6b4ada9ffd10b3c1cb1c30f6b1794b483e4ec31017333b7401cff31d414f5d14,fresh_suite_v1_kazakhtts_tacotron2_pwg:1dee9ba2ef9978beb56a,ru,cf15cabc1296ba80a55ea70f01f85bb2f65c3c95551e4a2942f6d5231b966541,reviewer_1,pass,yes,yes,yes,no,
fresh-suite-stage-c-kazakhtts-full-acoustic-gate-v1,6b4ada9ffd10b3c1cb1c30f6b1794b483e4ec31017333b7401cff31d414f5d14,fresh_suite_v1_kazakhtts_tacotron2_pwg:13c998b80343f2a471ed,ru,afe91e1431cad81f57221c884dfa68043b45eb2db94ddcfef0202972e318556f,reviewer_1,pass,yes,yes,yes,no,
fresh-suite-stage-c-kazakhtts-full-acoustic-gate-v1,6b4ada9ffd10b3c1cb1c30f6b1794b483e4ec31017333b7401cff31d414f5d14,fresh_suite_v1_kazakhtts_tacotron2_pwg:78837853a2e809b83218,ru,486c8c59af994c68c20cd7f67713dff599b930b0dd3617886ad313781d410558,reviewer_1,pass,yes,yes,yes,no,
fresh-suite-stage-c-kazakhtts-full-acoustic-gate-v1,6b4ada9ffd10b3c1cb1c30f6b1794b483e4ec31017333b7401cff31d414f5d14,fresh_suite_v1_kazakhtts_tacotron2_pwg:468d6e081c4832e3b01f,ru,24401dd6104a9108ee3baa0bdc3b8f719020a5b191302885baf3990eb3d8a490,reviewer_1,pass,yes,yes,yes,no,
fresh-suite-stage-c-kazakhtts-full-acoustic-gate-v1,6b4ada9ffd10b3c1cb1c30f6b1794b483e4ec31017333b7401cff31d414f5d14,fresh_suite_v1_kazakhtts_tacotron2_pwg:91d67d2ac7ba5d79e53e,ru,049819269d54726e3da7ae7a948bf8991aef5a1d16d93457c18f85d0428563d6,reviewer_1,pass,yes,yes,yes,no,
fresh-suite-stage-c-kazakhtts-full-acoustic-gate-v1,6b4ada9ffd10b3c1cb1c30f6b1794b483e4ec31017333b7401cff31d414f5d14,fresh_suite_v1_kazakhtts_tacotron2_pwg:33d65f0b662643c08b98,ru,272e414fcff3543b319f7cd66d08b7063ff71201d3835c81f63531e5d3721088,reviewer_1,pass,yes,yes,yes,no,
fresh-suite-stage-c-kazakhtts-full-acoustic-gate-v1,6b4ada9ffd10b3c1cb1c30f6b1794b483e4ec31017333b7401cff31d414f5d14,fresh_suite_v1_kazakhtts_tacotron2_pwg:b740bfd1412cf7f018dd,ru,1a546a51b415c7a73e435056f39ade87fea69fe36dac35ad79876fd19e7ce91d,reviewer_1,pass,yes,yes,yes,no,
fresh-suite-stage-c-kazakhtts-full-acoustic-gate-v1,6b4ada9ffd10b3c1cb1c30f6b1794b483e4ec31017333b7401cff31d414f5d14,fresh_suite_v1_kazakhtts_tacotron2_pwg:4fccd72708f807066772,ru,71957cfed0e0e0d1c8af420b8a27261e6300999a280de551d4214a35ddbbdcf4,reviewer_1,pass,yes,yes,yes,no,
fresh-suite-stage-c-kazakhtts-full-acoustic-gate-v1,6b4ada9ffd10b3c1cb1c30f6b1794b483e4ec31017333b7401cff31d414f5d14,fresh_suite_v1_kazakhtts_tacotron2_pwg:66c9d9d249253bf1d878,ru,b8fe7e2f2535928e6d0cad532150b7ba8ae33bf976a74e8146dff9fb4edb3d07,reviewer_1,pass,yes,yes,yes,no,
fresh-suite-stage-c-kazakhtts-full-acoustic-gate-v1,6b4ada9ffd10b3c1cb1c30f6b1794b483e4ec31017333b7401cff31d414f5d14,fresh_suite_v1_kazakhtts_tacotron2_pwg:6cd9efb134a3e5bed3d2,ru,fe599e78b1052a2b7b60a816149350f44d82c68fb5cbed13369fdc948db8c682,reviewer_1,pass,yes,yes,yes,no,
fresh-suite-stage-c-kazakhtts-full-acoustic-gate-v1,6b4ada9ffd10b3c1cb1c30f6b1794b483e4ec31017333b7401cff31d414f5d14,fresh_suite_v1_kazakhtts_tacotron2_pwg:2b8451e8729d85ad376b,ru,506dfcbeadf85d69ea9317e824d13faba19c5af4ebd1decb58a75deafbff687b,reviewer_1,pass,yes,yes,yes,no,
fresh-suite-stage-c-kazakhtts-full-acoustic-gate-v1,6b4ada9ffd10b3c1cb1c30f6b1794b483e4ec31017333b7401cff31d414f5d14,fresh_suite_v1_kazakhtts_tacotron2_pwg:347148468a74a4a4bcf3,ru,16681359c98dc6cf850d61d68b30caf48bd33d9e1b57cef78f916e71071b629f,reviewer_1,pass,yes,yes,yes,no,
fresh-suite-stage-c-kazakhtts-full-acoustic-gate-v1,6b4ada9ffd10b3c1cb1c30f6b1794b483e4ec31017333b7401cff31d414f5d14,fresh_suite_v1_kazakhtts_tacotron2_pwg:4d003052980e0e091c84,ru,144a8b25d5b322c4cbb9ad8d677820c461edda66b45eacde8991264ce57a47b5,reviewer_1,pass,yes,yes,yes,no,
fresh-suite-stage-c-kazakhtts-full-acoustic-gate-v1,6b4ada9ffd10b3c1cb1c30f6b1794b483e4ec31017333b7401cff31d414f5d14,fresh_suite_v1_kazakhtts_tacotron2_pwg:4d9b24f6eb4fbceec86b,ru,5195d597bdefd9418006cbd10daacbb5a5fd83e31cba0ebff44e7ad0cab2db8f,reviewer_1,pass,yes,yes,yes,no,
fresh-suite-stage-c-kazakhtts-full-acoustic-gate-v1,6b4ada9ffd10b3c1cb1c30f6b1794b483e4ec31017333b7401cff31d414f5d14,fresh_suite_v1_kazakhtts_tacotron2_pwg:1bdcdc759cb22d6d0f13,ru,b3f6e367add91284d1afc7baa61589b1ee0ecf8e72f067505a70d97f0664ac12,reviewer_1,pass,yes,yes,yes,no,
fresh-suite-stage-c-kazakhtts-full-acoustic-gate-v1,6b4ada9ffd10b3c1cb1c30f6b1794b483e4ec31017333b7401cff31d414f5d14,fresh_suite_v1_kazakhtts_tacotron2_pwg:5e8d2181688498da6022,ru,d9787f9d96428ccdbdc4474535a92d5a6bef16c5cf4b7dfca3a7f6331f9b9ded,reviewer_1,pass,yes,yes,yes,no,
fresh-suite-stage-c-kazakhtts-full-acoustic-gate-v1,6b4ada9ffd10b3c1cb1c30f6b1794b483e4ec31017333b7401cff31d414f5d14,fresh_suite_v1_kazakhtts_tacotron2_pwg:9aad5dce946f9d64b909,ru,24030b8eb104ad37966ae50abbc90faec635d584060831248c62c322416cbf8e,reviewer_1,pass,yes,yes,yes,no,
fresh-suite-stage-c-kazakhtts-full-acoustic-gate-v1,6b4ada9ffd10b3c1cb1c30f6b1794b483e4ec31017333b7401cff31d414f5d14,fresh_suite_v1_kazakhtts_tacotron2_pwg:5437689b1feb4ca5be0f,ru,439c47a454d092277cd2dc14048e0621f3264d4760c534ca7a86c8d4a2b40d79,reviewer_1,pass,yes,yes,yes,no,
fresh-suite-stage-c-kazakhtts-full-acoustic-gate-v1,6b4ada9ffd10b3c1cb1c30f6b1794b483e4ec31017333b7401cff31d414f5d14,fresh_suite_v1_kazakhtts_tacotron2_pwg:cd87556cd39334e35cc4,ru,552e347364517325a8572ebf4237070fd748ea79bf6f8b599c1c581d3e40f915,reviewer_1,pass,yes,yes,yes,no,
fresh-suite-stage-c-kazakhtts-full-acoustic-gate-v1,6b4ada9ffd10b3c1cb1c30f6b1794b483e4ec31017333b7401cff31d414f5d14,fresh_suite_v1_kazakhtts_tacotron2_pwg:3f3bd0e8ff82b8bbd7ea,ru,41a4bbe480ece3702053cee350b3a8516cd7fd545fe8cd5ab352d1d6a101ba0d,reviewer_1,pass,yes,yes,yes,no,
fresh-suite-stage-c-kazakhtts-full-acoustic-gate-v1,6b4ada9ffd10b3c1cb1c30f6b1794b483e4ec31017333b7401cff31d414f5d14,fresh_suite_v1_kazakhtts_tacotron2_pwg:03de96e950549333cde7,ru,aeb74ecd1adfd188b473c764ab360b273e9029a6c4ef87ae1d9a1abbb97acff3,reviewer_1,pass,yes,yes,yes,no,
fresh-suite-stage-c-kazakhtts-full-acoustic-gate-v1,6b4ada9ffd10b3c1cb1c30f6b1794b483e4ec31017333b7401cff31d414f5d14,fresh_suite_v1_kazakhtts_tacotron2_pwg:0606de8145e1f1565abc,ru,b54604abae463309538bb41fb99c71f9ac8b6150c1235823287b9a1702ea7790,reviewer_1,pass,yes,yes,yes,no,
fresh-suite-stage-c-kazakhtts-full-acoustic-gate-v1,6b4ada9ffd10b3c1cb1c30f6b1794b483e4ec31017333b7401cff31d414f5d14,fresh_suite_v1_kazakhtts_tacotron2_pwg:36209e42c22ea5d25e1c,ru,081eb57a973efdde8cc637a1982e41f18b3dc650e5be2e9c252092d9518b1305,reviewer_1,pass,yes,yes,yes,no,
fresh-suite-stage-c-kazakhtts-full-acoustic-gate-v1,6b4ada9ffd10b3c1cb1c30f6b1794b483e4ec31017333b7401cff31d414f5d14,fresh_suite_v1_kazakhtts_tacotron2_pwg:9de2bcf6eed0d472d013,ru,fbbc684cb0460677df641105583d0bfcc03f24fa3326d2f8fcd04031532cb6c1,reviewer_1,pass,yes,yes,yes,no,
fresh-suite-stage-c-kazakhtts-full-acoustic-gate-v1,6b4ada9ffd10b3c1cb1c30f6b1794b483e4ec31017333b7401cff31d414f5d14,fresh_suite_v1_kazakhtts_tacotron2_pwg:d1f753cd95a1ab0d7d34,ru,be47215d0bf47214ef1a8e3cb1454c30ab96093095a63b1f5575ae5a6dfc8a6b,reviewer_1,pass,yes,yes,yes,no,
fresh-suite-stage-c-kazakhtts-full-acoustic-gate-v1,6b4ada9ffd10b3c1cb1c30f6b1794b483e4ec31017333b7401cff31d414f5d14,fresh_suite_v1_kazakhtts_tacotron2_pwg:b75b235774849a7332df,ru,75fc193ab109f6080c3490c926140ecb428ed850404d300f2d6eeaa297a04142,reviewer_1,pass,yes,yes,yes,no,
fresh-suite-stage-c-kazakhtts-full-acoustic-gate-v1,6b4ada9ffd10b3c1cb1c30f6b1794b483e4ec31017333b7401cff31d414f5d14,fresh_suite_v1_kazakhtts_tacotron2_pwg:98f38bfeb82f08f32ed8,ru,c0443206ee3b2bba8464342fcdae131f38bfc732b6154a253ec80ae5557ace3a,reviewer_1,pass,yes,yes,yes,no,
fresh-suite-stage-c-kazakhtts-full-acoustic-gate-v1,6b4ada9ffd10b3c1cb1c30f6b1794b483e4ec31017333b7401cff31d414f5d14,fresh_suite_v1_kazakhtts_tacotron2_pwg:a68c30a48f5122f9ddc2,ru,8b4aeeb20b8bda3791e35607bb27334f23052803eff01585d36cfe33c688c498,reviewer_1,pass,yes,yes,yes,no,
