protocol_id,text_hash,sample_id,relative_path,audio_sha256,input_transcript
tone-speak-ru-acoustic-language-preservation-v1,9e5b6c4dc1dbb4bff1fd52ffca6e722a0a85287040ad00f53537ef4a92717f37,tone_speak_ru_v1:00013_coral,processed/c3/c3f003e66986eb50843422bcea4379857507533c710d626a44096e26608c1c12.wav,7580f3600fe9228b75764b3429abb51a17208bd6e11ef6faa3652a9b8a59d3ac,"Сегодня вечер обещает быть тихим и спокойным, идеальным для того, чтобы расслабиться с хорошей книгой в уютном кресле у камина."
tone-speak-ru-acoustic-language-preservation-v1,a6cc36dae04204a2a6743ca886bead356d0b5070c79d329d2fd1e0bae1d9bb7d,tone_speak_ru_v1:00063_alloy,processed/fb/fb3075177c5906f5fc83f1dd0d8f3e1b24e2d4ac76219c324446091c163ff615.wav,a88258e3e50f80e177bc745540362ea7ba95cd65aeaefe63139a7fdb7daa7ad2,"В тишине утреннего леса первые лучи солнца пробиваются сквозь листву, создавая удивительную игру света и тени на покрытой мхом земле, где каждое движение ветра кажется наполненным особой загадочностью."
tone-speak-ru-acoustic-language-preservation-v1,094ea65a4e36dcd57d6a99ad73afb15a08be075234863d37ccb43d4088bd8ea5,tone_speak_ru_v1:00070_echo,processed/b4/b45d42447398394e67b6129b1f16ffe1cd321c3b307dd0f6a42b64c6e83e2135.wav,b6017d3c90f44cdd3b178daf7d5e8b48b9183ed15a6f848c42837134f0b7b5cd,"Сегодня утром я прогулялся по парку, наслаждаясь теплым солнечным светом и свежим воздухом, который наполнял мою лёгкие ощущением свободы и спокойствия."
tone-speak-ru-acoustic-language-preservation-v1,c05cf967530fb0ea4ef396304133bd836eb48b513539913eb94cbff4a19decb3,tone_speak_ru_v1:00074_ash,processed/8c/8c46129882be03a2229eea615e72b04ed67c9352ad1c5be40560ff67040356ca.wav,f89b6aa8a937958d00e44888138fd51105e57d6452981188713e9a4299832890,"Сегодня утром, когда солнце только начало освещать город, воздух был особенно свежим и напоённым ароматами просыпающейся природы, что придавало особое настроение и вдохновение для новых свершений."
tone-speak-ru-acoustic-language-preservation-v1,b7d9304571004b3937fc4daf3fa1fba7446a1674f235074d71652479a9b1b40f,tone_speak_ru_v1:00086_ash,processed/a0/a00c84a4bfc24c0f4efc07a2d3dc45e3c6b109290eac850a30b06ba3872d3405.wav,708ab9d326bd11472e18043fcc13ea0e5b6a618ccc0a1b9d32a0806fc4b06576,"Вечером, когда солнце начинает нежно касаться горизонта, город наполняется золотистым светом и мягкой тишиной, словно природа готовится к ночному отдыху."
tone-speak-ru-acoustic-language-preservation-v1,6d805b81fd7e2687ae820969aab6c4fac4c859b7fdcd740bc475504e621f0c0d,tone_speak_ru_v1:00146_shimmer,processed/f1/f1eed02ce0a60e36ae4149eea97d640a2401d240db4111308d862640086cfbbc.wav,65f1a41e7ab7d004bf8e3015dd1e30388e7f1dee9981dc592861ba1c2ebe894c,"Сегодняшний вечер обещает быть особенно приятным, ведь свежий воздух и лёгкий ветерок создают идеальные условия для долгой прогулки по парку и размышлений о смысле жизни."
tone-speak-ru-acoustic-language-preservation-v1,accff33c0f6ffefd9ee9afc5d2d86224481d84c1cdcccbecf56cf186e9f82247,tone_speak_ru_v1:00508_fable,processed/fe/fea2e896dd2bbfe51b03a2fddc7b88d21f42c218784a16afede690b2712b042c.wav,587983cac13abdc262f6d04effba11cb6d71724dfc2c50315d9089068a5b3c3b,"Каждое утро лес наполняется мягким светом рассвета, который пробуждает все живое и наполняет воздух свежестью и надеждой на новый день."
tone-speak-ru-acoustic-language-preservation-v1,da989dedc7f124df4e1f331304686c6ac6aaa3c6d8ebef2a07de6d0fca728f17,tone_speak_ru_v1:00511_fable,processed/4f/4feb1920d1410c22048229755a479b5cc27b61b169a5eaf1d192266d55893b51.wav,0b0093ac0c48ab3a95f3daaa6a71117e1c63a9aaf50e50c0e3f27d8293b774d2,"В тихом лесу, где солнце ласково пробивается сквозь густую листву, раздаются нежные звуки пения птиц и шелест ветра, создавая атмосферу покоя и умиротворения."
tone-speak-ru-acoustic-language-preservation-v1,b6b9b9da03087739935721479d1ac95caec8b7c9680c9d30a5607c4b8a96dad4,tone_speak_ru_v1:00570_nova,processed/5e/5e250b467ebad54dcc46e5771f9ba799b75e219fa353a81ff6a0b5b3e4640e3d.wav,5616f5b2047ed690c7e9e7b8d79c4713b17dda8e627a40c14b44a9c6be41011e,"В современном мире умение быстро адаптироваться к новым условиям становится одним из ключевых навыков для достижения успеха в любой сфере деятельности, поэтому постоянное обучение и развитие крайне важны."
tone-speak-ru-acoustic-language-preservation-v1,b74eb380485817f4cda691d1b0fca7e567be00db2bd9a7ece7579c7462c627d4,tone_speak_ru_v1:00648_alloy,processed/f3/f356f0eb730b200f3db7ea44e3c2c9ac5059c8e741c81fa6b31036cf31561a14.wav,368ae88bc39f366aa0c262a9e78c2164ee11d67f10aa0976c54377db0fda4f25,"Весенний ветер нежно колышет ветви деревьев, наполняя воздух свежестью и пробуждая желание отправиться на прогулку в парк, где цветы начинают распускаться и птицы поют свои мелодичные песни."
tone-speak-ru-acoustic-language-preservation-v1,a571982f47dbc69ef0bd57f558ce12a0485a6c699908a2c7ddcd630b3f70f2ee,tone_speak_ru_v1:00705_shimmer,processed/bf/bf7a700d1caa63f5a4109e8944058ef0c3d22f273e4cc900f377b91e385aa94d.wav,690bca5e4329e185c845222012b791c677d32e0c192722a65a9f9b56bc46e372,"Сегодня утром лес выглядел особенно волшебно: густой туман нежно обвивал высокие деревья, а птицы своим пением создавали атмосферу умиротворения и спокойствия."
tone-speak-ru-acoustic-language-preservation-v1,adbe7412935b828e0d93db6ab1930c790e7775bf9b0cdf2e990d8034665e78ec,tone_speak_ru_v1:00718_sage,processed/a2/a277caa03a70ff7f4f55117df9564dd8eaf2614f5b271cbe4a37f5fb0ed3446b.wav,d07a2ae27b4d71d113cc655a417734a2ffea44d52fb8c14b00056ab1b7ca809a,"Сегодня утром солнечный свет мягко проникал сквозь листья деревьев, создавая атмосферу спокойствия и умиротворённости в парке, где птицы радостно пели свои мелодичные песни."
tone-speak-ru-acoustic-language-preservation-v1,c389b3fc0c6d85e1637dc926a2ccec928161c09600c5e6f77597bb4a012d1ca2,tone_speak_ru_v1:00770_echo,processed/9a/9a88751030fa6c4688563397a3abee32b994ede8bb8e05069f25489b0eaf4456.wav,3c28d20c5afa191893b9e72cdac1e9a7cd83c549838e0591f4bc786931221b65,"В тихом осеннем парке листья медленно опадают на землю, создавая мягкий ковер из ярких оттенков желтого, оранжевого и красного, а прохожие неспешно прогуливаются, наслаждаясь прохладой и свежестью воздуха."
tone-speak-ru-acoustic-language-preservation-v1,55571f6faba97c07fd0cbb8bfd0076ae9072a9a9b857578f720ebb2d20f8a811,tone_speak_ru_v1:00800_shimmer,processed/45/453b555208f1c82ab13dbc200adbd630b5ddaa1badbb009b68b233f395ad1e54.wav,9c4b77cd1a8e400d70817aef43d033093c4fbfa611520aef5c59b9ba18719465,"Сегодня утром солнце мягко осветило улицы города, наполняя воздух свежестью и предвкушением нового, яркого дня, полного удивительных открытий и приятных встреч."
tone-speak-ru-acoustic-language-preservation-v1,4bc185abd3159bde512af49f4d36d047323cfb2b99527a46d2e69c0f75ee4030,tone_speak_ru_v1:00867_echo,processed/2d/2d4a5425542978bf63b4e7e6b4f0cf8196e94233f6314770401a92f8263b9bac.wav,6fd384980a2e22f2b927eb45896d423a4804e0ab494746ea61b5b78923aa81a2,"Сегодня утром, когда первые лучи солнца касались верхушек деревьев, на улице стояла необычайная тишина, которую нарушало лишь пение редких птиц и лёгкий шелест листьев на ветру."
tone-speak-ru-acoustic-language-preservation-v1,12ca75666eda8e149e09bd4fafdfa6437915038f8c13a9edbd1e990925c81f06,tone_speak_ru_v1:00938_onyx,processed/86/86902b5a59fcdee3f32556b27c08282db0d6706bfaf5ced9701c3d2dee701af1.wav,11a6a14690639572af4940e6b89bc1a4a9f719bcc9408187354ceb7069ba440c,"Сегодняшний вечер обещает быть по-настоящему волшебным, потому что на небе засияют яркие звёзды, а лёгкий ветерок будет приятно охлаждать кожу в тёплом летнем саду."
tone-speak-ru-acoustic-language-preservation-v1,dc2eb7f6662d4cd35cdeb3a723c47c6f764d2f3a490de3d0d95c58d0101b431c,tone_speak_ru_v1:01000_ballad,processed/41/41f33c2dfe8c8145ed3ed3e14fd7d8b7475783aadae6e5a7d26ba86424014569.wav,057cc6b4191ef534623483f345764068de3d8ba8b7378860a6602277b8eb0c3a,"В тишине леса слышится нежное пенье птиц, которое словно рассказывает сказку о вечной жизни и бесконечных просторах природы, наполняя сердце покоем и вдохновением."
tone-speak-ru-acoustic-language-preservation-v1,e9906a6bed85bf8b659af40c00568d004328a1affb26d7f2b887b5f78d0b41f9,tone_speak_ru_v1:01012_coral,processed/08/0841e4f10294f6ca6083063a8864f31e205572f99ad8eea99da911733b3ad68e.wav,00df8026b0c6d6a3a6215c1b5a075d52a99097cf9c44f3e6461f0572276099d5,"Весенний вечер наполнен тихими звуками природы: щебетом птиц, шелестом листвы и лёгким шорохом ветра, который нежно касается каждой ветки и листа."
tone-speak-ru-acoustic-language-preservation-v1,e0984640153eda434aa3f1fe8269801bc7ff75b96779930282b8d5ff4320fc57,tone_speak_ru_v1:01032_ballad,processed/d7/d7938dfe474a9d2477006be69de8fed4f2c3f237a57b6ec0636b81f9f791c552.wav,3562cb5e2dba631f11f8db4c5dcd3ceb8676dc11bb8d1888bc3405db7f67c073,"Вечерняя тишина окутала древний город, и легкий ветерок шептал свои сказки о далёких землях и забытых временах."
tone-speak-ru-acoustic-language-preservation-v1,0e36673096b387813184b67918b608f6c6634911cea7ceb5c1eae784e9ce3841,tone_speak_ru_v1:01069_nova,processed/1a/1a9d1b7631de05e21348ceea5d6e4f94bda44c8d8f957fb5692c6a73b335a9cc.wav,7218782a4235ffd8f34b35be40b7614d7dc068989e52584a886b916ee1ae0a03,"Весенним утром, когда солнце только начинает освещать улицы города, мягкий ветерок приносит с собой аромат цветущих сиреней и свежести распустившихся листьев."
tone-speak-ru-acoustic-language-preservation-v1,7a3743030e2bdc6b5ac622ea823b06ccdf534b3fef51d1ce65503b36ba3dda67,tone_speak_ru_v1:01094_shimmer,processed/ec/ecbc404aaeea522dd29793c2d7f3fa515c5e3ae1976fac54629baeb6834c3749.wav,467dfe9dd8ade6874daa3a816099960d3e9d6d43e41e45284f766e6322956426,"Сегодняшний вечер обещает быть чудесным, наполненным теплом и уютом, когда звёзды мягко освещают небосвод, и каждый звук напоминает о спокойствии и гармонии окружающего мира."
tone-speak-ru-acoustic-language-preservation-v1,0b42e1b1565f6cc5021ace8ba94fbf047dc8e756a780258b712ffd543412a6ca,tone_speak_ru_v1:01200_onyx,processed/1d/1d3dcb48965cc718291250ab1a73d5b24389b6b8a8ba02689b8c95f7ba7e88c5.wav,168cfce28bb4337ea15768bc995a5fe2e3b16e42a7ae1c1aed9bd65687dd9036,"В тёплое весеннее утро птицы начинают петь так звонко и ясно, что невольно хочется выходить на улицу и наслаждаться каждым мгновением нового дня, полного надежд и радости."
tone-speak-ru-acoustic-language-preservation-v1,0742518a9744820c0a8b7329130edca956ca97107be855ac10abde2e3ffdfaa8,tone_speak_ru_v1:01213_nova,processed/bf/bf9b3bf7eab774e89e481363f5fae2b3f2e52d12d28fea9ae31bfe83244d7604.wav,e88b6c64fed1c4224594936a669dabd6bbd62856a4bc1875b714209f406cb2b9,"Сегодня погода обещает быть особенно приятной, с лёгким ветерком и мягким солнечным светом, который создаст уютную атмосферу для прогулок на свежем воздухе."
tone-speak-ru-acoustic-language-preservation-v1,354d8d6c1fb566709737098192c446f42744c1edfb7fdb7c6507131c328790f5,tone_speak_ru_v1:01362_coral,processed/65/65dff4d16ee978ec88b40689d08fd3abddb8520180a13bbb9bd2519210af1229.wav,edad5ec076fc0a434cef164d5b0a55eca9372a0afa7ed6d41b3462320fad20e6,"Сегодня в нашем городе ожидается теплая погода с легким ветерком, что создаст приятные условия для прогулок и отдыха на свежем воздухе, поэтому не забудьте взять с собой головной убор и любимую книгу."
tone-speak-ru-acoustic-language-preservation-v1,b88b7d0a61929c0522666ef3964620d791098a98c6bcb2dcbefa30866a320220,tone_speak_ru_v1:01388_sage,processed/65/658e5a8b2202a0f32777a10411b002cf9d5d7a967db1c0ae0b84996608eb4d83.wav,1a64b0b6cc1d8eba662e63acc5e6964b6bc961d4618f5361255954ac654f0390,"Весеннее утро наполняется свежестью и теплом, когда первые лучи солнца осторожно проникают сквозь шепот листвы и разливаются мягким светом по цветущим лугам, пробуждая природу к жизни."
tone-speak-ru-acoustic-language-preservation-v1,4f2bd2e90c99bc41ce35ee5d51d11e6b76b1c07f4c95c40087ed4e2b0d99e8bd,tone_speak_ru_v1:01441_onyx,processed/94/9486b959ce5ae48d4d153dec78ac7efdbacaf2e56d41c3096cb0046c14227ae1.wav,2c153ac9d4477a1510606075df81fdfd8d0fe118465079486af522638b817cd3,"Сегодня прекрасный весенний день, когда природа пробуждается и наполняется ароматами цветущих садов, а птицы радостно поют свою нежную музыку, создавая удивительную атмосферу уюта и спокойствия."
tone-speak-ru-acoustic-language-preservation-v1,f1d01a37557cf8d6a14f7bd910d723f8beeefe4fd9ef3c63e86084fadd356086,tone_speak_ru_v1:01463_ash,processed/bc/bcac8795a10af189665db6adbe053e3421cf8992e663c1283c8fc92ea8809e98.wav,fb9724eb05e37e3f9dccbc97823764af585f27dcdca52e6b59ac782f4cf8e593,"Сегодня вечером на площади города собираются музыканты разных жанров, чтобы устроить большой концерт под открытым небом и порадовать всех жителей замечательной музыкой."
tone-speak-ru-acoustic-language-preservation-v1,9cfe7b449fc08384421defefcb441b44a0c31a475a688bed7cfc97e504013633,tone_speak_ru_v1:01467_ash,processed/8c/8c37e409869fe522736ae564c26940dda4e204820062b72c79142f1211a1c2ee.wav,88e67a3ddf7b9e2d9210c28954d3c814cec2050792be05c6121990aebebc8ca5,"Весенним утром лёгкий ветерок нежно колыхал зелёные листочки на деревьях, создавая ощущение умиротворения и свежести в каждом вдохе, словно сама природа приветствует новый день с надеждой и радостью."
tone-speak-ru-acoustic-language-preservation-v1,2deb6e00d1cd76b3ef3178fa8a6215d83711608c49e8094f5937f3d0de2d0891,tone_speak_ru_v1:01640_echo,processed/4e/4ea8c10411471d3ab1306547e8820ad3707c09bd5644fd56ed19e43a5e62f02a.wav,c8904ecac20920c18c3f7573e8dcea6b98a57212b418d542d745d893891a4c70,"Сегодня утро было особенно тихим и ясным, словно сама природа готовилась к долгому и умиротворённому дню, наполняя воздух свежестью и лёгкостью, которые вдохновляют на новые свершения и прекрасные мысли."
tone-speak-ru-acoustic-language-preservation-v1,bf574592cb23c7ca992192662362bfc0608430c511c763ef0b98083a565ff00e,tone_speak_ru_v1:01695_alloy,processed/c0/c085f3491d22a69cbad13540cd0a6f71ebfdf51e3c5f11e92394b4c4fa3952d6.wav,a4b7373fb53f82b77950edbaf856c01cdf13456080b46c87b56407b20edbb958,"Сегодня утром в парке было необычайно тихо и спокойно, словно сама природа решила на мгновение замереть и прислушаться к легкому ветру, нежно колышущему листья на высоких деревьях."
tone-speak-ru-acoustic-language-preservation-v1,9dea38b2aa01f305eff89d1641fdfe280c734773086d3d93775725745fd69a70,tone_speak_ru_v1:01702_coral,processed/cf/cf919cfeb080366ea18f2ba199abe26f70b5f4aa22239f07dfd6dbc65fed05cb.wav,d9c1b03f0b530ce5e23ac396df1d8c2f9a8a1cdd7821c585e280a47d56c72d0c,"В tишине утреннего леса можно услышать нежное пенье птиц, которое наполняет воздух спокойствием и вдохновением, пробуждая в душе ощущение гармонии и радости от начала нового дня."
tone-speak-ru-acoustic-language-preservation-v1,4676146d5acd79c6871f6c526a8b3685c25a6b5b215a527f2a06d33ef1b992ae,tone_speak_ru_v1:01743_nova,processed/fa/fa7f916cfdb406cc1dd7ee057b24bd10693ddd3bc9145265988220c2c7a46b1a.wav,94e4895f2b14b8e7d933e4bc60523fbbf15b902722ec175f4886dbd518f618ee,"Весной, когда воздух наполняется ароматами цветущих садов и птицы начинают свои утренние концерты, особенно приятно прогуляться по тихим аллеям парка и насладиться первыми тёплыми лучами солнца."
tone-speak-ru-acoustic-language-preservation-v1,7a1f700dc14403676e201aae03306a3e185c6c84c27dfedc3b843fa7aa41ef5d,tone_speak_ru_v1:01765_ballad,processed/22/229c388edfec82cdee63729425a652558a281be2fc8a3a00211e1d6b0cc46bf5.wav,14b954fedaf536d87375f4060b07400d4960c3563e6997cea87e436bef2dcd7b,"Вечерняя тишина обволокла город, и только далекие огни фонарей едва мерцали на пустынных улицах под небом, усыпанным миллиардами звезд."
tone-speak-ru-acoustic-language-preservation-v1,dbd19532035dbe9c5cabe59e730c06b39704decbf30580095e05f99eef3d1940,tone_speak_ru_v1:01779_shimmer,processed/a4/a444756f6e722a971cb4b97eab2cfac84249e15edfb70f9b8e7233719256fb5d.wav,37a419336fcfa43ebae33b5933546a200e7e4b55ae85d40c8f2b2699eddc2c1a,"В тишине весеннего утра птицы радостно запели, возвещая о начале нового дня, наполненного надеждами и удивительными открытиями."
tone-speak-ru-acoustic-language-preservation-v1,618cd621311338dabce7d93ebac0e6464c4db299c6d3fb93669bf799fd716e7b,tone_speak_ru_v1:01838_sage,processed/c3/c31d3547ba204d76d8954383cfc17a333ff420275f79c56e912a0ec3bdbf3781.wav,c118e48452cbe3a3856ad45797be17be19ad11ca8155b999663c6af9702259ef,"В лесу наступила тихая осеняя пора, когда листья медленно опускаются на землю и создают яркий ковёр из красок золота и багрянца."
tone-speak-ru-acoustic-language-preservation-v1,806010e49cb8453727d0d43cee433306359e3503e2b33cd558d3cd10e254261e,tone_speak_ru_v1:01985_coral,processed/cc/cc5bf7324dc1650c182c349cd3ca5bf090ce9b2bae7e9fe89c2ada6ec60a8fbc.wav,c98b1d16ef6baee1146c1ff6cd01d6483f0276f581bc4640b3480e1ccf7548d5,"Весенним утром, когда солнце только начало освещать лесные тропы, воздух наполнялся свежестью и ароматами распускающихся цветов, пробуждая в душе спокойствие и вдохновение."
tone-speak-ru-acoustic-language-preservation-v1,7e957974f5ff347c1c9649632305f85bfaab330af3912d67f3c13724a4b2fec5,tone_speak_ru_v1:02408_onyx,processed/0f/0f2c9ea854c2ba0eec8bf3e9281d9c2a6073b2e72ac59eaeb60a5a2569e1646e.wav,dd20fe42346f17eb1f0b945f20aae0d09d515ec857d754f0061d2479d9269ea8,"Сегодня вечером на берегу озера будет особенно тихо и красиво, ведь солнце мягко опускается за горизонт, и воздух наполняется ароматом цветов и свежести."
tone-speak-ru-acoustic-language-preservation-v1,c799bbad3af3ad56555561a7ead1f435746f66165fa1b9c0759f39b9a4202369,tone_speak_ru_v1:02434_onyx,processed/49/498976dfc7cbbc5682246ed2a138ab377e8392e832f06edf8c9c723284273d1d.wav,79a0a5c84ca7891e2d5cd9a23ee04ce895ed8a929df8225cf4627751b655a7ba,"Сегодня утром воздух был свеж и прохладен, наполняя легкие приятным ощущением новой энергии и готовности к предстоящему дню; птицы напевали свои мелодии, создавая атмосферу спокойствия и умиротворения."
tone-speak-ru-acoustic-language-preservation-v1,7df19c50cb08f1585b06e79d7056480a8575169b8d8299a12e8722cf43c64757,tone_speak_ru_v1:02564_fable,processed/d6/d685c84f6afe4af37e2b621f7516429b7343428013a92ef0db65aaae0bc7cdbe.wav,0c464db1ed8254eb30bfb0c57504f1d6e85d3c4e27429648734a66a168a57dcb,"Вечернее небо надело алый наряд заката, и медленно погружаясь в тишину, мир готовился к ночному сну, где каждый звук и свет приобретали особую магию."
tone-speak-ru-acoustic-language-preservation-v1,daad31163af72492eaab4ad0b31f9f603856c52c0731dcdd7d4a347e862f2378,tone_speak_ru_v1:02621_sage,processed/61/6185523b67d484bae85d2a37920195c34dd237ed0c03d39e053338e56e93e220.wav,5a86eef1c0539087ac3f97d9663a61d430f583489d711565d1dd3cfbba6c4234,"Вечером, когда солнце медленно садится за горизонтом, город наполняется мягким светом, и на улицах начинает царить особая атмосфера спокойствия и умиротворения, которая приглашает прогуляться и насладиться мгновением."
tone-speak-ru-acoustic-language-preservation-v1,42bc6d72bf83b74b06db7c78b43257047cc5b70ae0523dc1ac849a320239071a,tone_speak_ru_v1:02650_echo,processed/02/0223257539e66ddff9174be33d1016a31aba7149affb78d18a8c3d72677775e4.wav,aec94ae824e902c286287b6a9e79812ab69991cda8897c1039bc6b4fb1a666a9,"Сегодня на улице прекрасная погода с лёгким ветерком, который приятно освежает даже в самые жаркие часы, создавая уютную и тёплую атмосферу для прогулок и общения с друзьями."
tone-speak-ru-acoustic-language-preservation-v1,ea6edda0c7b53c28fbc93414cca46c70b5af05231e8a9c71e6a17a6ca91880fe,tone_speak_ru_v1:02657_fable,processed/69/69e1885231163de6b780d3dc02ee03afe398f987f9a7458dcf75fca1b190be74.wav,6bd606cb726d0598e262a1afccff0e430fa0f602de2ddc94f416fa5d65fc5d43,"В тихом саду, укутанном первыми лучами рассвета, нежный аромат цветов наполнял воздух, а лёгкий ветерок пробуждал листья на ветвях, создавая мелодию природы, которая успокаивает и вдохновляет душу на новые свершения."
tone-speak-ru-acoustic-language-preservation-v1,0121e229e381c277edafde2b9e2933e7c660bac5225860e39d48fd2adfcdd747,tone_speak_ru_v1:02691_nova,processed/84/844a8527925316da9353958a8373a535f1138b1b15ea45470f024061bc3b1432.wav,02196c2f711f525a85feddf287633fadc2ee6cb4457f49062d7e0a4101a48851,"Сегодня вечером небо было особенно ясным, и мы долго наблюдали за мерцающими звёздами, пытаясь найти созвездия, которые всегда казались такими загадочными и далёкими."
tone-speak-ru-acoustic-language-preservation-v1,e1fbd3bcb18c781017193fb87776d2ef25355df74fe2883ef31bc562941a557a,tone_speak_ru_v1:02702_onyx,processed/3a/3a8bc1487b96bf415e6d3767964290c8af347e1c6da1a735c07252c74320b1d8.wav,130a10da5a7c1987be9a4135955e345909fdc77f80e1e15dfa685fb27fb8dcdd,"Сегодня утром погода была необычайно мягкой для начала осени, с легким ветерком и солнечными лучами, которые играли на поверхности тихого озера, создавая ощущение спокойствия и умиротворения."
tone-speak-ru-acoustic-language-preservation-v1,d275e8d571c29e0cdf002dfacb3593ba952423c5995c9baff71c1256e6533400,tone_speak_ru_v1:02728_ballad,processed/7d/7df31035c32dbab665e659c24f7b6cddd9774531bc69da3387f9861f5102d959.wav,24626cbfd6aacf47f63c9c568035c18758b67faca5d97ead755b9d3b5747a0d9,"Вечерняя тишина наполнила город нежным светом фонарей, а прохлада ночного воздуха мягко касалась лица, создавая ощущение умиротворения и покоя."
tone-speak-ru-acoustic-language-preservation-v1,116bc389c5176a1ea1785e9d9c8017756454e0fcce1066e6a23fbaa46f9c5b57,tone_speak_ru_v1:02750_alloy,processed/98/983dfd881119982f656fe3069ea68c45a32648f288dd3e075267ec401d0e0e7a.wav,bcc3c425ee44736bf06db35aa34c0d9698b1e0b511ac67ee578ccfa5cc74beef,"В солнечный весенний день, когда птицы весело щебечут и лёгкий ветерок колышет зелёные листья, стоит выйти на прогулку и насладиться красотой природы вокруг, почувствовав её живую энергию и гармонию."
tone-speak-ru-acoustic-language-preservation-v1,7e2b1d0bdb15510688723edaee68f478101d12eb59d125cf5478199481e161e6,tone_speak_ru_v1:02903_sage,processed/57/57c8b6b805e5003fdbbf6f417f43e9e538a2b6d6046812c87183fb1ad85439a8.wav,348f976e0f270acebc6f318efce386761fafaad77a587f1ac9b82e1e749d748e,"В дальнем лесу, где солнце лишь изредка пробивается сквозь густую листву, живёт множество удивительных обитателей, каждый из которых подчинён своим собственным законам и привычкам, создавая гармоничную и загадочную жизнь этого уголка природы."
tone-speak-ru-acoustic-language-preservation-v1,01becca4196c687127203998cb75c2672fe20e44f66fc2767a4b005612b286c5,tone_speak_ru_v1:02993_sage,processed/9a/9a28db02c272a4d3850c9ac25b5d5923e1f906b6e9542def8a955b6b39339d9d.wav,000ffb39cdf4daaa74249c67833d48931c9412acb31e6cbe949b842fb2c30f89,"Погода сегодня удивительно хорошая для этого времени года, солнце светит ярко, а лёгкий ветерок приносит свежесть и спокойствие в утренний воздух."
tone-speak-ru-acoustic-language-preservation-v1,eb81e24e80ac90c4ae1e103be65646556f60b5b7a51e46a609798475269e93e7,tone_speak_ru_v1:03159_shimmer,processed/5f/5fe52e26d3257525e65b5a8dbc738966ce0664b5caccb391885f28bc71eb26f9.wav,3efa1808f900d16a3dbb819e15e217f592c48187ef6a9a2010fa22f4271aed6d,"Сегодня погода обещает быть переменчивой, с одновременными прояснениями и легким моросящим дождём, который особенно ощущается в вечерние часы на прибрежных участках города."
tone-speak-ru-acoustic-language-preservation-v1,fc37cb0b44a5c6778bb316dea7396ff1aae252dc841183aa5aafbd2040303724,tone_speak_ru_v1:03559_echo,processed/c2/c2dceae4c81c240613fce13fcd801d91d2b7da40a8b20356700863acf536d43e.wav,490a1df2cc3467f9047eee738a882868494a526ec432bc7eb14991c1ceda1a52,"Восхитительный рассвет на побережье открыл новые горизонты, где море и небо сливаются в единое бесконечное пространство надежд и мечтаний."
tone-speak-ru-acoustic-language-preservation-v1,ade9f8604d9222d1e9546145744555a47895f8be5ae3789b0ad9752f9ce42579,tone_speak_ru_v1:03653_ash,processed/02/02e710f276f90316f0cdb221013020b29c8965350ffe35840649db82d86db3c8.wav,bcdaaf953ec09b245f7eecce91c99ef3e3fe13957ef6ace157e3b7fabf9cfeec,Вечерняя прогулка по тихому парку подарила особенное ощущение умиротворения и позволила забыть о суете и повседневных заботах на несколько часов.
tone-speak-ru-acoustic-language-preservation-v1,bedcba73e0e549e405da454b422fd73072bd9c675e5dfeddba9e2a56beb096cf,tone_speak_ru_v1:03839_fable,processed/37/37ec7fff0cabd96d9a58941f61afdeb7755135ab27ddca3f10301c0a9c1accc4.wav,6a7d546a5dfce25a5ae5b826c7d06f6f3d3ac6309fe1a3e3f86619b15ce0b8c3,"Когда рассвет окрашивает небо в золотистые тона, утренний воздух наполнен свежестью и надеждой, пробуждая души к новым свершениям."
tone-speak-ru-acoustic-language-preservation-v1,31e8be98563f70b1ae4540cac4d44fa3917ea36debaea43b01d4b8907ecc9657,tone_speak_ru_v1:04105_coral,processed/6c/6cf8ebd59737d0e85963585ccaee7194c056dc4370cba368c153e35ce88aa89c.wav,f98f5f4cc410957f0b17f444578f8abb76c69218be011919e42bf6fa67ada1d9,"Сегодняшний вечер обещает быть особенно приятным, ведь на улице лёгкий морозец и сияют тысячи звёзд, создавая неповторимую атмосферу сказки и уюта."
tone-speak-ru-acoustic-language-preservation-v1,e5773262e5242d80e2b6d30b2d0e4b673c88520f3b5b5ac200490448f59705c7,tone_speak_ru_v1:04160_ash,processed/12/1292dcef9e077dbd31e91e3078f1e19aff3271bca6474b9811f46431e0e8ffb0.wav,76ab18deb1a4ab14bef848ac78884d9c22a295b28dbe98207c97153fb06f0135,"В прохладный осенний вечер воздух наполнен ароматом опадающих листьев, а лёгкий ветерок шепчет свои истории среди ветвей старых деревьев в парке."
tone-speak-ru-acoustic-language-preservation-v1,3d4c535d1b9d2567179c450571a69dd34987466ae894f703dce25fc9b6594557,tone_speak_ru_v1:04425_ballad,processed/d0/d0cc464d79500f183ea112fa4ba1033fbbe83be8d7b7c44db5cb49ea683f5493.wav,64f54b9a24d2138b7e8bf6ee1008e076bd09298ad2f9a59e3a882eefbbf8325b,"В тишине вечернего леса, когда легкий ветерок колышет листву, кажется, что можно услышать самое спокойное и глубокое дыхание природы, наполняющее душу умиротворением и вдохновением."
tone-speak-ru-acoustic-language-preservation-v1,7d3a71956bc197a378198749eed20c23003a9deb76814e771a8e13e4225591c5,tone_speak_ru_v1:04489_nova,processed/68/687297a744a73c57feca03343b6acec46bbf25fcf48c12523a7302c47c52fc81.wav,1f982aa45642ec1a00d6ee6789a0d4e751c7e12799dd4e59a2374379dce279c8,"Весенним утром, когда первые лучи солнца нежно касаются земли, пробуждается природа, наполняя воздух свежестью и ароматом цветущих садов, а птицы начинают свой утренний концерт."
tone-speak-ru-acoustic-language-preservation-v1,7b2ef165a1c6f689af36ae9446808c45603e1bd0cea0ac0332dfe5ff459f03ee,tone_speak_ru_v1:04650_ash,processed/b8/b88a0572fe9a3e2733b890b258affb87d65e9a04926dc05d86d437ef4566475b.wav,19a2dd40c0f24adf8a8fedcd0c313b70e9254d8a73d2b9320042062d7746094e,"Вечерняя прогулка по лесу наполняет душу спокойствием и умиротворением, ведь только природа способна подарить настоящую гармонию и вдохновение каждому, кто готов слушать её тихие звуки."
tone-speak-ru-acoustic-language-preservation-v1,1a33ff9a6dc78ac574f58b1792043ae045ba2f5351f52629e6baa3fea8e59e93,tone_speak_ru_v1:04651_ballad,processed/c4/c4ec5b03af2c0dd3158e4966ed92bf9934fe112f5ed3e9b750a1051147b85bf8.wav,708bd665b3e35a06960a03401a13542ea43f889d030f4003e7b2e120717b7a64,"Вечером тихий лес наполняется звуками природы, где каждое дерево словно рассказывает свою древнюю и таинственную историю, окутанную легкой дымкой рассвета."
tone-speak-ru-acoustic-language-preservation-v1,d2b3e4f465bfab30dc1d3c90cc8f752720ac1c81e099038190993f41950ca2bb,tone_speak_ru_v1:04701_echo,processed/6d/6d175b9130c97a7e9c607d6795ff1aa0ca56fc9bbfefda701b86253006acfda6.wav,2f0ffaeda7b7685bd694fdac9fb074006a03cc0720b61033bf8f809e6cb05886,"Сегодня вечером на улице тихо и спокойно, а лёгкий ветерок едва заметно колышет ветви деревьев, создавая приятную атмосферу уюта и спокойствия в этом уголке природы."
tone-speak-ru-acoustic-language-preservation-v1,d36f754e52b43a767ad6741736fdf6ab2285b052280942b3b3dcd0fdcf74cf19,tone_speak_ru_v1:04788_shimmer,processed/a1/a1938148934f446db249f41b5a88bfb7924bdeb01537522fdd92dd1ad2f1b1b4.wav,b1ab1a4487ece6db8de782a0f5b229514050436361ab2112d7074f8e97679c0f,"Весна медленно вступает в свои права, наполняя воздух свежестью, а деревья украшаются нежной зеленью, которая обещает тёплое и радостное лето впереди."
tone-speak-ru-acoustic-language-preservation-v1,aad86b640454e46c9448d56e5dbb35315f1db27fd0bd253c0513c6bab08e7094,tone_speak_ru_v1:04792_ash,processed/df/dfe50751b57db77ca17c309710aa0a7b5a3d236725905d1e8c18802675ecd3b7.wav,e9cf5d0c6b8461910b75bb010db300682947fc4a48b269f4522a16c7a032af95,"Сегодня утром на берегу реки собрались жители города, чтобы вместе отметить начало весеннего сезона и обсудить планы по благоустройству окружающей природы в ближайшие месяцы."
tone-speak-ru-acoustic-language-preservation-v1,2b7e0487a5a08eba0056c4161b5abeec5732a62e150c3c0ec2360cf7d3822f96,tone_speak_ru_v1:04884_ballad,processed/b7/b7c0a0bd59f103e9acfe61d40c702e6032fc7754e6e69eef677f2a3d528d5fa0.wav,08295c61ae84654d0356391c774193f4b77e0fce1823d059f3847a137c573306,"Вечерняя тишина окутала лес, а птицы медленно затихали, уступая место звёздам, которые начали мерцать яркими огоньками на безоблачном небе."
tone-speak-ru-acoustic-language-preservation-v1,5893df6c1efea3d9c892392b212d0fe6d89de43f2709ceff3feb10d86de55095,tone_speak_ru_v1:04918_echo,processed/70/705bf419d3b3b570dafa93bd1c6366bb50ffced664360d52adcfdbdecd55316e.wav,3de3520ed43ec81b7f026a0faff5ef6610935a25934a2efd574fa9671f063000,"Сегодняшний вечер обещает быть особенно приятным, ведь атмосфера наполнена теплом, радостью и ожиданием новых впечатлений, которые обязательно останутся в памяти надолго."
tone-speak-ru-acoustic-language-preservation-v1,cc5b57ef1c36c0613c1efcc6a6ac7a3f510eb83cec88fe32444f882aaec18060,tone_speak_ru_v1:04938_coral,processed/26/26d68e0d88b6a4434e71d1375521c204348efc67b54181c8e149e3b43cce5232.wav,818f65dec4e4eb025b339db3051f137d34451c93438bda790e8a764027061d11,"Весенним утром в парке, когда цветут первые подснежники, птицы особенно звучно поют, создавая ощущение полного обновления и радости жизни для каждого прохожего."
tone-speak-ru-acoustic-language-preservation-v1,c21540d22c8edc5977b68ffeadbc332947c577c7cdd445bd3386dc725e27a959,tone_speak_ru_v1:04965_fable,processed/90/902383b4c2338febec4a23556a1cecc999babeb8790086b3ab07e8fad561e952.wav,ab2a14d73a4f42e74cdd159170d5a9cbd74a71ab4edc575c98014f22f069916f,"В густом лесу, где каждое дерево хранит древние тайны, птицы поют о наступлении нового дня, наполняя воздух светом и свежестью утра."
tone-speak-ru-acoustic-language-preservation-v1,7d8b77fee759f4a14899e80725ac7aad8146a952cc24333ca09eed991de78be5,tone_speak_ru_v1:04974_echo,processed/5e/5ecdbcadd67b1b73f95001466742fe66a24e8f8820f17bae7264aabeb9834e11.wav,e8f114e1a5c21fbcf7c7fb8fe5ffee8ebf04d625a0f8338bc6d270533efd4b1b,"Сегодня вечером на улице светит яркое лунообразное сияние, которое мягко освещает все вокруг, создавая спокойную и умиротворённую атмосферу для прогулок и раздумий."
tone-speak-ru-acoustic-language-preservation-v1,b33c0aeafb5098867f83c6ebd5437799c2ddf73787b5cf6a7a2849d441e5223a,tone_speak_ru_v1:05044_echo,processed/fa/fa1125175036cb8461ecce6db49c67d9a6de672c45144e8e115db73372ce3f75.wav,31c44e115e56b0666c7df4fa4aa39659d1637df70c3c8790a23231ea5b6e6194,"Сегодня утром в парке было тихо и спокойно, птицы пели свои песни, а нежный ветерок играл с листьями на деревьях."
tone-speak-ru-acoustic-language-preservation-v1,5f13d7cb9819a3b3fc8e537232afd5cd6e33d7615aa311c9af00844749248e02,tone_speak_ru_v1:05057_alloy,processed/5d/5d3566cad740f04ebe60e34c895afbe9996a362602704304176394c9b4a80f9e.wav,59767f26f892b3bf3cb2329488638bbda532d7a164603bc4c27d6c75efe83d47,"Сегодняшний вечер отличается особенной атмосферой, когда город окутан мягким светом фонарей, и прохожие неспешно идут по улицам, наслаждаясь прохладой летнего бриза и уютом наступающей ночи."
tone-speak-ru-acoustic-language-preservation-v1,4427af35012e04ba6c2d4d6e66015fe2dade5f96afdd285c17bc9a86da0230a3,tone_speak_ru_v1:05073_fable,processed/a9/a969272b657a0045aa918834c394be91c63a95e98b179f7464f089876adbe9fa.wav,6e79d1d1432bc666b7e6a61842a959640634256960ab0f0b40107897ab43c102,"Сегодня на улице было довольно прохладно и ветер нежно шуршал в листьях, создавая атмосферу уюта и спокойствия, которая идеально подходила для долгой прогулки по парку вдали от городской суеты."
tone-speak-ru-acoustic-language-preservation-v1,5759ebf75d8409a52ea00c49b8241dba68a831ceaa130ac386ea9489b48fc736,tone_speak_ru_v1:05213_alloy,processed/38/381a5495e5905873cb94fff41e955bd8f4b4ac9de852dcc24e25da64d81c86fa.wav,ea8071c414736e1c6c40743e99414108e1f9fa552052d5d03b75b7bfe898e605,"Сегодняшний вечер особенно красив: лёгкий ветерок колышет листья деревьев, а закат окрашивает небо в тёплые розовые и оранжевые оттенки, создавая атмосферу полного спокойствия и умиротворения."
tone-speak-ru-acoustic-language-preservation-v1,796f2023fc83ab2d04330e573fe2557cd31d8caa85667e90a3f6fc3378d71463,tone_speak_ru_v1:05240_onyx,processed/7e/7e8b37fd091d8738e8fe8f6e73eeee383046928de892afaed1dbcdb98253c55a.wav,46f40aa41c795a0cac2d5677cbcee025d73c7c415931f48c1bb5ed053d3a0c03,"Вечером, когда город наполняется мягким светом фонарей и дыхание прохлады проникает в каждую улицу, возникает особое настроение, которое вдохновляет на новые размышления и тихие прогулки по набережной."
tone-speak-ru-acoustic-language-preservation-v1,ba79549a62450cb51cd8ae1b4007dd8af38e8dc93cf2a87d4d45c12717928694,tone_speak_ru_v1:05248_ash,processed/cf/cf7496f88204c70102c9eac6d50336087d339bea9c8e1c1efbd74e023bcb76e9.wav,4674408a138768855f3554c9d71329c74cc87e3a1dd7029d63c5c5baf848815a,"Сегодня погода удивительно приятная, солнечные лучи ласково согревают землю, а лёгкий ветерок словно шепчет о предстоящем теплом лете."
tone-speak-ru-acoustic-language-preservation-v1,9efb60af903f8a1a8066735e336965d80f0fb41d746d691ac48edeae1a2fd630,tone_speak_ru_v1:05327_sage,processed/c4/c49e9694d7436580d920b9c3614e29ba49ad6e262b014cac19631d2a5789297d.wav,ffd61a3d19f5bea399bf0510884a6f2ef2bb1aa776564ade1fe03117d81846f1,"В тихом лесу, где каждое утро наполняется пением птиц, царит особая гармония, которая успокаивает душу и дарит вдохновение для новых свершений."
tone-speak-ru-acoustic-language-preservation-v1,8f41b6f25cbfc1d948c0e0ec8b04e7176323512013cdb8c9f1176a0710965ff0,tone_speak_ru_v1:05371_fable,processed/f2/f28d95c1a22c019b42ccc1e0fa6facbb74d9f8872b534c5658b92ad0ef7b1399.wav,3ca99ec2a32de1641313c815a4f4cfc1f736b32e64027d66affeb100174488f3,"Весной природа просыпается от зимнего сна, наполняя воздух свежестью и ароматами цветущих садов, что дарит каждому новые силы и вдохновение для будущих свершений."
tone-speak-ru-acoustic-language-preservation-v1,b188088cc4ff757dfa1a49118d4d61c356fa63c0508dfb2f3ace52a529f4f60d,tone_speak_ru_v1:05399_coral,processed/5c/5c84202dbeec9587432f40b74c4034f72c0466437b1a6946a09ee6f0a555a303.wav,265a4a6983ceded12f0b338327e8827bff8d63fbce692933e95dacd8310f7aa5,"В тёплый весенний вечер лес наполняется звуками природы, и каждый листок словно шепчет свою особенную историю, которую хочется слушать бесконечно долго."
tone-speak-ru-acoustic-language-preservation-v1,d0487137e43443864a1f2c6f9dd337224b3ae14c927cb9ea59db6544da911e5c,tone_speak_ru_v1:05423_fable,processed/56/56c6fd7013db7c053d44cb369e41dc564427969b1e4b778e28ce2463c43c5415.wav,af87d995ccb8540543a9522162a48ee4366d6015f0b21fe77b1c5a32593d5bb4,"Весенним утром, когда солнечные лучи постепенно пробиваются сквозь лёгкую дымку, можно услышать пение птиц и почувствовать свежесть первого тёплого ветра, наполняющего воздух ароматами цветов и пробуждающего в душе спокойствие и умиротворение."
tone-speak-ru-acoustic-language-preservation-v1,7f9a6e5658f656bd6feb40e382a1965dfc2924df66d197cddeaac87c0d97ab2d,tone_speak_ru_v1:05433_nova,processed/b2/b2dffd4e04c3cf359bf157ad1cab448b5d7473a244141f1339ff6f92a40686c1.wav,2f4e06ed3d761c8f8fe71fda749838496d004308a3fcdd14c7183d97a4772266,"Погода сегодня радует своим мягким весенним теплом, а в парках оживают первые цветы, наполняя воздух нежным ароматом и пробуждая в людях желание гулять под открытым небом."
tone-speak-ru-acoustic-language-preservation-v1,6cbc23e7dade59ccb7855c2b6d36366d04eac6bfcc2f22c4476a4f738bfd8fc1,tone_speak_ru_v1:05456_coral,processed/3e/3e17c939cd2c63b6a750dd2847d0ec997f9c1fa9e54181e9aa1009564e778132.wav,0c17dae8152dd16c7b0852d69da471dd209bd37e86c2c9ca9deb49e8e4946985,"Весной по утрам особенно приятно выходить на прогулку, когда свежий воздух наполняет лёгкие, а первые лучи солнца нежно освещают пробуждающуюся природу."
tone-speak-ru-acoustic-language-preservation-v1,5eb64c55a96492dde47d48f39b66ca8dbbb6b69ffb2e4d80b42992287e3faddb,tone_speak_ru_v1:05481_nova,processed/42/42ef0c38a3f100a5e83fd5e5b2e5ccef4e4661802fd90383e712a1d6aa2c01e9.wav,1d1b323bbdae1ce88ba27cd542fc529994518d32a2b9649d405a120bd25bdb48,"Весенний вечер был необычайно тихим и спокойным, а легкий ветерок нежно колыхал ветви деревьев, создавая атмосферу умиротворения и радости, которая наполняла сердце теплом и надеждой."
tone-speak-ru-acoustic-language-preservation-v1,d3146d42a5c84d0effd45126d34b3ccb0dcfdc41561b67e01f711f0ffb4873c9,tone_speak_ru_v1:05504_ballad,processed/e9/e97edaa9e97f976e93e546bf3ff6ec8bc004a738a1f59ef67ab8e47938b98415.wav,8deda6d3567855f63c191be32b339bdbdbd61205f03fe6f30eea54f29f7838d7,"Сегодня вечером, когда солнце уже зашло за горизонт и небо окрасилось в глубокие оттенки синего, хочется насладиться тишиной и задуматься о самых важных моментах жизни."
tone-speak-ru-acoustic-language-preservation-v1,61b470044c7dd1fa329fcab8e29d6f68266b7799b5fa4f3be737b676b52abe70,tone_speak_ru_v1:05585_nova,processed/e1/e1b14a3b8e97ca6f851b8238891f30b1211d8af6cf848986eb3c0985fb8ed5a8.wav,32d12e2a6b0440ab02bdbb4324ab7458406c5e253cf44261777c4efed4a3a92d,"Весеннее утро пробуждается нежными лучами солнца, освещая зелёные поля и наполняя воздух свежестью, которая вдохновляет на новые свершения и творческие идеи."
tone-speak-ru-acoustic-language-preservation-v1,b5940b87952a8294d374bae1cc19d3652a24671588d1b53e3221d7208df27c6d,tone_speak_ru_v1:05658_sage,processed/32/32e5e313ed7916eb37b498fe7ed0cefc7f3e753c7320a155fd830dccf46fa6b8.wav,5b0d3dd974acca944e898c3d84233b7e00ee223df84a506ec5b881f36907bf1e,"Сегодня утром я наслаждалась тихой прогулкой по парку, слушая пение птиц и чувствуя свежесть весеннего воздуха на лице."
tone-speak-ru-acoustic-language-preservation-v1,9dfdef0ad54c560cf0bece7c0dbe0506ba4b740c9c187a9a6710361b91a6e10e,tone_speak_ru_v1:05737_onyx,processed/af/aff41844f674193a2c38c150f9d3c148a08de9ef0d80c643289040183868c810.wav,a5b984d331a148e1fd413a838d3e9905b710fd8f6773fa1353560fe896dce513,"В это прекрасное утро, когда солнце только начинает освещать улицы города, воздух наполнен свежестью и надеждой на новые свершения, что обязательно принесут удачу в ближайшем дне."
tone-speak-ru-acoustic-language-preservation-v1,4a9aa2a69739e543d4cce5d03a8f79a5337219594348be8158b74fef5859d3b8,tone_speak_ru_v1:05765_onyx,processed/a4/a4fe094026ae1a062173ff2fbe47b16719c82b32d0f258a07a8e15975de29c2b.wav,92bf9afa20a04259e010985abd6e1da61bad2ec05b49ca801ef6627f1869c639,"Сегодня на улице стояла прекрасная погода, солнце светило ярко, а лёгкий ветерок создавал ощущение свежести и комфорта, что особенно приятно после долгой унылой зимы."
tone-speak-ru-acoustic-language-preservation-v1,efcef7326ae81d31963259319159fa24a2fed40939621c591d826dc2c504a459,tone_speak_ru_v1:05859_sage,processed/ee/ee12bd429139014d9ca8a4b9d4c716a37260e60e84fa3bddcac7cafc9c6ed209.wav,c74fe427c67bcbfbedb250e8c16b165e97b9e406ab8a2c2d815642795f8ea79a,"Сегодня по утру солнечные лучи мягко проникали через окна, создавая в доме уютную и тёплую атмосферу, которая приглашала к спокойному отдыху и приятным размышлениям о грядущем дне."
tone-speak-ru-acoustic-language-preservation-v1,7410287f66ec9201de87d673a52f4669e059010b71a0eecb8f9a772bf682b3f6,tone_speak_ru_v1:05897_alloy,processed/3b/3bb2c15649d14031718f64f35561e0ada0d2269a2d3ee6bcaf84c4c4ba9d0dc8.wav,eb9cf2083f2c76c28096bd883ea523dca8385ace35f1c5846d9207b0091a022f,"Сегодня утром, прогуливаясь по парку, я заметила, как первые лучи солнца мягко освещают зелёные кроны деревьев и создают атмосферу умиротворения и свежести."
tone-speak-ru-acoustic-language-preservation-v1,03bd71f8c168618ff1e4096c55cb8dee3b40e2a070b8c277f277effa94a1828d,tone_speak_ru_v1:05960_alloy,processed/46/461257a248374939f02ee723507f81772064bddd16f8c51eb6579cb73c225986.wav,39272686ccb5a3755fab56e7b4a92c985d27feba37cf4b1528e6c3c7f27f5850,"Сегодня на улице светит яркое солнце, а лёгкий ветерок приносит свежесть и наслаждение каждому, кто выходит на прогулку по парку поздним утром."
tone-speak-ru-acoustic-language-preservation-v1,2759c2e82df056c717937cf9b67f53349dacbeb5e1b44ec26111b31539bc6491,tone_speak_ru_v1:05968_sage,processed/9a/9a86887464a79af6ada972b588adfc0642a403e1374256f55b96e462960d6ce0.wav,a4dfd71f020fe7bad4a7a8d9b5426b83f032b5c70ba06d463eb2a1fbb536dd01,"Сегодня утром, когда первые лучи солнца мягко коснулись горизонта, город проснулся от тихого сна и наполнился звуками пробуждающейся жизни, обещая новый день, полный надежд и возможностей."
tone-speak-ru-acoustic-language-preservation-v1,c909ccd091ea7b3d1de22d71048db15f5dea55c65c99b2e924629fb02d6c897e,tone_speak_ru_v1:06023_nova,processed/cf/cff1b446b7bc0cdc36989a4262f246072991fcec774695c12527cb184438db11.wav,cd427f7289233c4e30828f8c92e191efe1f260d12f4397adb494ccf3dda06972,"Весеннее утро дарит особое настроение, когда теплый ветер нежно колышет листья, а в воздухе слышится тихое пение птиц, создавая гармонию и умиротворение для каждого, кто готов остановиться и насладиться мгновением."
tone-speak-ru-acoustic-language-preservation-v1,c8db78d8b580907667b570097d6867e626d3aa21b5571661b2748515f5e6dc04,tone_speak_ru_v1:06271_onyx,processed/d8/d8b34439b00a1d18b0fd16bb8a27dfec90c5c34f29a584c3f0e6012299ae7628.wav,38f84a6e5e5f1f155ee48d10a4d831ef95266467cf99c8cfc328995285c9ed60,"Сегодняшний вечер был особенно тихим и спокойным, словно весь город затаился в ожидании чего-то важного и необычного, что вот-вот должно произойти."
tone-speak-ru-acoustic-language-preservation-v1,a49a6a6170abf301d1b6cc843db7510e0208771fe3d78bb7b5aa7ecedf7cf607,tone_speak_ru_v1:06304_ballad,processed/be/be498f632d0b5d9ea2d56aee03a3f253c1a9cb165895d043462ee7ac17e7fcf0.wav,353af3ef6712bb3554fe4eb4498f0da368840f05b1571127e2221c530c4d8757,"Вечерний ветер нежно шепчет среди ветвей, наполняя душу спокойствием и легкой грустью, словно старинная мелодия, уносящая мысли далеко за горизонт."
tone-speak-ru-acoustic-language-preservation-v1,b1cc5a4feeccd8a43c3fa0aebbd06b3e782e122369acc402b6a06fc22776a134,tone_speak_ru_v1:06326_shimmer,processed/e3/e3d7fefdd64dec93d1a7ee0e93cefde7687383ab45f0057e5f25f6cc9d7f9d08.wav,6fcc9c7c0270fce0b7657892e0dfa60cb4ac53dd48e9fa3c19738d3dec5544d0,"В прохладном осеннем лесу листья медленно опадают с крепких ветвей, создавая мягкий ковёр, по которому приятно пройтись, наслаждаясь тишиной и свежестью природы."
tone-speak-ru-acoustic-language-preservation-v1,8f8c069244c835324a09b4e4961b01b77e780f2d28cd509821157274b8907557,tone_speak_ru_v1:06351_ash,processed/b9/b9a967db6e6b70523469105762b84c0b5b4d943ad310afd242686f2e4a0a28c5.wav,3736b66848643cff46f5a8e5b85810ea818393f358e040ae86fbaad597843e76,"В нежном свете заходящего солнца лес окутывается теплым золотистым сиянием, наполненным тихой магией и ароматами свежей хвои, создавая атмосферу уюта и спокойствия."
tone-speak-ru-acoustic-language-preservation-v1,4d49bb42fd319731b1aab1236ce0affd164ae4d16379b93f9928ed0b171d27aa,tone_speak_ru_v1:06394_alloy,processed/6e/6e03bb5d3603918270b77c1314b42dc8300e01db912489666084e58976153c59.wav,407824e870b968eedf6a05b53a786ab1a9dbd529fe6f3496858e95e22bb654e4,"Сегодня утром солнечный свет мягко проникал сквозь окно, наполняя комнату тёплым и уютным сиянием, которое создаёт особенное настроение для начала нового дня."
tone-speak-ru-acoustic-language-preservation-v1,b2c35f43c47d8a23584241e94fe2c36035b44de26ef440ad981a310a99000b97,tone_speak_ru_v1:06428_ballad,processed/2d/2d2f269561390cbebb9b50d719da43a49aaa6d204e905081b3cf9ed08d4c6571.wav,6e98dcff8db339a795639fc3ee0dcb6ef78ad414ebaad30b361491f04ffe8a79,"Сегодня вечером небо было особенно ясным, и звёзды ярко мерцали, наполняя душу спокойствием и тихой радостью."
tone-speak-ru-acoustic-language-preservation-v1,8a027b5e791e60118fdab3a8c9d0d4fbdc2a66df9e7f2c8cc033a4bcc4ee4b1d,tone_speak_ru_v1:06583_coral,processed/e3/e3800c54f65e6e3fd3b558bba2b9475d473f7d1dca539685c0e76d38089862bc.wav,e553d0772b43bb9ffdff6766f44b4d4a2f800f6dfb3ca070f82462b240d80810,"В тишине зимнего вечера мерцающий свет за окном создаёт атмосферу уюта и спокойствия, напоминая о том, что даже в самые холодные дни года можно найти тепло и радость в простых моментах жизни."
tone-speak-ru-acoustic-language-preservation-v1,515fdacdfaf581359c845f6c8fb171ffeec47e268b6adb95134bd5448b914952,tone_speak_ru_v1:06607_alloy,processed/75/752bf042ffdacf51d13ee0c13cdee300ecdf8f8c5f90c1ca060b681fab2630a1.wav,6712981548ab12acbc3738d8c6ece27c26914f253976ed45c653c6b5b731e094,"Сегодня утром, когда первые лучи солнца коснулись крыш домов, теплый весенний ветер мягко шептал в кронах деревьев, обещая долгие и светлые дни впереди."
tone-speak-ru-acoustic-language-preservation-v1,0ce00327f82f4f35d6ecd0f045aeef66ef7fcb078e8efef8266d0a71d3a814bf,tone_speak_ru_v1:06699_fable,processed/11/11367b3d8a07a3da9f45c1be51b00ab3276e81fa1017fc1c50e51158bd8829cd.wav,9a3961081ae32262feb7fe9257a18239d608a3d0c9b939bf2636065134bc332e,"Сегодня утром погода была удивительно приятной: нежный ветерок играл с листьями деревьев, а теплое солнце мягко освещало улицы старого города, создавая атмосферу уюта и спокойствия для всех прохожих."
tone-speak-ru-acoustic-language-preservation-v1,90413ee0970f8c442d340def38cbc88ca9522f9a5c2b1c746514013ee70761bd,tone_speak_ru_v1:06902_shimmer,processed/cf/cf31926b684f3478a3efcf8836ddff12ed9fb8fe0e40618e7ee8ce9c0c3e67da.wav,fdc9a220a99ac5aa9857fba6380b5d18436c0596f43f9e7fddab556b431fad54,"Сегодня вечером, когда солнце постепенно садилось за горизонт, в воздухе почувствовался лёгкий аромат весенних цветов, напоминая о том, как прекрасно природа обновляется каждый год и дарит нам новые впечатления."
tone-speak-ru-acoustic-language-preservation-v1,4252ef35e47be1f2dd1e80ac86cae46aef338039da62d17b5b7e5524f5856f69,tone_speak_ru_v1:06953_shimmer,processed/a0/a02c7af67ae778f69af8ccf844626a605fae572a1190381007b5a38c661a1b40.wav,b7cc0d85f269b13593a5a81dd27bce5008d5eadc389c4e2aac0fc60f8c61bda8,"Сегодня вечером на берегу озера будет особенно тихо и спокойно, а лёгкий ветерок нежно шепчет среди высоких сосен, создавая атмосферу полной умиротворённости и унося все заботы прочь."
